data,ML method,sensitive attrs,bias mitigation,other,accuracy,precision,recall,f1score,mean_pred,sex|unprivileged mean_pred,sex|privileged mean_pred,sex|unprivileged acc,sex|privileged acc,sex|[AOD] Average Odds Difference,sex|[EOD] Equal Opportunity Difference,sex|[SPD] Statistical Parity Difference,sex|[ERD] Error Rate Difference,sex|[A_AOD] Absolute Average Odds Difference,sex|[A_EOD] Absolute Equal Opportunity Difference,sex|[A_SPD] Absolute Statistical Parity Difference,sex|[DI] Disparate Impact,sex|[DI_FM] Disparate Impact the way it was implemented in FairMask,sex|[FR] Flip Rate,sex|[SF] Statistical Parity Subgroup Fairness for One Attribute,[SF] Statistical Parity Subgroup Fairness,[DF] Differential Fairness,[MEOD] M Equal Opportunity Difference,[MAOD] M Average Odds Difference,id,TP,FP,FN,TN,MCC
Adult Dataset,nn keras,['sex'],FYP VAE,"{'c': 'FYP', 'my model config': ""VAEMaskConfig(epochs=1500, latent_dim=30, mask_values=None vae_layers=(75, 60, 30, 30), lr=0.006, \nlosses_used=['Flipped ADV loss', 'Latent sens ADV loss', 'Reconstruction loss', 'KL divergence loss'])Flipped ADV loss: {'weight': 0.01, 'lr': 0.05, 'optimizer': 'Adam', 'layers': (75, 30, 10), 'input_dim': 25, 'sens_col_ids': [24]}, Latent sens ADV loss: {'weight': 0.1, 'lr': 0.05, 'optimizer': 'Adam', 'layers': (75, 30, 10), 'input_dim': 29}, Reconstruction loss: {'weight': 15}, KL divergence loss: {'weight': 0.05}, Sensitive KL loss: {'weight': 9000, 'sens_col_ids': [24]}, Pos Y vec loss: {'weight': 1200000}""}",0.8023257599017501,0.5840480578498572,0.46895275191936303,0.5177817471701379,0.18286766963463305,0.15853683974747118,0.19486267061278623,0.8504088568512682,0.7785313884772506,0.05898297761299433,0.08667054094322228,-0.03632583086531503,0.07187746837401757,0.06284839951809895,0.09153942193960943,0.038091170957744266,0.8320408487084066,0.27522432065575353,0.1112296591955787,0.008422434700292164,0.008422434700292164,0.21784733786057978,0.09153942193960943,0.06284839951809895,3.803451094381601e+18,0.11202793982192198,0.07083972981271107,0.12093789893831906,0.6865698172357514,0.42851770439036446
Adult Dataset,nn keras,['sex'],FYP VAE,"{'c': 'FYP', 'my model config': ""VAEMaskConfig(epochs=1500, latent_dim=30, mask_values=None vae_layers=(75, 60, 30, 30), lr=0.006, \nlosses_used=['Flipped ADV loss', 'Pos Y vec loss', 'Reconstruction loss', 'KL divergence loss'])Flipped ADV loss: {'weight': 0.01, 'lr': 0.05, 'optimizer': 'Adam', 'layers': (75, 30, 10), 'input_dim': 25, 'sens_col_ids': [24]}, Pos Y vec loss: {'weight': 1200000}, Reconstruction loss: {'weight': 15}, KL divergence loss: {'weight': 0.05}, Latent sens ADV loss: {'weight': 0.1, 'lr': 0.05, 'optimizer': 'Adam', 'layers': (75, 30, 10), 'input_dim': 29}, Sensitive KL loss: {'weight': 9000, 'sens_col_ids': [24]}""}",0.805104390543445,0.622067647425845,0.47706627903518084,0.5363782742895401,0.18406509057414794,0.16606960620646521,0.19293489959319957,0.8490017712147491,0.7834898715429333,0.07471637409080044,0.10816923411987481,-0.026865293386734296,0.06551189967181573,0.07530954242699289,0.11232043831464937,0.03032129150372593,0.8664353927069589,0.19597715034831692,0.12479275406816084,0.006701055490976668,0.006701055490976668,0.17381751956301267,0.11232043831464937,0.07530954242699289,3.803451094381601e+18,0.11401596561252685,0.0700491249616211,0.12484648449493399,0.691088424930918,0.424289614812149
Adult Dataset,nn keras,['sex'],FYP VAE,"{'c': 'FYP', 'my model config': ""VAEMaskConfig(epochs=1500, latent_dim=30, mask_values=None vae_layers=(75, 60, 30, 30), lr=0.006, \nlosses_used=['Flipped ADV loss', 'Reconstruction loss', 'KL divergence loss'])Flipped ADV loss: {'weight': 0.01, 'lr': 0.05, 'optimizer': 'Adam', 'layers': (75, 30, 10), 'input_dim': 25, 'sens_col_ids': [24]}, Reconstruction loss: {'weight': 15}, KL divergence loss: {'weight': 0.05}, Latent sens ADV loss: {'weight': 0.1, 'lr': 0.05, 'optimizer': 'Adam', 'layers': (75, 30, 10), 'input_dim': 29}, Sensitive KL loss: {'weight': 9000, 'sens_col_ids': [24]}, Pos Y vec loss: {'weight': 1200000}""}",0.8043368130181149,0.6059338922243991,0.4778533962050421,0.5295714265048008,0.18513969910961003,0.1598731945788954,0.19758511807345872,0.8489044819517618,0.7823109609552855,0.055264385454168605,0.07684392559467666,-0.03771192349456327,0.06659352099647632,0.0607247344255359,0.0948414384267489,0.039299193356873936,0.8162564996844981,0.27376158466019485,0.10671630334663798,0.008684132209419427,0.008684132209419427,0.22651866545053942,0.0948414384267489,0.06072473442553591,3.803451094381601e+18,0.11416948111759284,0.07097021799201718,0.12171811404233877,0.68839501507601,0.4302047546044246
Adult Dataset,nn keras,['sex'],FYP VAE,"{'c': 'FYP', 'my model config': ""VAEMaskConfig(epochs=1500, latent_dim=30, mask_values=None vae_layers=(75, 60, 30, 30), lr=0.006, \nlosses_used=['Flipped ADV loss', 'Sensitive KL loss', 'Reconstruction loss', 'KL divergence loss'])Flipped ADV loss: {'weight': 0.01, 'lr': 0.05, 'optimizer': 'Adam', 'layers': (75, 30, 10), 'input_dim': 25, 'sens_col_ids': [24]}, Sensitive KL loss: {'weight': 9000, 'sens_col_ids': [24]}, Reconstruction loss: {'weight': 15}, KL divergence loss: {'weight': 0.05}, Latent sens ADV loss: {'weight': 0.1, 'lr': 0.05, 'optimizer': 'Adam', 'layers': (75, 30, 10), 'input_dim': 29}, Pos Y vec loss: {'weight': 1200000}""}",0.8005142769419711,0.6050228247643631,0.48273059439822824,0.5327017290850626,0.19138778016579672,0.17344989658665805,0.20021104560858874,0.8379408750650441,0.7821415201406047,0.06272957159600731,0.08006209542053393,-0.02676114902193068,0.05579935492443934,0.06712089154767882,0.09823350895163482,0.03308095374650794,0.8755486671304474,0.2030561592858519,0.1255066011667178,0.007301297816403328,0.007301297816403328,0.1789624519759533,0.09823350895163482,0.06712089154767882,3.803451094381601e+18,0.11538225360761434,0.07600552655818235,0.12348019649984647,0.6851320233343567,0.41537031799166674
Adult Dataset,nn keras,['sex'],FYP VAE,"{'c': 'FYP', 'my model config': ""VAEMaskConfig(epochs=1500, latent_dim=30, mask_values=None vae_layers=(75, 60, 30, 30), lr=0.006, \nlosses_used=['Latent sens ADV loss', 'Pos Y vec loss', 'Reconstruction loss', 'KL divergence loss'])Latent sens ADV loss: {'weight': 0.1, 'lr': 0.05, 'optimizer': 'Adam', 'layers': (75, 30, 10), 'input_dim': 29}, Pos Y vec loss: {'weight': 1200000}, Reconstruction loss: {'weight': 15}, KL divergence loss: {'weight': 0.05}, Flipped ADV loss: {'weight': 0.01, 'lr': 0.05, 'optimizer': 'Adam', 'layers': (75, 30, 10), 'input_dim': 25, 'sens_col_ids': [24]}, Sensitive KL loss: {'weight': 9000, 'sens_col_ids': [24]}""}",0.8006294135707707,0.6096106998557759,0.47437418892646643,0.5302408882054432,0.1872351857537611,0.1803346164318163,0.19056300017657288,0.8396231261780527,0.7815138317042502,0.09708339597604192,0.13933877118676416,-0.010228383744756563,0.05810929447380234,0.09798810681562488,0.14727066779599754,0.030746367781835187,0.9473619869238504,0.18379523595006642,0.14696806877494623,0.006797689659993042,0.006797689659993042,0.16809140996008906,0.14727066779599754,0.09798810681562488,3.803451094381601e+18,0.11336352471599628,0.0738716610377648,0.1254989253914645,0.6872658888547745,0.4137989567102235
Adult Dataset,nn keras,['sex'],FYP VAE,"{'c': 'FYP', 'my model config': ""VAEMaskConfig(epochs=1500, latent_dim=30, mask_values=None vae_layers=(75, 60, 30, 30), lr=0.006, \nlosses_used=['Latent sens ADV loss', 'Reconstruction loss', 'KL divergence loss'])Latent sens ADV loss: {'weight': 0.1, 'lr': 0.05, 'optimizer': 'Adam', 'layers': (75, 30, 10), 'input_dim': 29}, Reconstruction loss: {'weight': 15}, KL divergence loss: {'weight': 0.05}, Flipped ADV loss: {'weight': 0.01, 'lr': 0.05, 'optimizer': 'Adam', 'layers': (75, 30, 10), 'input_dim': 25, 'sens_col_ids': [24]}, Sensitive KL loss: {'weight': 9000, 'sens_col_ids': [24]}, Pos Y vec loss: {'weight': 1200000}""}",0.7966149831132945,0.5305733556318554,0.428737588407618,0.47254129778023674,0.16966533619895607,0.15267290356565044,0.1780154413190157,0.847340047680213,0.7716084886509232,0.06172718758793137,0.08672824595204491,-0.025342537753365247,0.07573155902928967,0.06598933617691956,0.09612821056063246,0.035943431676503726,0.8871630649167399,0.26001149341502916,0.10396070003070308,0.00795441979953143,0.00795441979953143,0.20606716273269526,0.09612821056063246,0.06598933617691954,3.803451094381601e+18,0.10257138470985568,0.06709395148910038,0.12197026185359007,0.6841264967761744,0.4204567116102265
Adult Dataset,nn keras,['sex'],FYP VAE,"{'c': 'FYP', 'my model config': ""VAEMaskConfig(epochs=1500, latent_dim=30, mask_values=None vae_layers=(75, 60, 30, 30), lr=0.006, \nlosses_used=['Pos Y vec loss', 'Reconstruction loss', 'KL divergence loss'])Pos Y vec loss: {'weight': 1200000}, Reconstruction loss: {'weight': 15}, KL divergence loss: {'weight': 0.05}, Latent sens ADV loss: {'weight': 0.1, 'lr': 0.05, 'optimizer': 'Adam', 'layers': (75, 30, 10), 'input_dim': 29}, Flipped ADV loss: {'weight': 0.01, 'lr': 0.05, 'optimizer': 'Adam', 'layers': (75, 30, 10), 'input_dim': 25, 'sens_col_ids': [24]}, Sensitive KL loss: {'weight': 9000, 'sens_col_ids': [24]}""}",0.8044749769726742,0.6256454362255197,0.4693295097536829,0.5309616809659488,0.18082591341725512,0.1589554748148298,0.1915879095367919,0.8505022782204336,0.7818068962464924,0.06243287399216977,0.08866956503516851,-0.032632434721962075,0.06869538197394105,0.06397617919522766,0.09771513057512012,0.033106726298807204,0.8304356527737488,0.23159640684766708,0.12170709241633401,0.0073178041504144255,0.0073178041504144255,0.19838619605354976,0.09771513057512012,0.06397617919522765,3.803451094381601e+18,0.11208167024869511,0.06874424316856001,0.12678077985876574,0.6923933067239791,0.421356465722452
Adult Dataset,nn keras,['sex'],FYP VAE,"{'c': 'FYP', 'my model config': ""VAEMaskConfig(epochs=1500, latent_dim=30, mask_values=None vae_layers=(75, 60, 30, 30), lr=0.006, \nlosses_used=['Reconstruction loss', 'KL divergence loss'])Reconstruction loss: {'weight': 15}, KL divergence loss: {'weight': 0.05}, Latent sens ADV loss: {'weight': 0.1, 'lr': 0.05, 'optimizer': 'Adam', 'layers': (75, 30, 10), 'input_dim': 29}, Flipped ADV loss: {'weight': 0.01, 'lr': 0.05, 'optimizer': 'Adam', 'layers': (75, 30, 10), 'input_dim': 25, 'sens_col_ids': [24]}, Sensitive KL loss: {'weight': 9000, 'sens_col_ids': [24]}, Pos Y vec loss: {'weight': 1200000}""}",0.8045670862757138,0.6212823908755526,0.4785054366581784,0.5371666849182795,0.18513969910961003,0.16117537894667164,0.1969271022543271,0.8485669581854612,0.7829125622624179,0.05644845596576762,0.07730997303600105,-0.03575172330765543,0.0656543959230432,0.05990213163975942,0.09303203852373416,0.04023971681299549,0.8176562956772828,0.2832131591914909,0.11449953945348476,0.00889134514744413,0.00889134514744413,0.23821696662395814,0.09303203852373416,0.05990213163975942,3.803451094381601e+18,0.11428461774639236,0.07085508136321768,0.12457783236106845,0.6902824685293215,0.42423729876272614
Adult Dataset,nn keras,['sex'],FYP VAE,"{'c': 'FYP', 'my model config': ""VAEMaskConfig(epochs=1500, latent_dim=30, mask_values=None vae_layers=(75, 60, 30, 30), lr=0.006, \nlosses_used=['Sensitive KL loss', 'Latent sens ADV loss', 'Reconstruction loss', 'KL divergence loss'])Sensitive KL loss: {'weight': 9000, 'sens_col_ids': [24]}, Latent sens ADV loss: {'weight': 0.1, 'lr': 0.05, 'optimizer': 'Adam', 'layers': (75, 30, 10), 'input_dim': 29}, Reconstruction loss: {'weight': 15}, KL divergence loss: {'weight': 0.05}, Flipped ADV loss: {'weight': 0.01, 'lr': 0.05, 'optimizer': 'Adam', 'layers': (75, 30, 10), 'input_dim': 25, 'sens_col_ids': [24]}, Pos Y vec loss: {'weight': 1200000}""}",0.7983880871968069,0.6013819305641854,0.4754020409996735,0.5271063837510085,0.1898603008903899,0.1805565829179771,0.19445531491362375,0.8337715864382345,0.7810213941505216,0.08082280699791489,0.10653846790500521,-0.013898731995646623,0.05275019228771283,0.08535339326219701,0.13335538745288864,0.021057741836641185,0.9276649583724874,0.12893214887960291,0.14043598403438745,0.004662070754009481,0.004662070754009481,0.11912282345045384,0.13335538745288864,0.08535339326219701,3.803451094381601e+18,0.1135554190973288,0.07630488179306108,0.12530703101013202,0.6848326680994781,0.40870504304311234
Adult Dataset,nn keras,['sex'],FYP VAE,"{'c': 'FYP', 'my model config': ""VAEMaskConfig(epochs=1500, latent_dim=30, mask_values=None vae_layers=(75, 60, 30, 30), lr=0.006, \nlosses_used=['Sensitive KL loss', 'Pos Y vec loss', 'Reconstruction loss', 'KL divergence loss'])Sensitive KL loss: {'weight': 9000, 'sens_col_ids': [24]}, Pos Y vec loss: {'weight': 1200000}, Reconstruction loss: {'weight': 15}, KL divergence loss: {'weight': 0.05}, Latent sens ADV loss: {'weight': 0.1, 'lr': 0.05, 'optimizer': 'Adam', 'layers': (75, 30, 10), 'input_dim': 29}, Flipped ADV loss: {'weight': 0.01, 'lr': 0.05, 'optimizer': 'Adam', 'layers': (75, 30, 10), 'input_dim': 25, 'sens_col_ids': [24]}""}",0.8069772797052502,0.6295270092396227,0.4747932612318719,0.5369021589329208,0.18091802272029472,0.15896072744651113,0.19178531602844834,0.8575817424503553,0.7821026529260301,0.07616853296631144,0.12002502640461613,-0.032824588581937195,0.07547908952432517,0.07668512446900033,0.12435065790009994,0.034397396713049457,0.8366124736556086,0.23478394100031733,0.13250690819772792,0.00761202413374972,0.00761202413374972,0.20374848489254616,0.12435065790009994,0.07668512446900035,3.803451094381601e+18,0.11337887626650289,0.06753914645379182,0.12548357384095793,0.6935984034387473,0.42799293526996635
Adult Dataset,nn keras,['sex'],FYP VAE,"{'c': 'FYP', 'my model config': ""VAEMaskConfig(epochs=1500, latent_dim=30, mask_values=None vae_layers=(75, 60, 30, 30), lr=0.006, \nlosses_used=['Sensitive KL loss', 'Reconstruction loss', 'KL divergence loss'])Sensitive KL loss: {'weight': 9000, 'sens_col_ids': [24]}, Reconstruction loss: {'weight': 15}, KL divergence loss: {'weight': 0.05}, Latent sens ADV loss: {'weight': 0.1, 'lr': 0.05, 'optimizer': 'Adam', 'layers': (75, 30, 10), 'input_dim': 29}, Flipped ADV loss: {'weight': 0.01, 'lr': 0.05, 'optimizer': 'Adam', 'layers': (75, 30, 10), 'input_dim': 25, 'sens_col_ids': [24]}, Pos Y vec loss: {'weight': 1200000}""}",0.8026327909118821,0.6156474796405391,0.4717142733055863,0.5306846273728529,0.18369665336198954,0.16805625887121867,0.19140319467631847,0.8463957406083139,0.7810953422851543,0.07814577959183525,0.11303463434628722,-0.023346935805099778,0.06530039832315955,0.07814577959183525,0.11973177815167753,0.027459442989104948,0.8822656460680232,0.17629179623546992,0.12287381025483571,0.006074571299585778,0.006074571299585778,0.15692369854145133,0.11973177815167753,0.07814577959183525,3.803451094381601e+18,0.11259594719066623,0.07110070617132329,0.1262665029167946,0.6900368437212159,0.4169493578681238
Adult Dataset,nn keras,['sex'],FairBalance Bias Mitigation,{},0.8088655204175621,0.5779362737531355,0.7460865370708579,0.6508778138939707,0.3087196806877494,0.15969557789852265,0.38218508733431833,0.8779669579854517,0.7747817249048118,-0.1020179521994106,-0.08338128751819665,-0.22248950943579565,0.10318523308063987,0.1020179521994106,0.08374636255230307,0.22248950943579565,0.4185494430672268,1.4091183603666884,0.17491556647221365,0.049191696324177955,0.049191696324177955,0.8750891444662565,0.08374636255230307,0.1020179521994106,3.803451094381601e+18,0.17822382560638622,0.13049585508136322,0.0606386245010746,0.6306416948111759,0.5307070946880956
Adult Dataset,nn keras,['sex'],FairMask Bias Mitigation,{},0.8522797052502302,0.7389350816490012,0.5953410545625714,0.656894880866172,0.19324531777709547,0.0691290557902594,0.2543901939882876,0.9265689901307501,0.8156793158516379,-0.10601141024563317,-0.13451779517067106,-0.1852611381980282,0.11088967427911223,0.10601141024563317,0.13451779517067106,0.1852611381980282,0.27080817281247216,2.766189069192596,0.0,0.040951170662955984,0.040951170662955984,1.31596971634341,0.13451779517067106,0.10601141024563317,3.803451094381601e+18,0.1421937365673933,0.05105158120970217,0.09666871354006754,0.710085968682837,0.5713673854208635
Adult Dataset,nn keras,['sex'],LFR,{'c': 'LFR'},0.8440128953024255,0.7058709443129496,0.5981908259675778,0.646309032947794,0.20280165796745467,0.08237328624896856,0.26214713764093095,0.9194847693961714,0.8068444597288373,-0.09101236685194801,-0.10404107542778099,-0.17977385139196234,0.11264030966733404,0.09101236685194801,0.10621003326548999,0.17977385139196234,0.3149249574733756,2.2442203793384943,0.07475437519189435,0.039742213671901366,0.039742213671901366,1.166005963158558,0.10621003326548999,0.09101236685194801,3.803451094381601e+18,0.14283850168867052,0.059963156278784145,0.09602394841879028,0.7011743936137551,0.5512046087970663
Adult Dataset,nn keras,['sex'],No Bias Mitigation,{},0.8525637089346023,0.7447629206490161,0.5905383810447086,0.6553713129549413,0.19059717531470674,0.0680730970306221,0.25098149742455717,0.9266162470351358,0.8160856603159111,-0.10516354384870012,-0.13500906735738444,-0.18290840039393502,0.11053058671922456,0.10516354384870012,0.13500906735738444,0.18290840039393502,0.2712376003577938,2.770248609975168,0.019880257906048467,0.04043674996222204,0.04043674996222204,1.3158899663789816,0.13500906735738444,0.10516354384870012,3.803451094381601e+18,0.14101166717838498,0.04958550813632176,0.09785078292907581,0.7115520417562174,0.5718676064250855
Adult Dataset,nn keras,['sex'],Reweighing Bias Mitigation,{},0.8328446423088731,0.6726038364953071,0.5853887412460398,0.6256607583836827,0.207967454712926,0.12268572941392368,0.2499784851628351,0.9017223397060647,0.7989224105732972,-0.004774002495750993,0.03288063452146962,-0.12729275574891138,0.1027999291327675,0.02244537240813512,0.04775516739409111,0.12729275574891138,0.49216154136717416,1.0552426347202999,0.16723979121891308,0.028137030664168273,0.028137030664168273,0.7146430275568703,0.04775516739409111,0.022445372408135114,3.803451094381601e+18,0.13983727356463,0.06813018114829597,0.0990251765428308,0.6930073687442432,0.521012332262731
Compas Dataset,nn keras,['sex'],FYP VAE,"{'c': 'FYP', 'my model config': ""VAEMaskConfig(epochs=1800, latent_dim=17, mask_values=None vae_layers=(100, 75, 50), lr=0.006, \nlosses_used=['Flipped ADV loss', 'Latent sens ADV loss', 'Reconstruction loss', 'KL divergence loss'])Flipped ADV loss: {'weight': 0.01, 'lr': 0.05, 'optimizer': 'Adam', 'layers': (75, 30, 10), 'input_dim': 10, 'sens_col_ids': [7]}, Latent sens ADV loss: {'weight': 0.1, 'lr': 0.05, 'optimizer': 'Adam', 'layers': (75, 30, 10), 'input_dim': 16}, Reconstruction loss: {'weight': 15}, KL divergence loss: {'weight': 0.05}, Sensitive KL loss: {'weight': 9000, 'sens_col_ids': [7]}, Pos Y vec loss: {'weight': 1200000}""}",0.6776773296244785,0.6903322767688773,0.7569726001088114,0.7200083023181924,0.6051112656467316,0.6542285664867745,0.5932527234519542,0.6875770415129223,0.6754469708873747,0.025879316676944403,0.011644117256502478,0.060975843034820267,0.01213007062554754,0.04258667263237542,0.0441017294280935,0.06648731419118689,1.1042248492765043,0.0997496123749419,0.07517385257301804,0.010363837891059442,0.010363837891059442,0.18922298594430204,0.0441017294280935,0.042586672632375436,4.5462229956650163e+18,0.41651599443671766,0.1885952712100139,0.13372739916550763,0.26116133518776075,0.34655780971639755
Compas Dataset,nn keras,['sex'],FYP VAE,"{'c': 'FYP', 'my model config': ""VAEMaskConfig(epochs=1800, latent_dim=17, mask_values=None vae_layers=(100, 75, 50), lr=0.006, \nlosses_used=['Flipped ADV loss', 'Pos Y vec loss', 'Reconstruction loss', 'KL divergence loss'])Flipped ADV loss: {'weight': 0.01, 'lr': 0.05, 'optimizer': 'Adam', 'layers': (75, 30, 10), 'input_dim': 10, 'sens_col_ids': [7]}, Pos Y vec loss: {'weight': 1200000}, Reconstruction loss: {'weight': 15}, KL divergence loss: {'weight': 0.05}, Latent sens ADV loss: {'weight': 0.1, 'lr': 0.05, 'optimizer': 'Adam', 'layers': (75, 30, 10), 'input_dim': 16}, Sensitive KL loss: {'weight': 9000, 'sens_col_ids': [7]}""}",0.6779554937413074,0.6904436048023492,0.7568408950547134,0.7203879860376089,0.6046940194714882,0.6661237619270272,0.5899312694081981,0.6885316617777464,0.675600554406945,0.042105355827883856,0.02475767876042958,0.07619249251882905,0.012931107370801356,0.051055295766942746,0.04882917173912157,0.07666800090491104,1.1307668410181049,0.11261408179703787,0.05691933240611957,0.011960041473147835,0.011960041473147835,0.2218106954997528,0.04882917173912157,0.05105529576694272,4.5462229956650163e+18,0.41644645340751046,0.18824756606397774,0.1337969401947149,0.26150904033379696,0.3465417500847998
Compas Dataset,nn keras,['sex'],FYP VAE,"{'c': 'FYP', 'my model config': ""VAEMaskConfig(epochs=1800, latent_dim=17, mask_values=None vae_layers=(100, 75, 50), lr=0.006, \nlosses_used=['Flipped ADV loss', 'Reconstruction loss', 'KL divergence loss'])Flipped ADV loss: {'weight': 0.01, 'lr': 0.05, 'optimizer': 'Adam', 'layers': (75, 30, 10), 'input_dim': 10, 'sens_col_ids': [7]}, Reconstruction loss: {'weight': 15}, KL divergence loss: {'weight': 0.05}, Latent sens ADV loss: {'weight': 0.1, 'lr': 0.05, 'optimizer': 'Adam', 'layers': (75, 30, 10), 'input_dim': 16}, Sensitive KL loss: {'weight': 9000, 'sens_col_ids': [7]}, Pos Y vec loss: {'weight': 1200000}""}",0.6772253129346314,0.6910224978618275,0.7536073457674985,0.7188900669063719,0.6018776077885952,0.6557085566336499,0.5890100650405883,0.6887984066073278,0.6746221104314343,0.031383760023416016,0.018462036585919873,0.06669849159306165,0.01417629617589341,0.03938347288639654,0.04115243796514124,0.06698261132923618,1.114495195504246,0.10058351185265288,0.06616828929068146,0.010416598157307777,0.010416598157307777,0.18941458708618336,0.04115243796514124,0.03938347288639654,4.5462229956650163e+18,0.414673157162726,0.18720445062586927,0.1355702364394993,0.2625521557719054,0.345671324803853
Compas Dataset,nn keras,['sex'],FYP VAE,"{'c': 'FYP', 'my model config': ""VAEMaskConfig(epochs=1800, latent_dim=17, mask_values=None vae_layers=(100, 75, 50), lr=0.006, \nlosses_used=['Flipped ADV loss', 'Sensitive KL loss', 'Reconstruction loss', 'KL divergence loss'])Flipped ADV loss: {'weight': 0.01, 'lr': 0.05, 'optimizer': 'Adam', 'layers': (75, 30, 10), 'input_dim': 10, 'sens_col_ids': [7]}, Sensitive KL loss: {'weight': 9000, 'sens_col_ids': [7]}, Reconstruction loss: {'weight': 15}, KL divergence loss: {'weight': 0.05}, Latent sens ADV loss: {'weight': 0.1, 'lr': 0.05, 'optimizer': 'Adam', 'layers': (75, 30, 10), 'input_dim': 16}, Pos Y vec loss: {'weight': 1200000}""}",0.6754172461752435,0.6899428016038723,0.750390820653393,0.7168752261317707,0.6001390820584145,0.633624565496373,0.5921233458227088,0.6808646712323003,0.6742384041433618,0.006728553088987113,-0.007474898229448683,0.041501219673664276,0.006626267088938535,0.03160523664306793,0.04311151867735831,0.04954263483730309,1.071534529295739,0.07737269693652829,0.08904728789986087,0.00768249442414415,0.00768249442414415,0.13548042699688523,0.04311151867735831,0.03160523664306793,4.5462229956650163e+18,0.41289986091794156,0.1872392211404729,0.13734353268428373,0.26251738525730184,0.34202228861718525
Compas Dataset,nn keras,['sex'],FYP VAE,"{'c': 'FYP', 'my model config': ""VAEMaskConfig(epochs=1800, latent_dim=17, mask_values=None vae_layers=(100, 75, 50), lr=0.006, \nlosses_used=['Latent sens ADV loss', 'Pos Y vec loss', 'Reconstruction loss', 'KL divergence loss'])Latent sens ADV loss: {'weight': 0.1, 'lr': 0.05, 'optimizer': 'Adam', 'layers': (75, 30, 10), 'input_dim': 16}, Pos Y vec loss: {'weight': 1200000}, Reconstruction loss: {'weight': 15}, KL divergence loss: {'weight': 0.05}, Flipped ADV loss: {'weight': 0.01, 'lr': 0.05, 'optimizer': 'Adam', 'layers': (75, 30, 10), 'input_dim': 10, 'sens_col_ids': [7]}, Sensitive KL loss: {'weight': 9000, 'sens_col_ids': [7]}""}",0.6768428372739916,0.6914237511907013,0.7511060576837143,0.7180191898319326,0.5994784422809458,0.6533461809890653,0.5864827330470976,0.6861389976032328,0.6747210199893418,0.032331604713046955,0.01699410776056632,0.06686344794196754,0.01141797761389106,0.047348025878380565,0.04932965648743802,0.0700976505909465,1.1157918101484194,0.10498370946608855,0.06846314325452012,0.01093757556179284,0.01093757556179284,0.19724604910678395,0.04932965648743802,0.04734802587838057,4.5462229956650163e+18,0.4132823365785813,0.1861961057023644,0.13696105702364397,0.2635605006954103,0.3449138540576037
Compas Dataset,nn keras,['sex'],FYP VAE,"{'c': 'FYP', 'my model config': ""VAEMaskConfig(epochs=1800, latent_dim=17, mask_values=None vae_layers=(100, 75, 50), lr=0.006, \nlosses_used=['Latent sens ADV loss', 'Reconstruction loss', 'KL divergence loss'])Latent sens ADV loss: {'weight': 0.1, 'lr': 0.05, 'optimizer': 'Adam', 'layers': (75, 30, 10), 'input_dim': 16}, Reconstruction loss: {'weight': 15}, KL divergence loss: {'weight': 0.05}, Flipped ADV loss: {'weight': 0.01, 'lr': 0.05, 'optimizer': 'Adam', 'layers': (75, 30, 10), 'input_dim': 10, 'sens_col_ids': [7]}, Sensitive KL loss: {'weight': 9000, 'sens_col_ids': [7]}, Pos Y vec loss: {'weight': 1200000}""}",0.676808066759388,0.6902858441648393,0.7542739895121129,0.7188778141732357,0.6029207232267038,0.6529600068056707,0.5909118987020076,0.6871943701653337,0.6744659702390166,0.026874764783874905,0.013483820454834483,0.06204810810366301,0.012728399926317208,0.03826196078617183,0.0423527962113439,0.06262000921378987,1.1068870327028375,0.09386939111997593,0.06985396383866475,0.00975900503132728,0.00975900503132728,0.1783656459140764,0.0423527962113439,0.03826196078617182,4.5462229956650163e+18,0.4149860917941585,0.1879346314325452,0.13525730180806678,0.2618219749652295,0.34469879511566975
Compas Dataset,nn keras,['sex'],FYP VAE,"{'c': 'FYP', 'my model config': ""VAEMaskConfig(epochs=1800, latent_dim=17, mask_values=None vae_layers=(100, 75, 50), lr=0.006, \nlosses_used=['Pos Y vec loss', 'Reconstruction loss', 'KL divergence loss'])Pos Y vec loss: {'weight': 1200000}, Reconstruction loss: {'weight': 15}, KL divergence loss: {'weight': 0.05}, Latent sens ADV loss: {'weight': 0.1, 'lr': 0.05, 'optimizer': 'Adam', 'layers': (75, 30, 10), 'input_dim': 16}, Flipped ADV loss: {'weight': 0.01, 'lr': 0.05, 'optimizer': 'Adam', 'layers': (75, 30, 10), 'input_dim': 10, 'sens_col_ids': [7]}, Sensitive KL loss: {'weight': 9000, 'sens_col_ids': [7]}""}",0.677086230876217,0.6891593618738419,0.7587142992185879,0.7201206036524749,0.6075799721835884,0.6720531478332672,0.5921301979563414,0.6914622110791357,0.6738075274143419,0.04523786554448857,0.031340536459886936,0.07992294987692565,0.017654683664793815,0.051838837306383424,0.047831056771985375,0.0814969322073995,1.1365955139440316,0.11922148477443513,0.055702364394993,0.01268848133611623,0.01268848133611623,0.2408739162263907,0.047831056771985375,0.051838837306383403,4.5462229956650163e+18,0.4174547983310153,0.19012517385257302,0.13278859527121,0.2596314325452017,0.34544737503905565
Compas Dataset,nn keras,['sex'],FYP VAE,"{'c': 'FYP', 'my model config': ""VAEMaskConfig(epochs=1800, latent_dim=17, mask_values=None vae_layers=(100, 75, 50), lr=0.006, \nlosses_used=['Reconstruction loss', 'KL divergence loss'])Reconstruction loss: {'weight': 15}, KL divergence loss: {'weight': 0.05}, Latent sens ADV loss: {'weight': 0.1, 'lr': 0.05, 'optimizer': 'Adam', 'layers': (75, 30, 10), 'input_dim': 16}, Flipped ADV loss: {'weight': 0.01, 'lr': 0.05, 'optimizer': 'Adam', 'layers': (75, 30, 10), 'input_dim': 10, 'sens_col_ids': [7]}, Sensitive KL loss: {'weight': 9000, 'sens_col_ids': [7]}, Pos Y vec loss: {'weight': 1200000}""}",0.6759388038942976,0.6915133517208772,0.74862878985872,0.7165491019038569,0.5975312934631433,0.6543154022815569,0.5839293123661518,0.6869724551250262,0.6733960584899154,0.035325500575847935,0.02194849391083002,0.07038608991540511,0.013576396635110816,0.045165811664270694,0.04740308229195846,0.07187010963649292,1.1208177633893173,0.10670154588478298,0.06380389429763555,0.011185369882834442,0.011185369882834442,0.2077879854835035,0.04740308229195846,0.04516581166427069,4.5462229956650163e+18,0.4118567454798331,0.18567454798331015,0.1383866481223922,0.2640820584144645,0.34401618812048396
Compas Dataset,nn keras,['sex'],FYP VAE,"{'c': 'FYP', 'my model config': ""VAEMaskConfig(epochs=1800, latent_dim=17, mask_values=None vae_layers=(100, 75, 50), lr=0.006, \nlosses_used=['Sensitive KL loss', 'Latent sens ADV loss', 'Reconstruction loss', 'KL divergence loss'])Sensitive KL loss: {'weight': 9000, 'sens_col_ids': [7]}, Latent sens ADV loss: {'weight': 0.1, 'lr': 0.05, 'optimizer': 'Adam', 'layers': (75, 30, 10), 'input_dim': 16}, Reconstruction loss: {'weight': 15}, KL divergence loss: {'weight': 0.05}, Flipped ADV loss: {'weight': 0.01, 'lr': 0.05, 'optimizer': 'Adam', 'layers': (75, 30, 10), 'input_dim': 10, 'sens_col_ids': [7]}, Pos Y vec loss: {'weight': 1200000}""}",0.6763908205841447,0.6913742685270883,0.749930498604434,0.717281111027104,0.5986091794158553,0.6408376705137121,0.5884250082710067,0.6863810548613672,0.6741311545661877,0.016475686675528973,0.00564843172126841,0.05241266224270522,0.012249900295179545,0.04001777976138825,0.04156798519872639,0.06094071789852675,1.0889618854557597,0.0935304704857695,0.08139777468706533,0.009482726936848193,0.009482726936848193,0.17056936288445024,0.04156798519872639,0.04001777976138824,4.5462229956650163e+18,0.41262169680111266,0.18598748261474268,0.13762169680111264,0.26376912378303197,0.34432116464084056
Compas Dataset,nn keras,['sex'],FYP VAE,"{'c': 'FYP', 'my model config': ""VAEMaskConfig(epochs=1800, latent_dim=17, mask_values=None vae_layers=(100, 75, 50), lr=0.006, \nlosses_used=['Sensitive KL loss', 'Pos Y vec loss', 'Reconstruction loss', 'KL divergence loss'])Sensitive KL loss: {'weight': 9000, 'sens_col_ids': [7]}, Pos Y vec loss: {'weight': 1200000}, Reconstruction loss: {'weight': 15}, KL divergence loss: {'weight': 0.05}, Latent sens ADV loss: {'weight': 0.1, 'lr': 0.05, 'optimizer': 'Adam', 'layers': (75, 30, 10), 'input_dim': 16}, Flipped ADV loss: {'weight': 0.01, 'lr': 0.05, 'optimizer': 'Adam', 'layers': (75, 30, 10), 'input_dim': 10, 'sens_col_ids': [7]}""}",0.6746522948539638,0.6890982664452674,0.7504733333839864,0.7163855317650747,0.600904033379694,0.6430372193615875,0.5907575760847797,0.6841378003458148,0.6725047542701109,0.017316089173496172,0.005513809470134958,0.05227964327680773,0.011633046075703968,0.03972808462128356,0.03891200567048249,0.05670313221769798,1.0888850012045819,0.08480591983259027,0.07673852573018076,0.00883466064171182,0.00883466064171182,0.1641846039772087,0.03891200567048249,0.03972808462128357,4.5462229956650163e+18,0.41289986091794156,0.18800417246175244,0.13734353268428373,0.26175243393602227,0.34071604486160956
Compas Dataset,nn keras,['sex'],FYP VAE,"{'c': 'FYP', 'my model config': ""VAEMaskConfig(epochs=1800, latent_dim=17, mask_values=None vae_layers=(100, 75, 50), lr=0.006, \nlosses_used=['Sensitive KL loss', 'Reconstruction loss', 'KL divergence loss'])Sensitive KL loss: {'weight': 9000, 'sens_col_ids': [7]}, Reconstruction loss: {'weight': 15}, KL divergence loss: {'weight': 0.05}, Latent sens ADV loss: {'weight': 0.1, 'lr': 0.05, 'optimizer': 'Adam', 'layers': (75, 30, 10), 'input_dim': 16}, Flipped ADV loss: {'weight': 0.01, 'lr': 0.05, 'optimizer': 'Adam', 'layers': (75, 30, 10), 'input_dim': 10, 'sens_col_ids': [7]}, Pos Y vec loss: {'weight': 1200000}""}",0.6770166898470097,0.6909023332894838,0.7531791687830369,0.718532617469149,0.6015299026425591,0.639680110845393,0.5923180678955411,0.6879927547931711,0.6745467532393083,0.01095399467367402,0.0024258049410683822,0.04736204294985184,0.01344600155386275,0.0372714679526044,0.044565646497852,0.05609410022589621,1.0809066567496877,0.08530128602025146,0.08230180806675934,0.008724594311756552,0.008724594311756552,0.15851355679882093,0.044565646497852,0.0372714679526044,4.5462229956650163e+18,0.41439499304589705,0.18713490959666204,0.13584840055632824,0.2626216968011127,0.34552299886355725
Compas Dataset,nn keras,['sex'],FairBalance Bias Mitigation,{},0.6318150208623088,0.6592412020572889,0.6851857624961857,0.6712590646389749,0.5721140472878998,0.631703385537175,0.5577337630979751,0.6426503018744651,0.6292768849475345,0.04833932682146365,0.03746164273589715,0.07396962243919994,0.01337341692693059,0.06655412192904632,0.06477649637109567,0.07792645530250783,1.1342165430288964,0.1183864389110876,0.3100139082058414,0.012170405504477096,0.012170405504477096,0.2025633385726752,0.06477649637109567,0.06655412192904633,4.5462229956650163e+18,0.37708623087621695,0.1950278164116829,0.17315716272600834,0.2547287899860918,0.2536207978661009
Compas Dataset,nn keras,['sex'],FairMask Bias Mitigation,{},0.6825799721835883,0.6973544025500907,0.7534642312013466,0.7222758312696215,0.5961752433936022,0.7059751696569603,0.5699967684944509,0.6978955328748062,0.6790419446180808,0.10283688528052197,0.07857840915953127,0.13597840116250923,0.018853588256725378,0.10283688528052197,0.07857840915953127,0.13597840116250923,1.2402273009038838,0.1912591848669672,0.0,0.021114842318859618,0.021114842318859618,0.410658393776583,0.07857840915953127,0.10283688528052197,4.5462229956650163e+18,0.41449930458970796,0.1816759388038943,0.1357440890125174,0.2680806675938804,0.3570874514439323
Compas Dataset,nn keras,['sex'],LFR,{'c': 'LFR'},0.6672809457579972,0.6763725449898343,0.760347280422881,0.7150529819596221,0.6189151599443672,0.6716329313174526,0.6063601573755932,0.6772473716508334,0.6649006586839505,0.034726596836061094,0.015665071503162643,0.06527277394185933,0.01234671296688286,0.04473658914275596,0.05285311324995633,0.06876409597621878,1.1098963140199587,0.09940908548121187,0.16415159944367172,0.010655639400264205,0.010655639400264205,0.19834140179313633,0.05285311324995633,0.04473658914275595,4.5462229956650163e+18,0.41821974965229486,0.20069541029207233,0.13202364394993046,0.24906119610570238,0.3229031200039625
Compas Dataset,nn keras,['sex'],No Bias Mitigation,{},0.6818497913769124,0.6940177740250295,0.7601952479431989,0.7235188445303671,0.6042072322670375,0.7561034429669821,0.5680580674193246,0.7067152307722349,0.6760557089707742,0.1563393408201623,0.12962858532645272,0.18804537554765738,0.03065952180146077,0.1563393408201623,0.12962858532645272,0.18804537554765738,1.3356231875479394,0.24842295913720774,0.05271210013908202,0.029166368449457476,0.029166368449457476,0.5969823383559295,0.12962858532645272,0.1563393408201623,4.5462229956650163e+18,0.4181502086230876,0.18605702364394994,0.1320931849791377,0.26369958275382477,0.3552479630950335
Compas Dataset,nn keras,['sex'],Reweighing Bias Mitigation,{},0.6367176634214187,0.6512845187879213,0.7325948727521306,0.689026142492429,0.6189499304589707,0.6693690329118404,0.6068159293836879,0.6474732049970667,0.634126150236542,0.03922408630789246,0.01951999957573679,0.06255310352815244,0.013347054760524776,0.053356717940327494,0.04736699228652484,0.06543928113724141,1.1054359788339096,0.09571574225607693,0.2951321279554937,0.01021991987790177,0.01021991987790177,0.1843573211364059,0.04736699228652484,0.05335671794032747,4.5462229956650163e+18,0.40295549374130735,0.21599443671766344,0.14728789986091792,0.23376216968011126,0.2588449175742788
Default Dataset,nn keras,['sex'],FYP VAE,"{'c': 'FYP', 'my model config': ""VAEMaskConfig(epochs=1500, latent_dim=20, mask_values=None vae_layers=(75, 60, 30, 30), lr=0.006, \nlosses_used=['Flipped ADV loss', 'Latent sens ADV loss', 'Reconstruction loss', 'KL divergence loss'])Flipped ADV loss: {'weight': 0.01, 'lr': 0.05, 'optimizer': 'Adam', 'layers': (75, 30, 10), 'input_dim': 26, 'sens_col_ids': [25]}, Latent sens ADV loss: {'weight': 0.1, 'lr': 0.05, 'optimizer': 'Adam', 'layers': (75, 30, 10), 'input_dim': 19}, Reconstruction loss: {'weight': 15}, KL divergence loss: {'weight': 0.05}, Sensitive KL loss: {'weight': 9000, 'sens_col_ids': [25]}, Pos Y vec loss: {'weight': 1200000}""}",0.8036083333749999,0.830118779575,0.9404492854000001,0.881703221275,0.882174999975,0.889535185925,0.870991655525,0.8142921552500001,0.78733511,0.009205669,0.00964203835,0.01854352955,0.02695704525,0.0164843863,0.0108664154,0.01921313905,1.0215047045249999,0.021591957575,0.010391666675,0.0045968638,0.0045968638,0.162482136075,0.0108664154,0.0164843863,5.01120475e+18,0.732141666644974,0.1500333333300259,0.046358333316138575,0.07146666670886144,0.3391521604786807
Default Dataset,nn keras,['sex'],FYP VAE,"{'c': 'FYP', 'my model config': ""VAEMaskConfig(epochs=1500, latent_dim=20, mask_values=None vae_layers=(75, 60, 30, 30), lr=0.006, \nlosses_used=['Flipped ADV loss', 'Pos Y vec loss', 'Reconstruction loss', 'KL divergence loss'])Flipped ADV loss: {'weight': 0.01, 'lr': 0.05, 'optimizer': 'Adam', 'layers': (75, 30, 10), 'input_dim': 26, 'sens_col_ids': [25]}, Pos Y vec loss: {'weight': 1200000}, Reconstruction loss: {'weight': 15}, KL divergence loss: {'weight': 0.05}, Latent sens ADV loss: {'weight': 0.1, 'lr': 0.05, 'optimizer': 'Adam', 'layers': (75, 30, 10), 'input_dim': 19}, Sensitive KL loss: {'weight': 9000, 'sens_col_ids': [25]}""}",0.8030833333,0.8306958958999999,0.9385755889,0.881210692725,0.8797833333,0.88916415965,0.8654904256250001,0.8136854311,0.786931320325,0.016399650975,0.012906946475,0.023673734,0.026754110775,0.020529820625,0.013416097625000001,0.024159884649999998,1.02758135325,0.027127749,0.006225,0.005777961125,0.005777961125,0.20133458134999999,0.013416097625000001,0.020529820625,5.01120475e+18,0.7306833332477326,0.14910000005226748,0.04781666672438315,0.07239999997561683,0.3393537503183762
Default Dataset,nn keras,['sex'],FYP VAE,"{'c': 'FYP', 'my model config': ""VAEMaskConfig(epochs=1500, latent_dim=20, mask_values=None vae_layers=(75, 60, 30, 30), lr=0.006, \nlosses_used=['Flipped ADV loss', 'Reconstruction loss', 'KL divergence loss'])Flipped ADV loss: {'weight': 0.01, 'lr': 0.05, 'optimizer': 'Adam', 'layers': (75, 30, 10), 'input_dim': 26, 'sens_col_ids': [25]}, Reconstruction loss: {'weight': 15}, KL divergence loss: {'weight': 0.05}, Latent sens ADV loss: {'weight': 0.1, 'lr': 0.05, 'optimizer': 'Adam', 'layers': (75, 30, 10), 'input_dim': 19}, Sensitive KL loss: {'weight': 9000, 'sens_col_ids': [25]}, Pos Y vec loss: {'weight': 1200000}""}",0.80372499995,0.830819673775,0.939342185575,0.8816370123749999,0.8803416667249999,0.889474279625,0.8664175675499999,0.814269861975,0.7876570926500001,0.01568115955,0.012413909400000001,0.023056712075,0.026612769325,0.020753463899999998,0.013332206199999998,0.023282068675,1.026837446475,0.026136579025000002,0.006433333325,0.00556725265,0.00556725265,0.193370443,0.013332206199999998,0.020753463899999998,5.01120475e+18,0.7312833334427407,0.1490583332822594,0.04721666668423821,0.07244166659076179,0.34120149736362293
Default Dataset,nn keras,['sex'],FYP VAE,"{'c': 'FYP', 'my model config': ""VAEMaskConfig(epochs=1500, latent_dim=20, mask_values=None vae_layers=(75, 60, 30, 30), lr=0.006, \nlosses_used=['Flipped ADV loss', 'Sensitive KL loss', 'Reconstruction loss', 'KL divergence loss'])Flipped ADV loss: {'weight': 0.01, 'lr': 0.05, 'optimizer': 'Adam', 'layers': (75, 30, 10), 'input_dim': 26, 'sens_col_ids': [25]}, Sensitive KL loss: {'weight': 9000, 'sens_col_ids': [25]}, Reconstruction loss: {'weight': 15}, KL divergence loss: {'weight': 0.05}, Latent sens ADV loss: {'weight': 0.1, 'lr': 0.05, 'optimizer': 'Adam', 'layers': (75, 30, 10), 'input_dim': 19}, Pos Y vec loss: {'weight': 1200000}""}",0.8034333332999999,0.8301905089,0.9399279314,0.8815422444,0.881550000025,0.8882854275,0.871323145075,0.8141091157,0.787176895025,0.006924728575,0.00863429995,0.016962282449999998,0.0269322207,0.018487076525,0.0109968766,0.01857173615,1.0197514647,0.020895072125,0.011558333275,0.004444275075,0.004444275075,0.154178944175,0.0109968766,0.018487076525,5.01120475e+18,0.7317416666427082,0.14980833338229177,0.04675833332497901,0.071691666650021,0.33928315098345363
Default Dataset,nn keras,['sex'],FYP VAE,"{'c': 'FYP', 'my model config': ""VAEMaskConfig(epochs=1500, latent_dim=20, mask_values=None vae_layers=(75, 60, 30, 30), lr=0.006, \nlosses_used=['Latent sens ADV loss', 'Pos Y vec loss', 'Reconstruction loss', 'KL divergence loss'])Latent sens ADV loss: {'weight': 0.1, 'lr': 0.05, 'optimizer': 'Adam', 'layers': (75, 30, 10), 'input_dim': 19}, Pos Y vec loss: {'weight': 1200000}, Reconstruction loss: {'weight': 15}, KL divergence loss: {'weight': 0.05}, Flipped ADV loss: {'weight': 0.01, 'lr': 0.05, 'optimizer': 'Adam', 'layers': (75, 30, 10), 'input_dim': 26, 'sens_col_ids': [25]}, Sensitive KL loss: {'weight': 9000, 'sens_col_ids': [25]}""}",0.80287500005,0.8304581841750001,0.938700717475,0.8811208313,0.8801750000249999,0.888102158775,0.868093737525,0.8140125203249999,0.785913095825,0.010005212525,0.011433056175000001,0.020008421275,0.028099424425000002,0.018749880025,0.012748504925000001,0.020858473024999998,1.023331578875,0.023489077875,0.009683333399999999,0.004987527775,0.004987527775,0.172632561575,0.012748504925000001,0.018749880025,5.01120475e+18,0.7307750000395392,0.14939999998546083,0.04772499993471695,0.07210000004028305,0.33805756621874183
Default Dataset,nn keras,['sex'],FYP VAE,"{'c': 'FYP', 'my model config': ""VAEMaskConfig(epochs=1500, latent_dim=20, mask_values=None vae_layers=(75, 60, 30, 30), lr=0.006, \nlosses_used=['Latent sens ADV loss', 'Reconstruction loss', 'KL divergence loss'])Latent sens ADV loss: {'weight': 0.1, 'lr': 0.05, 'optimizer': 'Adam', 'layers': (75, 30, 10), 'input_dim': 19}, Reconstruction loss: {'weight': 15}, KL divergence loss: {'weight': 0.05}, Flipped ADV loss: {'weight': 0.01, 'lr': 0.05, 'optimizer': 'Adam', 'layers': (75, 30, 10), 'input_dim': 26, 'sens_col_ids': [25]}, Sensitive KL loss: {'weight': 9000, 'sens_col_ids': [25]}, Pos Y vec loss: {'weight': 1200000}""}",0.802441666725,0.8302973007500001,0.9382240822749999,0.880825688325,0.879891666675,0.8875623221250001,0.868208544725,0.813288142475,0.78593612175,0.0097926326,0.010563752249999999,0.01935377735,0.0273520207,0.0180341845,0.0114698843,0.02025831035,1.0225591631,0.022852141775,0.00945,0.00484471745,0.00484471745,0.16671994175,0.0114698843,0.0180341845,5.01120475e+18,0.7304166666328853,0.14947500004211473,0.04808333333257907,0.07202499999242093,0.33673198813977623
Default Dataset,nn keras,['sex'],FYP VAE,"{'c': 'FYP', 'my model config': ""VAEMaskConfig(epochs=1500, latent_dim=20, mask_values=None vae_layers=(75, 60, 30, 30), lr=0.006, \nlosses_used=['Pos Y vec loss', 'Reconstruction loss', 'KL divergence loss'])Pos Y vec loss: {'weight': 1200000}, Reconstruction loss: {'weight': 15}, KL divergence loss: {'weight': 0.05}, Latent sens ADV loss: {'weight': 0.1, 'lr': 0.05, 'optimizer': 'Adam', 'layers': (75, 30, 10), 'input_dim': 19}, Flipped ADV loss: {'weight': 0.01, 'lr': 0.05, 'optimizer': 'Adam', 'layers': (75, 30, 10), 'input_dim': 26, 'sens_col_ids': [25]}, Sensitive KL loss: {'weight': 9000, 'sens_col_ids': [25]}""}",0.8030750001,0.8306474774750001,0.9386118324750001,0.881208027225,0.87984166665,0.88908871585,0.86577845815,0.813602840625,0.787049679275,0.015882426824999997,0.01255862495,0.02331025765,0.02655316145,0.022249020825,0.0131050408,0.0239938794,1.0272283361499999,0.02698877955,0.006324999925,0.0057399222,0.0057399222,0.196934896975,0.0131050408,0.022249020825,5.01120475e+18,0.7307083333047055,0.1491333333452945,0.04779166667899605,0.07236666667100394,0.3394266499832348
Default Dataset,nn keras,['sex'],FYP VAE,"{'c': 'FYP', 'my model config': ""VAEMaskConfig(epochs=1500, latent_dim=20, mask_values=None vae_layers=(75, 60, 30, 30), lr=0.006, \nlosses_used=['Reconstruction loss', 'KL divergence loss'])Reconstruction loss: {'weight': 15}, KL divergence loss: {'weight': 0.05}, Latent sens ADV loss: {'weight': 0.1, 'lr': 0.05, 'optimizer': 'Adam', 'layers': (75, 30, 10), 'input_dim': 19}, Flipped ADV loss: {'weight': 0.01, 'lr': 0.05, 'optimizer': 'Adam', 'layers': (75, 30, 10), 'input_dim': 26, 'sens_col_ids': [25]}, Sensitive KL loss: {'weight': 9000, 'sens_col_ids': [25]}, Pos Y vec loss: {'weight': 1200000}""}",0.8034916666999999,0.830541542325,0.9394696515250001,0.881521777625,0.880774999975,0.8898810067999999,0.8669181601249999,0.814419617325,0.78683515775,0.014870862625,0.01295262555,0.0229628468,0.027584459500000002,0.020321150274999998,0.01336220065,0.0232069015,1.02669063245,0.0260508534,0.005666666725,0.005551466624999999,0.005551466624999999,0.19476674505,0.01336220065,0.020321150274999998,5.01120475e+18,0.7313833333192605,0.14939166665573947,0.047116666627176604,0.07210833339782338,0.3401515055828888
Default Dataset,nn keras,['sex'],FYP VAE,"{'c': 'FYP', 'my model config': ""VAEMaskConfig(epochs=1500, latent_dim=20, mask_values=None vae_layers=(75, 60, 30, 30), lr=0.006, \nlosses_used=['Sensitive KL loss', 'Latent sens ADV loss', 'Reconstruction loss', 'KL divergence loss'])Sensitive KL loss: {'weight': 9000, 'sens_col_ids': [25]}, Latent sens ADV loss: {'weight': 0.1, 'lr': 0.05, 'optimizer': 'Adam', 'layers': (75, 30, 10), 'input_dim': 19}, Reconstruction loss: {'weight': 15}, KL divergence loss: {'weight': 0.05}, Flipped ADV loss: {'weight': 0.01, 'lr': 0.05, 'optimizer': 'Adam', 'layers': (75, 30, 10), 'input_dim': 26, 'sens_col_ids': [25]}, Pos Y vec loss: {'weight': 1200000}""}",0.8037166667,0.8308789327499999,0.9392847093500001,0.8816278021749999,0.880249999975,0.8876994539749999,0.8689102468,0.8143352298,0.7875459328,0.009352992125,0.009743080725,0.018789207225,0.02678929705,0.016783198775,0.011496987174999999,0.019999301825,1.021820759225,0.0225156934,0.01065,0.00478343335,0.00478343335,0.167472373225,0.011496987174999999,0.016783198775,5.01120475e+18,0.7312333332965288,0.1490166666784711,0.047266666563728015,0.07248333346127198,0.34126373704359503
Default Dataset,nn keras,['sex'],FYP VAE,"{'c': 'FYP', 'my model config': ""VAEMaskConfig(epochs=1500, latent_dim=20, mask_values=None vae_layers=(75, 60, 30, 30), lr=0.006, \nlosses_used=['Sensitive KL loss', 'Pos Y vec loss', 'Reconstruction loss', 'KL divergence loss'])Sensitive KL loss: {'weight': 9000, 'sens_col_ids': [25]}, Pos Y vec loss: {'weight': 1200000}, Reconstruction loss: {'weight': 15}, KL divergence loss: {'weight': 0.05}, Latent sens ADV loss: {'weight': 0.1, 'lr': 0.05, 'optimizer': 'Adam', 'layers': (75, 30, 10), 'input_dim': 19}, Flipped ADV loss: {'weight': 0.01, 'lr': 0.05, 'optimizer': 'Adam', 'layers': (75, 30, 10), 'input_dim': 26, 'sens_col_ids': [25]}""}",0.802891666625,0.8304128768749999,0.9386818960750001,0.8811161861500001,0.8801416666999999,0.8874979435749999,0.86894224385,0.813750376075,0.78636728945,0.0087277935,0.010000837025,0.018555699725,0.027383086624999997,0.0182387293,0.011266969225000001,0.019555339375,1.0215455845499999,0.022021135225,0.011116666675000001,0.00467679445,0.00467679445,0.161772431975,0.011266969225000001,0.0182387293,5.01120475e+18,0.7307666666328421,0.14937500006715793,0.047733333343438815,0.07212499995656117,0.33838694778507483
Default Dataset,nn keras,['sex'],FYP VAE,"{'c': 'FYP', 'my model config': ""VAEMaskConfig(epochs=1500, latent_dim=20, mask_values=None vae_layers=(75, 60, 30, 30), lr=0.006, \nlosses_used=['Sensitive KL loss', 'Reconstruction loss', 'KL divergence loss'])Sensitive KL loss: {'weight': 9000, 'sens_col_ids': [25]}, Reconstruction loss: {'weight': 15}, KL divergence loss: {'weight': 0.05}, Latent sens ADV loss: {'weight': 0.1, 'lr': 0.05, 'optimizer': 'Adam', 'layers': (75, 30, 10), 'input_dim': 19}, Flipped ADV loss: {'weight': 0.01, 'lr': 0.05, 'optimizer': 'Adam', 'layers': (75, 30, 10), 'input_dim': 26, 'sens_col_ids': [25]}, Pos Y vec loss: {'weight': 1200000}""}",0.8038416666750001,0.8308217525750001,0.939542159825,0.8817270752749999,0.880525000025,0.8873750154750001,0.8700915897250001,0.81472242995,0.787258872125,0.006626035325,0.0092169987,0.0172834259,0.027463557875,0.020354761224999997,0.0114699097,0.01895982165,1.0201920899999999,0.021362001975,0.011108333299999999,0.0045341194,0.0045341194,0.15491255797499998,0.0114699097,0.020354761224999997,5.01120475e+18,0.7314333333085944,0.14909166671640556,0.04706666663065278,0.07240833334434724,0.3414594623857905
Default Dataset,nn keras,['sex'],FairBalance Bias Mitigation,{},0.700600000025,0.855515092625,0.740624461075,0.7936650543,0.674,0.67743767315,0.6688336412,0.70410589905,0.695386059025,-0.00455764665,0.0005807842500000004,0.00860403195,0.0087198393,0.02130655025,0.0229174775,0.02312905015,1.0137625079250001,0.0341820618,0.22817499997500001,0.0055296861,0.0055296861,0.0708594556,0.0229174775,0.02130655025,5.01120475e+18,0.5765500000485307,0.09744999995146932,0.20194999996342283,0.12405000003657714,0.26685984847060096
Default Dataset,nn keras,['sex'],FairMask Bias Mitigation,{},0.81480833335,0.8422798278249999,0.9379844314,0.8874329019999999,0.86714166665,0.8793509464,0.8485802386250001,0.8261362478000001,0.797552737575,0.020963863,0.01872443875,0.030770707600000002,0.028583510200000002,0.02199644825,0.018844219449999998,0.030770707600000002,1.036493383925,0.0349655666,0.0,0.0073626417,0.0073626417,0.23029241522500002,0.018844219449999998,0.02199644825,5.01120475e+18,0.7302250000132363,0.13691666663676363,0.04827500008166061,0.08458333326833938,0.3915882944072699
Default Dataset,nn keras,['sex'],LFR,{'c': 'LFR'},0.8104750001,0.8386233266750001,0.9369738580749999,0.8849915612,0.869858333275,0.8791775948,0.85563908965,0.82163065915,0.793506242,0.012265941975,0.013769596424999999,0.02353850505,0.028124416949999998,0.020746934725,0.016563446025,0.0247152189,1.027745263575,0.02797004515,0.02249166665,0.005909008375,0.005909008375,0.18915893305,0.016563446025,0.020746934725,5.01120475e+18,0.7294166666674325,0.14044166660756754,0.04908333334187488,0.0810583333831251,0.3745603646555531
Default Dataset,nn keras,['sex'],No Bias Mitigation,{},0.815783333375,0.8430880753000001,0.9381180359249999,0.8879773957499999,0.866333333375,0.880511675225,0.844768746675,0.8268734772749999,0.798886928325,0.028034058925,0.021578017499999998,0.03574292845,0.027986548925,0.028707821425000002,0.021578017499999998,0.03574292845,1.0425407524749999,0.040543910325,0.0058666667,0.0085516,0.0085516,0.26313434739999997,0.021578017499999998,0.028707821425000002,5.01120475e+18,0.7303083333755467,0.13602499999945328,0.04819166673788801,0.08547499988711199,0.3959835165804925
Default Dataset,nn keras,['sex'],Reweighing Bias Mitigation,{},0.75975833325,0.8325527335249999,0.86558885885,0.84867435225,0.809424999975,0.8170194727,0.7978376629499999,0.7709088381,0.74282842485,0.005701806000000001,0.014214826775,0.0191818096,0.02808041335,0.01883892275,0.017349862475,0.02166759755,1.024299392575,0.02640419935,0.1698333332,0.005180999925000001,0.005180999925000001,0.112743058925,0.017349862475,0.01883892275,5.01120475e+18,0.673841666629143,0.13558333334585698,0.10465833334846675,0.08591666667653326,0.26805564131721404
