data,ML method,sensitive attrs,bias mitigation,other,accuracy,precision,recall,f1score,mean_pred,race|unprivileged mean_pred,sex|unprivileged mean_pred,race|privileged mean_pred,sex|privileged mean_pred,race|unprivileged acc,sex|unprivileged acc,race|privileged acc,sex|privileged acc,race|[AOD] Average Odds Difference,sex|[AOD] Average Odds Difference,race|[EOD] Equal Opportunity Difference,sex|[EOD] Equal Opportunity Difference,race|[SPD] Statistical Parity Difference,sex|[SPD] Statistical Parity Difference,race|[ERD] Error Rate Difference,sex|[ERD] Error Rate Difference,race|[A_AOD] Absolute Average Odds Difference,sex|[A_AOD] Absolute Average Odds Difference,race|[A_EOD] Absolute Equal Opportunity Difference,sex|[A_EOD] Absolute Equal Opportunity Difference,race|[A_SPD] Absolute Statistical Parity Difference,sex|[A_SPD] Absolute Statistical Parity Difference,race|[DI] Disparate Impact,sex|[DI] Disparate Impact,race|[DI_FM] Disparate Impact the way it was implemented in FairMask,sex|[DI_FM] Disparate Impact the way it was implemented in FairMask,race|[FR] Flip Rate,sex|[FR] Flip Rate,race|[SF] Statistical Parity Subgroup Fairness for One Attribute,sex|[SF] Statistical Parity Subgroup Fairness for One Attribute,[SF] Statistical Parity Subgroup Fairness,[DF] Differential Fairness,[MEOD] M Equal Opportunity Difference,[MAOD] M Average Odds Difference,id,TP,FP,FN,TN,MCC,race|[DF] Differential Fairness for One Attribute,sex|[DF] Differential Fairness for One Attribute
Adult Dataset,nn keras,"['race', 'sex']",FYP VAE,"{'c': 'FYP', 'my model config': ""VAEMaskConfig(epochs=1500, latent_dim=30, mask_values=None vae_layers=(75, 60, 30, 30), lr=0.006, \nlosses_used=['Flipped ADV loss', 'Latent sens ADV loss', 'Reconstruction loss', 'KL divergence loss'])Flipped ADV loss: {'weight': 0.01, 'lr': 0.05, 'optimizer': 'Adam', 'layers': (75, 30, 10), 'input_dim': 25, 'sens_col_ids': [23, 24]}, Latent sens ADV loss: {'weight': 0.1, 'lr': 0.05, 'optimizer': 'Adam', 'layers': (75, 30, 10), 'input_dim': 28}, Reconstruction loss: {'weight': 15}, KL divergence loss: {'weight': 0.05}, Sensitive KL loss: {'weight': 9000, 'sens_col_ids': [23, 24]}, Pos Y vec loss: {'weight': 1200000}""}",0.0216398647399377,0.26610624076812767,0.224175739414624,0.23976402484010775,0.09197008884190443,0.08292830965819302,0.08708023212861306,0.09387211700374411,0.09523427739147301,0.023515888573895995,0.03427722543457776,0.0247510338855602,0.04018043602564518,0.036780308427825335,0.061049064959548045,0.06663842427955904,0.10602371921706516,0.024346848771218964,0.02358334092589716,0.03327597816908386,0.06732485410146147,0.028198482019838232,0.058947579649364014,0.052982778893396316,0.0916456136159331,0.02185856193310101,0.019134289170250573,0.12514237083025817,0.11448367104655502,0.15373063528112033,0.12008414549975696,0.0172298563093493,0.07353266508260398,0.0026868440551667603,0.004214222727729192,0.0046554340134796176,0.20660909424223656,0.1311372061389696,0.07425456302094399,2.656353379935566e+18,0.054264238092964434,0.03873452979576998,0.018370703026886898,0.022298030303562887,0.04549353249405294,,
Adult Dataset,nn keras,"['race', 'sex']",FYP VAE,"{'c': 'FYP', 'my model config': ""VAEMaskConfig(epochs=1500, latent_dim=30, mask_values=None vae_layers=(75, 60, 30, 30), lr=0.006, \nlosses_used=['Flipped ADV loss', 'Pos Y vec loss', 'Reconstruction loss', 'KL divergence loss'])Flipped ADV loss: {'weight': 0.01, 'lr': 0.05, 'optimizer': 'Adam', 'layers': (75, 30, 10), 'input_dim': 25, 'sens_col_ids': [23, 24]}, Pos Y vec loss: {'weight': 1200000}, Reconstruction loss: {'weight': 15}, KL divergence loss: {'weight': 0.05}, Latent sens ADV loss: {'weight': 0.1, 'lr': 0.05, 'optimizer': 'Adam', 'layers': (75, 30, 10), 'input_dim': 28}, Sensitive KL loss: {'weight': 9000, 'sens_col_ids': [23, 24]}""}",0.01132653274825212,0.03936793520491284,0.06423120003644285,0.04342490287803039,0.03063483964528959,0.031492072455629315,0.03406842850346081,0.03156318278887515,0.03444042704015961,0.025168976969895174,0.02914364755069871,0.011085305748482205,0.010030370636146617,0.03546787749583866,0.05396221255346853,0.06698568892152279,0.10266767945641429,0.021830685790981557,0.03304958231832758,0.02370580958290883,0.031413703067925666,0.02241459758528328,0.04307259957956141,0.043416811766362286,0.07279813299858967,0.018057401045743843,0.029557748550012808,0.10768194265594938,0.15662670483174046,0.12574693912546975,0.25973407631876766,0.006627336974616504,0.041612985080514885,0.0022043688110026383,0.006514751275973448,0.006170469686135074,0.20281551409688034,0.09312632993061457,0.046587998953598345,2.656353379935566e+18,0.01619505279824779,0.01680136574908401,0.014882995332606166,0.01842296109752831,0.03786968726572395,,
Adult Dataset,nn keras,"['race', 'sex']",FYP VAE,"{'c': 'FYP', 'my model config': ""VAEMaskConfig(epochs=1500, latent_dim=30, mask_values=None vae_layers=(75, 60, 30, 30), lr=0.006, \nlosses_used=['Flipped ADV loss', 'Reconstruction loss', 'KL divergence loss'])Flipped ADV loss: {'weight': 0.01, 'lr': 0.05, 'optimizer': 'Adam', 'layers': (75, 30, 10), 'input_dim': 25, 'sens_col_ids': [23, 24]}, Reconstruction loss: {'weight': 15}, KL divergence loss: {'weight': 0.05}, Latent sens ADV loss: {'weight': 0.1, 'lr': 0.05, 'optimizer': 'Adam', 'layers': (75, 30, 10), 'input_dim': 28}, Sensitive KL loss: {'weight': 9000, 'sens_col_ids': [23, 24]}, Pos Y vec loss: {'weight': 1200000}""}",0.007855388890399438,0.027878927136775134,0.05319038863804455,0.031814089845391455,0.024967210956671766,0.027106039681778753,0.027898986301494857,0.025940181236598695,0.028406353576314304,0.019298529340761143,0.021843590362910892,0.008124085331669167,0.007861113617079663,0.03618653584232454,0.047665686932593064,0.0681696058582363,0.0897275381525187,0.02205921116512203,0.028228724198926684,0.01995402296340078,0.024907259576279303,0.02409987131591264,0.040812302309447886,0.045173766704821254,0.06758679590081797,0.020386683514333995,0.026666242952362636,0.11011295174989488,0.12477862458948745,0.15272518783589573,0.21520936642738833,0.007617100953068157,0.03640977316963133,0.0024971161340018103,0.005893542966390758,0.00558901731285593,0.24626349228478173,0.10145309896279912,0.05640461040303608,2.656353379935566e+18,0.013236900117490302,0.013018795772256508,0.013179187413008848,0.014330531611950817,0.02731831282551425,,
Adult Dataset,nn keras,"['race', 'sex']",FYP VAE,"{'c': 'FYP', 'my model config': ""VAEMaskConfig(epochs=1500, latent_dim=30, mask_values=None vae_layers=(75, 60, 30, 30), lr=0.006, \nlosses_used=['Flipped ADV loss', 'Sensitive KL loss', 'Reconstruction loss', 'KL divergence loss'])Flipped ADV loss: {'weight': 0.01, 'lr': 0.05, 'optimizer': 'Adam', 'layers': (75, 30, 10), 'input_dim': 25, 'sens_col_ids': [23, 24]}, Sensitive KL loss: {'weight': 9000, 'sens_col_ids': [23, 24]}, Reconstruction loss: {'weight': 15}, KL divergence loss: {'weight': 0.05}, Latent sens ADV loss: {'weight': 0.1, 'lr': 0.05, 'optimizer': 'Adam', 'layers': (75, 30, 10), 'input_dim': 28}, Pos Y vec loss: {'weight': 1200000}""}",0.0178419437515776,0.14223736485818014,0.1224874422383877,0.12544332647039666,0.0514369436585929,0.0529002496226316,0.05138105989523832,0.05185737973694406,0.05312026572238258,0.024454806244893452,0.030695790392949087,0.019113135827547714,0.02394675237659184,0.03647112740208978,0.044326136844089425,0.0675562980910729,0.08363048433321743,0.022185316141944775,0.02296235163485184,0.02577265182087058,0.04150355351501427,0.026239291296166176,0.04402152768691764,0.049864768586330134,0.07117470239435668,0.018047950514122686,0.022225313600435236,0.11371795780631873,0.11393382875760423,0.13012783934378205,0.16716595648344845,0.015735418955036412,0.058537553504276044,0.002205085629594891,0.0048822939020413125,0.00443802392684995,0.19937935488053501,0.10332397220055996,0.058173392327446574,2.656353379935566e+18,0.029803198609976413,0.024334296679789348,0.014740590861743676,0.019590834530369496,0.04673405356832559,,
Adult Dataset,nn keras,"['race', 'sex']",FYP VAE,"{'c': 'FYP', 'my model config': ""VAEMaskConfig(epochs=1500, latent_dim=30, mask_values=None vae_layers=(75, 60, 30, 30), lr=0.006, \nlosses_used=['Latent sens ADV loss', 'Pos Y vec loss', 'Reconstruction loss', 'KL divergence loss'])Latent sens ADV loss: {'weight': 0.1, 'lr': 0.05, 'optimizer': 'Adam', 'layers': (75, 30, 10), 'input_dim': 28}, Pos Y vec loss: {'weight': 1200000}, Reconstruction loss: {'weight': 15}, KL divergence loss: {'weight': 0.05}, Flipped ADV loss: {'weight': 0.01, 'lr': 0.05, 'optimizer': 'Adam', 'layers': (75, 30, 10), 'input_dim': 25, 'sens_col_ids': [23, 24]}, Sensitive KL loss: {'weight': 9000, 'sens_col_ids': [23, 24]}""}",0.01022947301958331,0.03427214715769048,0.05511256679842857,0.03402027033111286,0.026577707640921194,0.030880084197893218,0.03140157218328916,0.02731328340660437,0.02859968576726574,0.020492598339607176,0.026336253029406426,0.010421025300158968,0.007968409225525443,0.04116934066746892,0.0658715565353999,0.07411485093626205,0.12815514296730024,0.02404232007234103,0.027661665077550177,0.02019492960656935,0.027447607433147395,0.027564379559759565,0.05751140862687436,0.047746350580724774,0.09576772396746577,0.01607979887076519,0.015947740703830576,0.12255152707098581,0.15022929748523073,0.12162059117787043,0.09357757570490771,0.010560417428864119,0.06386924553214628,0.0019232128912361347,0.0035244942271281253,0.003586295692078706,0.12550254879598002,0.1056444970875511,0.06364998050573055,2.656353379935566e+18,0.013505425339987236,0.015060176197028824,0.013540987769553241,0.016035704502268055,0.03250547975955772,,
Adult Dataset,nn keras,"['race', 'sex']",FYP VAE,"{'c': 'FYP', 'my model config': ""VAEMaskConfig(epochs=1500, latent_dim=30, mask_values=None vae_layers=(75, 60, 30, 30), lr=0.006, \nlosses_used=['Latent sens ADV loss', 'Reconstruction loss', 'KL divergence loss'])Latent sens ADV loss: {'weight': 0.1, 'lr': 0.05, 'optimizer': 'Adam', 'layers': (75, 30, 10), 'input_dim': 28}, Reconstruction loss: {'weight': 15}, KL divergence loss: {'weight': 0.05}, Flipped ADV loss: {'weight': 0.01, 'lr': 0.05, 'optimizer': 'Adam', 'layers': (75, 30, 10), 'input_dim': 25, 'sens_col_ids': [23, 24]}, Sensitive KL loss: {'weight': 9000, 'sens_col_ids': [23, 24]}, Pos Y vec loss: {'weight': 1200000}""}",0.020451547325858025,0.28433815168849647,0.23066683867419813,0.25174319534180406,0.09264336771578537,0.08507487182266617,0.0872740033520382,0.09420205350846782,0.09640938052931189,0.022866117147784568,0.03379577979413164,0.024468594804352956,0.042315265576110754,0.03307272389840031,0.05183633607901767,0.06437264437508158,0.08397877791482597,0.021223278580982448,0.02668931630379897,0.03679785654054615,0.07224461090093728,0.02557954680584278,0.05072235060175549,0.05068794149179213,0.07626380556051786,0.01924839730008393,0.023068654268989627,0.11185502925601115,0.12611544032392918,0.14945680800241207,0.14105757057122248,0.01811805673865028,0.06139573846279907,0.0023467323181541357,0.005117034624694035,0.005164278119104636,0.23558392784644505,0.13450932545789002,0.08097279915673167,2.656353379935566e+18,0.05582287125701978,0.037370598505499494,0.012974519528544408,0.014946693986885324,0.029232607530438045,,
Adult Dataset,nn keras,"['race', 'sex']",FYP VAE,"{'c': 'FYP', 'my model config': ""VAEMaskConfig(epochs=1500, latent_dim=30, mask_values=None vae_layers=(75, 60, 30, 30), lr=0.006, \nlosses_used=['Pos Y vec loss', 'Reconstruction loss', 'KL divergence loss'])Pos Y vec loss: {'weight': 1200000}, Reconstruction loss: {'weight': 15}, KL divergence loss: {'weight': 0.05}, Latent sens ADV loss: {'weight': 0.1, 'lr': 0.05, 'optimizer': 'Adam', 'layers': (75, 30, 10), 'input_dim': 28}, Flipped ADV loss: {'weight': 0.01, 'lr': 0.05, 'optimizer': 'Adam', 'layers': (75, 30, 10), 'input_dim': 25, 'sens_col_ids': [23, 24]}, Sensitive KL loss: {'weight': 9000, 'sens_col_ids': [23, 24]}""}",0.012172607789875183,0.04452599511236149,0.06425045977084251,0.045291056118367486,0.029896120475207878,0.033050214606942435,0.03322043836937012,0.030278989444088526,0.03165430449141815,0.027331498370809747,0.030381181770595414,0.01172418425338426,0.009033137561371434,0.03389119433410935,0.04368128371733497,0.06679044291887674,0.08874313049301404,0.02015119993164007,0.02534243767050268,0.025399032469259435,0.03082274016346194,0.022995061868398864,0.038282036674707254,0.04567054522619724,0.06384714216454578,0.016990357019541203,0.019906240468263295,0.10495230949839575,0.14221139951851527,0.13199799385663186,0.19830442365162024,0.0069937158132002,0.026219744654625867,0.002091871537626793,0.004374058874026843,0.004086573483938726,0.22003988657326623,0.10706317038030687,0.05777573914343184,2.656353379935566e+18,0.015671550483119665,0.016743973470417086,0.015661465937846036,0.01758981722710822,0.04045635591816858,,
Adult Dataset,nn keras,"['race', 'sex']",FYP VAE,"{'c': 'FYP', 'my model config': ""VAEMaskConfig(epochs=1500, latent_dim=30, mask_values=None vae_layers=(75, 60, 30, 30), lr=0.006, \nlosses_used=['Reconstruction loss', 'KL divergence loss'])Reconstruction loss: {'weight': 15}, KL divergence loss: {'weight': 0.05}, Latent sens ADV loss: {'weight': 0.1, 'lr': 0.05, 'optimizer': 'Adam', 'layers': (75, 30, 10), 'input_dim': 28}, Flipped ADV loss: {'weight': 0.01, 'lr': 0.05, 'optimizer': 'Adam', 'layers': (75, 30, 10), 'input_dim': 25, 'sens_col_ids': [23, 24]}, Sensitive KL loss: {'weight': 9000, 'sens_col_ids': [23, 24]}, Pos Y vec loss: {'weight': 1200000}""}",0.016323439013456325,0.05027839862796352,0.056470590903468475,0.03205185861387938,0.036514652711917735,0.033139347374006395,0.035802342894455885,0.037931147921455584,0.04081785249530631,0.0254040367989353,0.033525643625706814,0.015922417245580647,0.012827060662265634,0.03529040640830907,0.041477061881981706,0.06513885674194508,0.07722190795181678,0.021661170844531338,0.030291787882302718,0.018945264351397453,0.03127506282272819,0.02498730871434822,0.027460430408762334,0.051038423703221744,0.04775544683491246,0.020348500811261973,0.028135963541870007,0.10568212141331967,0.12807188181455395,0.14237004204939746,0.23559735361828207,0.005720072423482192,0.018800959774855245,0.002482616023841585,0.00624796983000316,0.0061803058248432316,0.22099007367211806,0.10202996910743145,0.04825770049296089,2.656353379935566e+18,0.014146629407593984,0.02529889949953228,0.013542879786645281,0.024797064728578996,0.03357949549469644,,
Adult Dataset,nn keras,"['race', 'sex']",FYP VAE,"{'c': 'FYP', 'my model config': ""VAEMaskConfig(epochs=1500, latent_dim=30, mask_values=None vae_layers=(75, 60, 30, 30), lr=0.006, \nlosses_used=['Sensitive KL loss', 'Latent sens ADV loss', 'Reconstruction loss', 'KL divergence loss'])Sensitive KL loss: {'weight': 9000, 'sens_col_ids': [23, 24]}, Latent sens ADV loss: {'weight': 0.1, 'lr': 0.05, 'optimizer': 'Adam', 'layers': (75, 30, 10), 'input_dim': 28}, Reconstruction loss: {'weight': 15}, KL divergence loss: {'weight': 0.05}, Flipped ADV loss: {'weight': 0.01, 'lr': 0.05, 'optimizer': 'Adam', 'layers': (75, 30, 10), 'input_dim': 25, 'sens_col_ids': [23, 24]}, Pos Y vec loss: {'weight': 1200000}""}",0.010067858347728161,0.0336836496529974,0.05137772392086426,0.027532316321287265,0.028800093733273368,0.032473238567905106,0.028797797420701682,0.029530689135830304,0.030816647388391547,0.023694304424899205,0.03026371109151561,0.01005418144445482,0.008029225869441553,0.03835273262324778,0.056787682129412195,0.0720534554307163,0.11946234971300412,0.0238429069250188,0.0192987047968624,0.023074437371521143,0.03337079087582024,0.028674160550622725,0.04176382403410668,0.04930328198744044,0.06293222859143671,0.016144282274759707,0.014991804731475366,0.12419037277068011,0.09946598128056154,0.10917507961899314,0.09609880491730677,0.007496674502446236,0.027290548285802806,0.0019744643406073904,0.0033102149344937087,0.0035233875800577625,0.1406491663470586,0.08813160712336049,0.055458478455561594,2.656353379935566e+18,0.012678385250646964,0.017295524139484767,0.013047905604464392,0.01842209678410757,0.02448924949025016,,
Adult Dataset,nn keras,"['race', 'sex']",FYP VAE,"{'c': 'FYP', 'my model config': ""VAEMaskConfig(epochs=1500, latent_dim=30, mask_values=None vae_layers=(75, 60, 30, 30), lr=0.006, \nlosses_used=['Sensitive KL loss', 'Pos Y vec loss', 'Reconstruction loss', 'KL divergence loss'])Sensitive KL loss: {'weight': 9000, 'sens_col_ids': [23, 24]}, Pos Y vec loss: {'weight': 1200000}, Reconstruction loss: {'weight': 15}, KL divergence loss: {'weight': 0.05}, Latent sens ADV loss: {'weight': 0.1, 'lr': 0.05, 'optimizer': 'Adam', 'layers': (75, 30, 10), 'input_dim': 28}, Flipped ADV loss: {'weight': 0.01, 'lr': 0.05, 'optimizer': 'Adam', 'layers': (75, 30, 10), 'input_dim': 25, 'sens_col_ids': [23, 24]}""}",0.010053241641733074,0.036417788256756824,0.05615400811564176,0.03463397873359936,0.028286187425354256,0.030682306936326228,0.033644962510723395,0.02880885393990893,0.028938650094422664,0.023998027954618546,0.02416623148877564,0.010072606143953325,0.00849248502566141,0.03483801963929584,0.041939915739114556,0.06998124470412839,0.07802277978170934,0.019694318288942334,0.024745265701917152,0.023862459735988304,0.025227732914301308,0.023099701699550824,0.04077980074741382,0.046995617975773826,0.06535398221812874,0.016167781209890136,0.019783306191166777,0.09908101988868491,0.12573353394774553,0.11155494151997407,0.14947993504519358,0.00908936253499166,0.040840847852116266,0.0019839694848033935,0.004355691458222211,0.003966294179687269,0.18024224152699111,0.10219421369051111,0.05199660793829128,2.656353379935566e+18,0.01423110154247597,0.015910315907378257,0.013291084645872824,0.017537150845415676,0.030930463239753323,,
Adult Dataset,nn keras,"['race', 'sex']",FYP VAE,"{'c': 'FYP', 'my model config': ""VAEMaskConfig(epochs=1500, latent_dim=30, mask_values=None vae_layers=(75, 60, 30, 30), lr=0.006, \nlosses_used=['Sensitive KL loss', 'Reconstruction loss', 'KL divergence loss'])Sensitive KL loss: {'weight': 9000, 'sens_col_ids': [23, 24]}, Reconstruction loss: {'weight': 15}, KL divergence loss: {'weight': 0.05}, Latent sens ADV loss: {'weight': 0.1, 'lr': 0.05, 'optimizer': 'Adam', 'layers': (75, 30, 10), 'input_dim': 28}, Flipped ADV loss: {'weight': 0.01, 'lr': 0.05, 'optimizer': 'Adam', 'layers': (75, 30, 10), 'input_dim': 25, 'sens_col_ids': [23, 24]}, Pos Y vec loss: {'weight': 1200000}""}",0.009757152244849798,0.03733218099178657,0.0598214769092187,0.03997152618927754,0.029320555693590135,0.0314362966301884,0.032339172128779604,0.029939273827363336,0.03041500683791137,0.021885212900174932,0.0258461177615451,0.00944567675126023,0.008630054563451374,0.034291578130940865,0.04610125359608089,0.0646945228938773,0.09141234411023337,0.02030938903955409,0.021868838289487467,0.020236915915278167,0.02818110922370902,0.02182975866673218,0.04386624995071984,0.039436987168871465,0.07195943300335812,0.017649922490845252,0.017181363817092937,0.10435608613313425,0.12064607616017772,0.12552374659104143,0.13165427872839672,0.008885280833920853,0.04334191175636602,0.0021585398070797695,0.0037894095778423713,0.0037886646936582434,0.15175571363068385,0.08549073222416452,0.04422859870238291,2.656353379935566e+18,0.014568231736495232,0.016782132572104688,0.014532006242402744,0.01698632917198571,0.033295820877613895,,
Adult Dataset,nn keras,"['race', 'sex']",FYP VAE,"{'c': 'FYP', 'my model config': ""VAEMaskConfig(epochs=1500, latent_dim=30, mask_values=None vae_layers=(75, 60, 30, 30), lr=0.006, \nlosses_used=[])KL divergence loss: {'weight': 0.05}, Reconstruction loss: {'weight': 15}, Latent sens ADV loss: {'weight': 0.1, 'lr': 0.05, 'optimizer': 'Adam', 'layers': (75, 30, 10), 'input_dim': 28}, Flipped ADV loss: {'weight': 0.01, 'lr': 0.05, 'optimizer': 'Adam', 'layers': (75, 30, 10), 'input_dim': 25, 'sens_col_ids': [23, 24]}, Sensitive KL loss: {'weight': 9000, 'sens_col_ids': [23, 24]}, Pos Y vec loss: {'weight': 1200000}""}",0.0062777258879781785,0.03192119000005256,0.04936989938581181,0.02355846080015576,0.023522888204181854,0.021090083948444957,0.013714377821059137,0.025151621528717846,0.03000824133161334,0.012966224479278084,0.007283417081285348,0.0065450801366491234,0.008692365305288947,0.031220558217327294,0.026925268402388573,0.05832912185955842,0.050461432571812556,0.019661115172546744,0.021828040551547075,0.013339927869544386,0.011608543116310464,0.029840352202647077,0.026925268402388573,0.049669709273214305,0.050461432571812556,0.019661115172546744,0.021828040551547075,0.07867849860245792,0.03460713969319728,0.25893439895458575,0.41158423757196294,0.0,0.0,0.00257017176768178,0.004854106977346046,0.0053606838572883946,0.2965839282095445,0.10885481952250907,0.053167830965958694,2.8475620390875274e+18,0.012865830884375736,0.011718132776398013,0.011950444402131307,0.013868126495029776,0.01977254109935785,0.14125223226432532,0.11832715869503199
Adult Dataset,nn keras,"['race', 'sex']",FairBalance Bias Mitigation,{},0.010306169011078364,0.02293979522007318,0.03119284098989802,0.013768464446102007,0.01985939751646046,0.01931881175972619,0.01548101110139922,0.022100026584710747,0.02454966275756225,0.01605704339728538,0.01142853498659248,0.011478780310347717,0.012503604984102358,0.03447172567537975,0.0305896031587138,0.059140816651674456,0.052086544198651025,0.024717222099810705,0.021428181920262933,0.019068082357155697,0.013984634767478738,0.033956861252812894,0.0305896031587138,0.04771053855359826,0.04786598984761586,0.024717222099810705,0.021428181920262933,0.0625410034166328,0.03590263491553475,0.15267893338704133,0.2056863354974605,0.01694818592120517,0.015871833065731877,0.003027115877026946,0.004506803957356965,0.005293975553188859,0.19586904206799222,0.10698775134380471,0.06110893321205833,2.656353379935566e+18,0.00796819832702031,0.014187491973984239,0.00805400442476961,0.014479627643382724,0.018889595760086204,,
Adult Dataset,nn keras,"['race', 'sex']",FairMask Bias Mitigation,{},0.00629414050806441,0.035628725635586576,0.04588791062950211,0.01858573450995422,0.02343117006660524,0.019713725443705844,0.014762355534149087,0.02484624127703207,0.028876720488543735,0.01560573602650367,0.007990720571328191,0.006350206912121425,0.008020443056094074,0.029394838706446914,0.028472737714897892,0.05712884555668778,0.05511202277748986,0.017415198171824162,0.021723463116022603,0.015798211081735587,0.010685863237108436,0.021243146805004873,0.028472737714897892,0.03366153553683227,0.05511202277748986,0.017415198171824162,0.021723463116022603,0.06395326950807993,0.04077045802490874,0.16218430682968887,0.5728008617475752,0.0,0.0,0.002141142365004564,0.0046840346361832095,0.005128979669585472,0.3225000430273341,0.08959053231765741,0.05063662636533441,2.656353379935566e+18,0.01143025243906219,0.013170080499367336,0.011468145438438958,0.013845822911689076,0.0169279893218845,,
Adult Dataset,nn keras,"['race', 'sex']",No Bias Mitigation,{},0.005512283966057556,0.033148737396134845,0.0497837801339253,0.022689321311991854,0.0239556724329518,0.020181391385642927,0.011265980393555197,0.02576327261710459,0.03146646433418334,0.013700520557606738,0.00659494397437624,0.005925634487968037,0.007606343177762204,0.03525876627695959,0.027863610680712615,0.06728883582851335,0.04884972515527964,0.021544147926273263,0.02472213017583695,0.01480142658954815,0.010011753008569862,0.030608064824402252,0.027863610680712615,0.05403227786670866,0.048278735310701225,0.021544147926273263,0.02472213017583695,0.08058338453079207,0.03259913579077189,0.3148495595129195,0.4406396661666742,0.00672404655799257,0.004395580734118138,0.002670662084974551,0.005428123674865621,0.0058530871322652655,0.32508184338673995,0.08703942524252337,0.04927099785003591,2.750594409976755e+18,0.01295114434915902,0.012080987381329058,0.011852421927324698,0.013847357508807697,0.018280148327956013,0.16085805593760372,0.11480634040403755
Adult Dataset,nn keras,"['race', 'sex']",Reweighing Bias Mitigation,{},0.006223801488935194,0.02069233702573459,0.022945800814019125,0.015278331178111976,0.010536081720298128,0.018348600382653183,0.010786604494099067,0.012233452912718325,0.01349720683520692,0.01593596998451991,0.0075353630427446375,0.006809725994108856,0.00948665094809097,0.03856932347561006,0.025703700398679297,0.07207908073528416,0.04888908344205366,0.023119823999636843,0.014585100145793967,0.017460205912905754,0.013482636659768494,0.022004752108134056,0.014439459300757759,0.041226278528329705,0.03742082559670762,0.02307553843064335,0.014585100145793967,0.10159582496358635,0.04408914293443992,0.1940475560358244,0.1907286988096901,0.009752391590646886,0.012374703895512049,0.002855147170352257,0.0032490398732578254,0.00413453891971513,0.23091332633560163,0.09153635203369591,0.04935725675957798,2.656353379935566e+18,0.006551962734710932,0.006400236648713794,0.006088831429628998,0.008214045144115343,0.017707302962272544,,
Compas Dataset,nn keras,"['race', 'sex']",FYP VAE,"{'c': 'FYP', 'my model config': ""VAEMaskConfig(epochs=1800, latent_dim=17, mask_values=None vae_layers=(100, 75, 50), lr=0.006, \nlosses_used=['Flipped ADV loss', 'Latent sens ADV loss', 'Reconstruction loss', 'KL divergence loss'])Flipped ADV loss: {'weight': 0.01, 'lr': 0.05, 'optimizer': 'Adam', 'layers': (75, 30, 10), 'input_dim': 10, 'sens_col_ids': [8, 7]}, Latent sens ADV loss: {'weight': 0.1, 'lr': 0.05, 'optimizer': 'Adam', 'layers': (75, 30, 10), 'input_dim': 15}, Reconstruction loss: {'weight': 15}, KL divergence loss: {'weight': 0.05}, Sensitive KL loss: {'weight': 9000, 'sens_col_ids': [8, 7]}, Pos Y vec loss: {'weight': 1200000}""}",0.014863254352707357,0.0225386476638203,0.05416706581746888,0.023496421515820494,0.05568129147022247,0.06265752315549125,0.07517914086402476,0.055771907218040914,0.05435469852759314,0.019177005942792254,0.03916581572833947,0.027678066646084486,0.01732259283628706,0.04347774636098381,0.04802707378017346,0.05285203717984319,0.05216308450997097,0.0485248567952282,0.049900921872885966,0.03527355155600164,0.04494453557270714,0.025636287681735474,0.028885045242963665,0.03737377955839581,0.03256980054967047,0.042017065566997996,0.033794706563278744,0.07764476017570361,0.08829968833367545,0.08565156160081652,0.04801270049654106,0.02267307192141417,0.01484305164368875,0.009407528339767678,0.005412747304471863,0.00991204126230099,0.12340949763739577,0.06016843889079386,0.040463079403441043,2.3966698406745436e+18,0.03282824624888991,0.02689292528568161,0.029585496627734714,0.03021299212774676,0.030015640963034523,,
Compas Dataset,nn keras,"['race', 'sex']",FYP VAE,"{'c': 'FYP', 'my model config': ""VAEMaskConfig(epochs=1800, latent_dim=17, mask_values=None vae_layers=(100, 75, 50), lr=0.006, \nlosses_used=['Flipped ADV loss', 'Pos Y vec loss', 'Reconstruction loss', 'KL divergence loss'])Flipped ADV loss: {'weight': 0.01, 'lr': 0.05, 'optimizer': 'Adam', 'layers': (75, 30, 10), 'input_dim': 10, 'sens_col_ids': [8, 7]}, Pos Y vec loss: {'weight': 1200000}, Reconstruction loss: {'weight': 15}, KL divergence loss: {'weight': 0.05}, Latent sens ADV loss: {'weight': 0.1, 'lr': 0.05, 'optimizer': 'Adam', 'layers': (75, 30, 10), 'input_dim': 15}, Sensitive KL loss: {'weight': 9000, 'sens_col_ids': [8, 7]}""}",0.015611763570117693,0.022231033599231318,0.055782378702907705,0.024102749509322504,0.05734274206369894,0.06558259276171931,0.07802482362474597,0.05068296737494563,0.05575654050986585,0.020973121022045384,0.042640978606796845,0.025067058249600073,0.018555593442015312,0.036797565807859575,0.04793728138403333,0.04485743328059013,0.05719021141306599,0.04290994836729741,0.05096262202956107,0.03380672467076889,0.049668027472928124,0.02119296947462253,0.029178578389748,0.02690280594778653,0.031144463764187422,0.032484297347684765,0.038747323499604365,0.07061552708387164,0.09071099788250818,0.06750752818403853,0.05448760825494071,0.017576248435750293,0.010819134203744212,0.007261378052534696,0.0061172440138887695,0.0084675109269733,0.10951515961862882,0.0421056069905979,0.031095303555485322,2.3966698406745436e+18,0.034122632717781494,0.027182403219008125,0.030447557628801608,0.031134442189449583,0.031235306458029615,,
Compas Dataset,nn keras,"['race', 'sex']",FYP VAE,"{'c': 'FYP', 'my model config': ""VAEMaskConfig(epochs=1800, latent_dim=17, mask_values=None vae_layers=(100, 75, 50), lr=0.006, \nlosses_used=['Flipped ADV loss', 'Reconstruction loss', 'KL divergence loss'])Flipped ADV loss: {'weight': 0.01, 'lr': 0.05, 'optimizer': 'Adam', 'layers': (75, 30, 10), 'input_dim': 10, 'sens_col_ids': [8, 7]}, Reconstruction loss: {'weight': 15}, KL divergence loss: {'weight': 0.05}, Latent sens ADV loss: {'weight': 0.1, 'lr': 0.05, 'optimizer': 'Adam', 'layers': (75, 30, 10), 'input_dim': 15}, Sensitive KL loss: {'weight': 9000, 'sens_col_ids': [8, 7]}, Pos Y vec loss: {'weight': 1200000}""}",0.017581362507129432,0.023248847921728287,0.05298672081037968,0.025180859012575083,0.0531991379479889,0.05928241319054039,0.07361944858148568,0.05291193420431761,0.05180620211354979,0.023456436815794117,0.040749867904541354,0.02698946270925734,0.020016036110207934,0.039276343660097635,0.04750066780298697,0.04904884448548246,0.05591578143033846,0.04385974085959936,0.05017204626997551,0.03640813757789945,0.046069452202951076,0.026533902582831264,0.029613189777312005,0.030896328684796057,0.03561468350038487,0.03521658402212406,0.0348431866391715,0.07114531593032554,0.08853872462519373,0.07290666427800663,0.05064542422348489,0.01934831914802003,0.014366016520931403,0.00783418557826674,0.005520020573387771,0.008651280911646785,0.11844536029623579,0.05565510020166405,0.0327641007782288,2.3966698406745436e+18,0.0328744467107538,0.025524081659775454,0.02878625161906618,0.029088201098242467,0.034530479523712534,,
Compas Dataset,nn keras,"['race', 'sex']",FYP VAE,"{'c': 'FYP', 'my model config': ""VAEMaskConfig(epochs=1800, latent_dim=17, mask_values=None vae_layers=(100, 75, 50), lr=0.006, \nlosses_used=['Flipped ADV loss', 'Sensitive KL loss', 'Reconstruction loss', 'KL divergence loss'])Flipped ADV loss: {'weight': 0.01, 'lr': 0.05, 'optimizer': 'Adam', 'layers': (75, 30, 10), 'input_dim': 10, 'sens_col_ids': [8, 7]}, Sensitive KL loss: {'weight': 9000, 'sens_col_ids': [8, 7]}, Reconstruction loss: {'weight': 15}, KL divergence loss: {'weight': 0.05}, Latent sens ADV loss: {'weight': 0.1, 'lr': 0.05, 'optimizer': 'Adam', 'layers': (75, 30, 10), 'input_dim': 15}, Pos Y vec loss: {'weight': 1200000}""}",0.01658715123291892,0.02380288363335218,0.056777723875922594,0.025195436838532776,0.057952758405927986,0.06460610845424443,0.07604223479801848,0.054919237791710825,0.057560340633293704,0.020688134933590667,0.03854872060209402,0.02692572126759337,0.019472295943016898,0.03670614951362223,0.0499981012913486,0.0486830635552735,0.05803752709579464,0.04306657042115738,0.05282876657025315,0.033486759009217146,0.044903742345588256,0.024530393241448775,0.029130207349218486,0.03377919587253043,0.03817461920562601,0.03392643365703922,0.03556624267706261,0.07060802498140102,0.09624979180164624,0.0721337096768305,0.05507836119716454,0.016549431296321016,0.011977549639861421,0.007512162906365226,0.005558293767088593,0.007612214488824824,0.12225666436430965,0.0551713245590506,0.039405586886330224,2.3966698406745436e+18,0.03433188618746621,0.028097060543703353,0.031153055659257987,0.03102816187257801,0.032329840519094606,,
Compas Dataset,nn keras,"['race', 'sex']",FYP VAE,"{'c': 'FYP', 'my model config': ""VAEMaskConfig(epochs=1800, latent_dim=17, mask_values=None vae_layers=(100, 75, 50), lr=0.006, \nlosses_used=['Latent sens ADV loss', 'Pos Y vec loss', 'Reconstruction loss', 'KL divergence loss'])Latent sens ADV loss: {'weight': 0.1, 'lr': 0.05, 'optimizer': 'Adam', 'layers': (75, 30, 10), 'input_dim': 15}, Pos Y vec loss: {'weight': 1200000}, Reconstruction loss: {'weight': 15}, KL divergence loss: {'weight': 0.05}, Flipped ADV loss: {'weight': 0.01, 'lr': 0.05, 'optimizer': 'Adam', 'layers': (75, 30, 10), 'input_dim': 10, 'sens_col_ids': [8, 7]}, Sensitive KL loss: {'weight': 9000, 'sens_col_ids': [8, 7]}""}",0.016787298707980746,0.02438141685574417,0.057586157629451976,0.025203021586700573,0.05969525348613288,0.06632906635612482,0.07838539333401155,0.05797270329063135,0.058891794492123194,0.020753925465471165,0.04058721636302276,0.028830829135120948,0.01969130222190839,0.04006009671334955,0.05156996967318921,0.05230633318423634,0.0578117386388664,0.045627119579850786,0.053010900870734005,0.035479689677234236,0.04725660776380897,0.029629858232595695,0.03715585038050729,0.036919902634631296,0.034544195436563195,0.0396721801412197,0.0424699615500635,0.07298042182831874,0.09637274362833133,0.08641846154024968,0.059213597561129684,0.018932635454254165,0.015140808876310875,0.00886740266058437,0.006689639420975733,0.010031959500820748,0.14043737010781823,0.057741958390752274,0.04105396601062731,2.3966698406745436e+18,0.03516270735256566,0.02884133585063103,0.03145104920967043,0.032490870795555106,0.033459772534628215,,
Compas Dataset,nn keras,"['race', 'sex']",FYP VAE,"{'c': 'FYP', 'my model config': ""VAEMaskConfig(epochs=1800, latent_dim=17, mask_values=None vae_layers=(100, 75, 50), lr=0.006, \nlosses_used=['Latent sens ADV loss', 'Reconstruction loss', 'KL divergence loss'])Latent sens ADV loss: {'weight': 0.1, 'lr': 0.05, 'optimizer': 'Adam', 'layers': (75, 30, 10), 'input_dim': 15}, Reconstruction loss: {'weight': 15}, KL divergence loss: {'weight': 0.05}, Flipped ADV loss: {'weight': 0.01, 'lr': 0.05, 'optimizer': 'Adam', 'layers': (75, 30, 10), 'input_dim': 10, 'sens_col_ids': [8, 7]}, Sensitive KL loss: {'weight': 9000, 'sens_col_ids': [8, 7]}, Pos Y vec loss: {'weight': 1200000}""}",0.015772489767892337,0.024397708440595123,0.05634234898722242,0.023938880354187148,0.0583222541525599,0.06508771461714216,0.07742497094165736,0.056379617884354326,0.05705625849805782,0.020081722699824524,0.03980006277466721,0.03018537437110649,0.01818586276824725,0.03735003921892315,0.046732536277513496,0.054842004721258206,0.055818187911861855,0.04585956519487878,0.04993982639938542,0.03797057400587956,0.04548430635917975,0.02421279472788619,0.029224342988611186,0.03796269207976484,0.03228708935642295,0.03716300042806937,0.033942069299444474,0.075505469887358,0.08925284252135851,0.07892325499108338,0.04791196682715577,0.019772260896083197,0.016334039968943857,0.00826246976927478,0.005366781910958637,0.007750653427320871,0.12701113801261762,0.06405682014616323,0.04065796824735702,2.3966698406745436e+18,0.03357939860633179,0.028727608981086433,0.031102863311034897,0.031587090084413565,0.03205555554859674,,
Compas Dataset,nn keras,"['race', 'sex']",FYP VAE,"{'c': 'FYP', 'my model config': ""VAEMaskConfig(epochs=1800, latent_dim=17, mask_values=None vae_layers=(100, 75, 50), lr=0.006, \nlosses_used=['Pos Y vec loss', 'Reconstruction loss', 'KL divergence loss'])Pos Y vec loss: {'weight': 1200000}, Reconstruction loss: {'weight': 15}, KL divergence loss: {'weight': 0.05}, Latent sens ADV loss: {'weight': 0.1, 'lr': 0.05, 'optimizer': 'Adam', 'layers': (75, 30, 10), 'input_dim': 15}, Flipped ADV loss: {'weight': 0.01, 'lr': 0.05, 'optimizer': 'Adam', 'layers': (75, 30, 10), 'input_dim': 10, 'sens_col_ids': [8, 7]}, Sensitive KL loss: {'weight': 9000, 'sens_col_ids': [8, 7]}""}",0.01748627970865372,0.02462935095335174,0.054892911482306676,0.025201216535447567,0.05745491583354495,0.06654436797211788,0.07677968022086434,0.05204472867466295,0.05617093465360317,0.02161144495761049,0.03981606765238492,0.02787251668085755,0.019716956474884476,0.0418991507263327,0.04831096430153292,0.052149812897540664,0.05274040058263392,0.04913585618959049,0.05097294953415075,0.03427060511626051,0.0447972423814148,0.025900511976454703,0.029350782390533132,0.03463009042717631,0.03156970243691034,0.0371980798776321,0.03770336900264089,0.08266348576712972,0.09083750007024698,0.08468538115874727,0.053585412811273526,0.021508454943928796,0.011872266864122188,0.008279695418036007,0.005999221043266488,0.008980194769552054,0.10830028076384295,0.04964756042597723,0.03766918777101178,2.3966698406745436e+18,0.03416975024423462,0.028065620806299166,0.029538286885038293,0.03235433773325203,0.0350796893303048,,
Compas Dataset,nn keras,"['race', 'sex']",FYP VAE,"{'c': 'FYP', 'my model config': ""VAEMaskConfig(epochs=1800, latent_dim=17, mask_values=None vae_layers=(100, 75, 50), lr=0.006, \nlosses_used=['Reconstruction loss', 'KL divergence loss'])Reconstruction loss: {'weight': 15}, KL divergence loss: {'weight': 0.05}, Latent sens ADV loss: {'weight': 0.1, 'lr': 0.05, 'optimizer': 'Adam', 'layers': (75, 30, 10), 'input_dim': 15}, Flipped ADV loss: {'weight': 0.01, 'lr': 0.05, 'optimizer': 'Adam', 'layers': (75, 30, 10), 'input_dim': 10, 'sens_col_ids': [8, 7]}, Sensitive KL loss: {'weight': 9000, 'sens_col_ids': [8, 7]}, Pos Y vec loss: {'weight': 1200000}""}",0.01600644873019018,0.022069055454092712,0.05490204046867894,0.023993684666688945,0.056643040367762264,0.061671327012657914,0.08265784097296539,0.058115368083030174,0.05395652438571546,0.02072900802007632,0.039458689814923974,0.027714977192141162,0.018216107675465647,0.03830275576261104,0.05332688981514966,0.051095349112758495,0.057276297427132056,0.04427901416353433,0.05500728768196092,0.03565215723654772,0.044479807494515175,0.022032700266627278,0.034837408662703,0.03052161250760525,0.03184831727133353,0.03275563693907559,0.04052770632774244,0.07184553331312474,0.09588590834537311,0.06598713638168686,0.05608142523758926,0.017876480878824725,0.012223436583288831,0.007302930399897298,0.006454876451000686,0.008613211372250934,0.12362124819666843,0.053471796280625275,0.031971216036585995,2.3966698406745436e+18,0.033517433229926154,0.02709881790966014,0.030030297328377635,0.031189494057841022,0.03216851072775346,,
Compas Dataset,nn keras,"['race', 'sex']",FYP VAE,"{'c': 'FYP', 'my model config': ""VAEMaskConfig(epochs=1800, latent_dim=17, mask_values=None vae_layers=(100, 75, 50), lr=0.006, \nlosses_used=['Sensitive KL loss', 'Latent sens ADV loss', 'Reconstruction loss', 'KL divergence loss'])Sensitive KL loss: {'weight': 9000, 'sens_col_ids': [8, 7]}, Latent sens ADV loss: {'weight': 0.1, 'lr': 0.05, 'optimizer': 'Adam', 'layers': (75, 30, 10), 'input_dim': 15}, Reconstruction loss: {'weight': 15}, KL divergence loss: {'weight': 0.05}, Flipped ADV loss: {'weight': 0.01, 'lr': 0.05, 'optimizer': 'Adam', 'layers': (75, 30, 10), 'input_dim': 10, 'sens_col_ids': [8, 7]}, Pos Y vec loss: {'weight': 1200000}""}",0.017398589736044984,0.023716794212080634,0.05751078056367486,0.025452568417452328,0.05868502879802238,0.06647068292693925,0.07277940834014876,0.05557679007008796,0.05881788058569545,0.022884912180689915,0.0404410957302829,0.028780347362771914,0.019821257379753612,0.042048202874163026,0.045062166295366184,0.05357065512486122,0.056113685088172625,0.047595377143271674,0.049372738648988695,0.03792189601870268,0.045908292935304934,0.02663500152165461,0.028654843887888488,0.034182667211513786,0.0353319398319157,0.036702162323228295,0.034269920202352144,0.07833430694543808,0.08959196592467251,0.07863256837473827,0.051905970267477224,0.01777997751853868,0.016703771742174106,0.008229345468702716,0.00542044232679635,0.008799465170056996,0.11256055671757571,0.05630335827452201,0.030767882332528456,2.3966698406745436e+18,0.03431373224855798,0.028522475091996312,0.031674197226064724,0.03193981977651705,0.03476518126781037,,
Compas Dataset,nn keras,"['race', 'sex']",FYP VAE,"{'c': 'FYP', 'my model config': ""VAEMaskConfig(epochs=1800, latent_dim=17, mask_values=None vae_layers=(100, 75, 50), lr=0.006, \nlosses_used=['Sensitive KL loss', 'Pos Y vec loss', 'Reconstruction loss', 'KL divergence loss'])Sensitive KL loss: {'weight': 9000, 'sens_col_ids': [8, 7]}, Pos Y vec loss: {'weight': 1200000}, Reconstruction loss: {'weight': 15}, KL divergence loss: {'weight': 0.05}, Latent sens ADV loss: {'weight': 0.1, 'lr': 0.05, 'optimizer': 'Adam', 'layers': (75, 30, 10), 'input_dim': 15}, Flipped ADV loss: {'weight': 0.01, 'lr': 0.05, 'optimizer': 'Adam', 'layers': (75, 30, 10), 'input_dim': 10, 'sens_col_ids': [8, 7]}""}",0.016621913750495366,0.024365789885234784,0.05376053396469894,0.024622330425695293,0.05545954798458057,0.06194407425389903,0.07148106230838257,0.05296631442999455,0.05544644310293895,0.02086369982701388,0.03961572751319436,0.02873138866641753,0.01876517623159544,0.03561650233979026,0.04733177174598034,0.049144902596308104,0.0544869946611862,0.04214510690673494,0.05039878292112842,0.03574256442237344,0.04445489509427818,0.022130953268002452,0.028521767187363507,0.03311896298661571,0.03183719653221246,0.03257164079509062,0.036456992170874315,0.06885857798085925,0.09008282143524902,0.06903139017388078,0.05391199556117001,0.015363891117923703,0.013882818044431627,0.007224493982227954,0.005732237799194035,0.008152792782673125,0.13049825004313373,0.056228736138153344,0.03755678693462031,2.3966698406745436e+18,0.03289925643957414,0.027524141213536187,0.029262180784725585,0.030390162299030143,0.032839183229180766,,
Compas Dataset,nn keras,"['race', 'sex']",FYP VAE,"{'c': 'FYP', 'my model config': ""VAEMaskConfig(epochs=1800, latent_dim=17, mask_values=None vae_layers=(100, 75, 50), lr=0.006, \nlosses_used=['Sensitive KL loss', 'Reconstruction loss', 'KL divergence loss'])Sensitive KL loss: {'weight': 9000, 'sens_col_ids': [8, 7]}, Reconstruction loss: {'weight': 15}, KL divergence loss: {'weight': 0.05}, Latent sens ADV loss: {'weight': 0.1, 'lr': 0.05, 'optimizer': 'Adam', 'layers': (75, 30, 10), 'input_dim': 15}, Flipped ADV loss: {'weight': 0.01, 'lr': 0.05, 'optimizer': 'Adam', 'layers': (75, 30, 10), 'input_dim': 10, 'sens_col_ids': [8, 7]}, Pos Y vec loss: {'weight': 1200000}""}",0.017099357394438332,0.024917645002071432,0.057883858922932935,0.02535910707371682,0.05973582807720185,0.06705145600160198,0.07731469501024982,0.055274522235852344,0.05895033464871814,0.02250997900219474,0.04019078384348895,0.02945672633436448,0.019207315154079297,0.03696511257222287,0.047889281771759946,0.05326386369437366,0.05622302010253214,0.04317375058373345,0.05041054113428397,0.03856094010137922,0.044846767932090977,0.022406391532505624,0.027627760298608747,0.03096313710289718,0.036272714004813106,0.03367125653839048,0.031422229179457195,0.07243221299322346,0.09010266901270277,0.06871323529803676,0.048273461579864604,0.017435432739298665,0.014928351399726002,0.007542994253086755,0.004979138117546082,0.007536674198680247,0.0983185875368117,0.04679353649662876,0.03561652694243463,2.3966698406745436e+18,0.03506639201325191,0.02931317718331985,0.03169757969095011,0.032168828812265945,0.03370484782637035,,
Compas Dataset,nn keras,"['race', 'sex']",FYP VAE,"{'c': 'FYP', 'my model config': ""VAEMaskConfig(epochs=1800, latent_dim=17, mask_values=None vae_layers=(100, 75, 50), lr=0.006, \nlosses_used=[])KL divergence loss: {'weight': 0.05}, Reconstruction loss: {'weight': 15}, Latent sens ADV loss: {'weight': 0.1, 'lr': 0.05, 'optimizer': 'Adam', 'layers': (75, 30, 10), 'input_dim': 15}, Flipped ADV loss: {'weight': 0.01, 'lr': 0.05, 'optimizer': 'Adam', 'layers': (75, 30, 10), 'input_dim': 10, 'sens_col_ids': [8, 7]}, Sensitive KL loss: {'weight': 9000, 'sens_col_ids': [8, 7]}, Pos Y vec loss: {'weight': 1200000}""}",0.014554327797069902,0.027193330915869618,0.049665926526482544,0.018756207889786648,0.05357129550869904,0.05667286097863104,0.0615393813384277,0.05486198676509239,0.05363011713050037,0.020174420561953354,0.03540162985093159,0.029185921856740994,0.016023118309047558,0.03494734967766084,0.03876170003895888,0.051358174267589235,0.03090930385461776,0.03439096367903654,0.03229768250131253,0.0393615587446816,0.03938917816960565,0.03494734967766084,0.03876170003895888,0.051358174267589235,0.03090930385461776,0.03439096367903654,0.03229768250131253,0.046557412601453366,0.06075059450968838,0.08292062615209346,0.0395388669338722,0.0,0.0,0.007738328103439824,0.004956222526391241,0.007909374655001935,0.22254544462890638,0.04917172047824173,0.0491484778207134,2.6039065252596495e+18,0.029872459706260485,0.029883748134887856,0.02877386473608238,0.029733098840171546,0.028272704580123556,0.12104882374643376,0.13028730016401444
Compas Dataset,nn keras,"['race', 'sex']",FairBalance Bias Mitigation,{},0.02397569225908385,0.026200221971191134,0.040899790884232484,0.026446059587773768,0.03444833084966778,0.03872791037736635,0.04419161930153229,0.040489794331412365,0.036301477695098366,0.027432237086729483,0.0571557239591312,0.029522542438356152,0.022220308755124724,0.03807936679271052,0.04581292086142101,0.04462761057777965,0.05173659147652172,0.03930269509833436,0.03969337075698014,0.03138010038920721,0.053808024103943225,0.036659420404518396,0.03609755378131902,0.03702110616376063,0.04062887220751021,0.0387183862748662,0.03881775967140442,0.05951642306565749,0.07650913108420694,0.07645020311044795,0.057456373342528205,0.027609493053592647,0.0338869770826493,0.008634284449577923,0.006137370105073,0.008653548320174382,0.11702445574435653,0.06421936657338001,0.04469726045715957,2.3966698406745436e+18,0.025014925631553536,0.020296647625331215,0.02293918996899089,0.021571778030431588,0.04806242814289517,,
Compas Dataset,nn keras,"['race', 'sex']",FairMask Bias Mitigation,{},0.015945131629999113,0.023007142975269044,0.05270261374460226,0.024261510142460103,0.053507315089018376,0.06062641082769225,0.07625143801488733,0.048993290372715895,0.05106192545670698,0.020865756864768763,0.037079887977054894,0.02495975591303479,0.017626613171987594,0.03584846274138005,0.05034620332925019,0.04908212550252829,0.045337132773283655,0.040310357910057416,0.049711744414606907,0.03296867918783219,0.04092810496723177,0.03584846274138005,0.05034620332925019,0.04908212550252829,0.03777417729535873,0.040310357910057416,0.049711744414606907,0.05962425820411859,0.09212470336914909,0.11560741004392518,0.061421876524940515,0.0,0.0,0.009084582096230689,0.007720152671031419,0.009970935946586549,0.24153577724392677,0.054654562243800976,0.06138052837004127,2.3966698406745436e+18,0.032629625734081694,0.025538481888075053,0.02879213100622531,0.028967460826960136,0.03056051871483984,,
Compas Dataset,nn keras,"['race', 'sex']",No Bias Mitigation,{},0.017401965558394104,0.026381543858493978,0.05539367631987908,0.024351619700803018,0.054972999390091606,0.058770056173371894,0.06009303603837999,0.058321161700650964,0.05654573299717649,0.021282636404133703,0.036876197353046244,0.02835337219051996,0.019226960411390225,0.04032708167788449,0.04443526585706052,0.053209550668660434,0.0457245845240763,0.04142363175104066,0.04138536006329194,0.03462044379670332,0.04089894007724962,0.04032708167788449,0.04443526585706052,0.053209550668660434,0.0457245845240763,0.04142363175104066,0.04138536006329194,0.05427659929914891,0.09652754812341624,0.10456301595156148,0.049749708831644736,0.01062839119272316,0.018744884016960704,0.009297661852566669,0.006522216742989419,0.009322637798849434,0.2906508852000273,0.06099449506568775,0.062228725297859694,2.49631718032521e+18,0.032921581149236434,0.02826467884672361,0.03129807926504761,0.028306879799528697,0.03313385785451159,0.12308650852343643,0.13604930027180517
Compas Dataset,nn keras,"['race', 'sex']",Reweighing Bias Mitigation,{},0.018610543202455195,0.02457031705109349,0.03857436492306365,0.022545813879672066,0.038212698594321734,0.03986827640133569,0.0508670739371197,0.053238238272809324,0.04242741605292241,0.021779675568343856,0.04130435536173629,0.0316017211791558,0.01952158103185994,0.048436366998796346,0.05760573215436034,0.054757878613357444,0.06681430013760094,0.04927759424597542,0.056178411164442166,0.037241512336292734,0.04345692298830594,0.03974956670775977,0.041733397531024626,0.03945430250643444,0.04400677476169494,0.042143034229633426,0.04856202670190027,0.0711699555065111,0.10070022392823325,0.07716544925580268,0.06708244784319757,0.026971747276295893,0.03687102435753481,0.009421592646293468,0.007608635923677238,0.010080799151129588,0.1416537403508462,0.0607639125401232,0.048224337590686055,2.3966698406745436e+18,0.02587449659304044,0.022116637703093,0.020992632892787907,0.02179366687740417,0.03653819170773673,,
