data,ML method,sensitive attrs,bias mitigation,other,accuracy,precision,recall,f1score,mean_pred,race|unprivileged mean_pred,race|privileged mean_pred,race|unprivileged acc,race|privileged acc,race|[AOD] Average Odds Difference,race|[EOD] Equal Opportunity Difference,race|[SPD] Statistical Parity Difference,race|[ERD] Error Rate Difference,race|[A_AOD] Absolute Average Odds Difference,race|[A_EOD] Absolute Equal Opportunity Difference,race|[A_SPD] Absolute Statistical Parity Difference,race|[DI] Disparate Impact,race|[DI_FM] Disparate Impact the way it was implemented in FairMask,race|[FR] Flip Rate,race|[SF] Statistical Parity Subgroup Fairness for One Attribute,race|[DF] Differential Fairness for One Attribute,[SF] Statistical Parity Subgroup Fairness,[DF] Differential Fairness,[MEOD] M Equal Opportunity Difference,[MAOD] M Average Odds Difference,id,TP,FP,FN,TN,MCC
Adult Dataset,nn keras,['race'],FYP VAE,"{'c': 'FYP', 'my model config': ""VAEMaskConfig(epochs=1500, latent_dim=30, mask_values=None vae_layers=(75, 60, 30, 30), lr=0.006, \nlosses_used=['Flipped ADV loss', 'Latent sens ADV loss', 'Reconstruction loss', 'KL divergence loss'])Flipped ADV loss: {'weight': 0.01, 'lr': 0.05, 'optimizer': 'Adam', 'layers': (75, 30, 10), 'input_dim': 25, 'sens_col_ids': [23]}, Latent sens ADV loss: {'weight': 0.1, 'lr': 0.05, 'optimizer': 'Adam', 'layers': (75, 30, 10), 'input_dim': 29}, Reconstruction loss: {'weight': 15}, KL divergence loss: {'weight': 0.05}, Sensitive KL loss: {'weight': 9000, 'sens_col_ids': [23]}, Pos Y vec loss: {'weight': 1200000}""}",0.031892610846794886,0.3208425157211805,0.26863590647900204,0.2871585973686828,0.09946281088676304,0.07377913936086349,0.10425267051792557,0.016990804983907187,0.03592764884764335,0.032907948261241306,0.05547547219716093,0.03863092244929373,0.030918782203217705,0.024426527800050835,0.041521022436055204,0.03833879045412462,0.17193376485072775,0.2902154611087431,0.02063691990664926,0.004779564036677983,0.21865742437654326,0.004779564036677983,0.21865742437654326,0.041521022436055204,0.024426527800050835,3.120846704093036e+18,0.06425761055238241,0.03599142979938567,0.01836531554810893,0.02042819090788591,0.032482116813745285
Adult Dataset,nn keras,['race'],FYP VAE,"{'c': 'FYP', 'my model config': ""VAEMaskConfig(epochs=1500, latent_dim=30, mask_values=None vae_layers=(75, 60, 30, 30), lr=0.006, \nlosses_used=['Flipped ADV loss', 'Pos Y vec loss', 'Reconstruction loss', 'KL divergence loss'])Flipped ADV loss: {'weight': 0.01, 'lr': 0.05, 'optimizer': 'Adam', 'layers': (75, 30, 10), 'input_dim': 25, 'sens_col_ids': [23]}, Pos Y vec loss: {'weight': 1200000}, Reconstruction loss: {'weight': 15}, KL divergence loss: {'weight': 0.05}, Latent sens ADV loss: {'weight': 0.1, 'lr': 0.05, 'optimizer': 'Adam', 'layers': (75, 30, 10), 'input_dim': 29}, Sensitive KL loss: {'weight': 9000, 'sens_col_ids': [23]}""}",0.006458471680291219,0.03274248421079589,0.05440795057369535,0.02534189286510945,0.02680363084287891,0.023709635764054462,0.028531437799210614,0.0162376036138024,0.00769136139308086,0.032638611830723536,0.06433534168422624,0.021335663160749026,0.01945529466295351,0.026997698929273097,0.0440281475749626,0.021335663160749026,0.08620792998676113,0.20675623500012508,0.007403090463493075,0.0027287345156184026,0.1322459523012772,0.0027287345156184026,0.1322459523012772,0.0440281475749626,0.026997698929273097,3.120846704093036e+18,0.013184560070129834,0.014652281733433215,0.013853164001727309,0.015406018752347438,0.01982735059256172
Adult Dataset,nn keras,['race'],FYP VAE,"{'c': 'FYP', 'my model config': ""VAEMaskConfig(epochs=1500, latent_dim=30, mask_values=None vae_layers=(75, 60, 30, 30), lr=0.006, \nlosses_used=['Flipped ADV loss', 'Reconstruction loss', 'KL divergence loss'])Flipped ADV loss: {'weight': 0.01, 'lr': 0.05, 'optimizer': 'Adam', 'layers': (75, 30, 10), 'input_dim': 25, 'sens_col_ids': [23]}, Reconstruction loss: {'weight': 15}, KL divergence loss: {'weight': 0.05}, Latent sens ADV loss: {'weight': 0.1, 'lr': 0.05, 'optimizer': 'Adam', 'layers': (75, 30, 10), 'input_dim': 29}, Sensitive KL loss: {'weight': 9000, 'sens_col_ids': [23]}, Pos Y vec loss: {'weight': 1200000}""}",0.022028484008019555,0.22812325087501284,0.1881975084478934,0.19962762925853092,0.0706321297612338,0.050746746302034,0.07444139068884449,0.017782737865135744,0.024502087187695677,0.0348072660428159,0.06437613417832524,0.030927134023137185,0.02479186240762927,0.026210973716281182,0.04592465886049389,0.030927134023137185,0.1288107541215594,0.22902916198639006,0.012872263866125656,0.0038886965299454383,0.16891008220485607,0.0038886965299454383,0.16891008220485607,0.04592465886049389,0.026210973716281182,3.120846704093036e+18,0.04525989941529553,0.026671008816773412,0.016354964157756145,0.018423817179542962,0.025775251217710696
Adult Dataset,nn keras,['race'],FYP VAE,"{'c': 'FYP', 'my model config': ""VAEMaskConfig(epochs=1500, latent_dim=30, mask_values=None vae_layers=(75, 60, 30, 30), lr=0.006, \nlosses_used=['Flipped ADV loss', 'Sensitive KL loss', 'Reconstruction loss', 'KL divergence loss'])Flipped ADV loss: {'weight': 0.01, 'lr': 0.05, 'optimizer': 'Adam', 'layers': (75, 30, 10), 'input_dim': 25, 'sens_col_ids': [23]}, Sensitive KL loss: {'weight': 9000, 'sens_col_ids': [23]}, Reconstruction loss: {'weight': 15}, KL divergence loss: {'weight': 0.05}, Latent sens ADV loss: {'weight': 0.1, 'lr': 0.05, 'optimizer': 'Adam', 'layers': (75, 30, 10), 'input_dim': 29}, Pos Y vec loss: {'weight': 1200000}""}",0.012468314898298105,0.11162005290980682,0.10449800747773288,0.09789761287790513,0.0435870857877468,0.03491419809834926,0.04625734965576288,0.018552539168812766,0.014114151318891287,0.04427359472073726,0.08164596946238539,0.029127938165967808,0.02353099481897471,0.028102441983033206,0.05025756736830855,0.028907644790746808,0.1259085887034441,0.2231517452191309,0.020758001455284048,0.003591387605607131,0.1645475977695602,0.003591387605607131,0.1645475977695602,0.05025756736830855,0.028102441983033206,3.120846704093036e+18,0.025516039446114577,0.019582013636842695,0.014758773161506498,0.018689000484749346,0.021481694770785698
Adult Dataset,nn keras,['race'],FYP VAE,"{'c': 'FYP', 'my model config': ""VAEMaskConfig(epochs=1500, latent_dim=30, mask_values=None vae_layers=(75, 60, 30, 30), lr=0.006, \nlosses_used=['Latent sens ADV loss', 'Pos Y vec loss', 'Reconstruction loss', 'KL divergence loss'])Latent sens ADV loss: {'weight': 0.1, 'lr': 0.05, 'optimizer': 'Adam', 'layers': (75, 30, 10), 'input_dim': 29}, Pos Y vec loss: {'weight': 1200000}, Reconstruction loss: {'weight': 15}, KL divergence loss: {'weight': 0.05}, Flipped ADV loss: {'weight': 0.01, 'lr': 0.05, 'optimizer': 'Adam', 'layers': (75, 30, 10), 'input_dim': 25, 'sens_col_ids': [23]}, Sensitive KL loss: {'weight': 9000, 'sens_col_ids': [23]}""}",0.005667511533898012,0.03471580762745092,0.0537859742340853,0.024218883097594984,0.02670061071015817,0.0275764163087794,0.028384738048715823,0.015052713744245586,0.006658911548054854,0.04308571920142129,0.0778450449879646,0.025988455004005324,0.017709357519702727,0.026395936235309756,0.0461883511751245,0.025988455004005324,0.11473353922539883,0.2500822506839668,0.016713196932558363,0.0032728620034971757,0.16678499672263505,0.0032728620034971757,0.16678499672263505,0.0461883511751245,0.026395936235309756,3.120846704093036e+18,0.01286441007076901,0.014843451107883623,0.01380860808674498,0.01503913639066702,0.01765333942416819
Adult Dataset,nn keras,['race'],FYP VAE,"{'c': 'FYP', 'my model config': ""VAEMaskConfig(epochs=1500, latent_dim=30, mask_values=None vae_layers=(75, 60, 30, 30), lr=0.006, \nlosses_used=['Latent sens ADV loss', 'Reconstruction loss', 'KL divergence loss'])Latent sens ADV loss: {'weight': 0.1, 'lr': 0.05, 'optimizer': 'Adam', 'layers': (75, 30, 10), 'input_dim': 29}, Reconstruction loss: {'weight': 15}, KL divergence loss: {'weight': 0.05}, Flipped ADV loss: {'weight': 0.01, 'lr': 0.05, 'optimizer': 'Adam', 'layers': (75, 30, 10), 'input_dim': 25, 'sens_col_ids': [23]}, Sensitive KL loss: {'weight': 9000, 'sens_col_ids': [23]}, Pos Y vec loss: {'weight': 1200000}""}",0.024470672201535097,0.22824927940900228,0.19365245992676253,0.20219175318872865,0.07307812658391119,0.0549914006198982,0.07677528524402448,0.018955706139296067,0.027286677838388278,0.042650391296950696,0.07772063371489497,0.03334951338167259,0.027523468171665927,0.031151513146573852,0.05508063952608386,0.03334951338167259,0.15117119460975878,0.3348050000762252,0.02006821802454023,0.004149269414370645,0.21505404939276734,0.004149269414370645,0.21505404939276734,0.05508063952608386,0.031151513146573852,3.120846704093036e+18,0.046327019097956265,0.028043276097109025,0.01706235010145074,0.019954137795112792,0.02125045661895181
Adult Dataset,nn keras,['race'],FYP VAE,"{'c': 'FYP', 'my model config': ""VAEMaskConfig(epochs=1500, latent_dim=30, mask_values=None vae_layers=(75, 60, 30, 30), lr=0.006, \nlosses_used=['Pos Y vec loss', 'Reconstruction loss', 'KL divergence loss'])Pos Y vec loss: {'weight': 1200000}, Reconstruction loss: {'weight': 15}, KL divergence loss: {'weight': 0.05}, Latent sens ADV loss: {'weight': 0.1, 'lr': 0.05, 'optimizer': 'Adam', 'layers': (75, 30, 10), 'input_dim': 29}, Flipped ADV loss: {'weight': 0.01, 'lr': 0.05, 'optimizer': 'Adam', 'layers': (75, 30, 10), 'input_dim': 25, 'sens_col_ids': [23]}, Sensitive KL loss: {'weight': 9000, 'sens_col_ids': [23]}""}",0.005515695357044204,0.03144374932975361,0.05943329295867906,0.02813959569887314,0.0295138673596018,0.023096978759993142,0.03175438851899967,0.015959899506771593,0.0068110003419500475,0.037407847720140046,0.0719162157413513,0.022547325603149763,0.019130559343863002,0.022306974779492325,0.04186326589072398,0.022547325603149763,0.0872921063230912,0.20898368267044698,0.011693914542150644,0.0028673678240885864,0.13344768729393244,0.0028673678240885864,0.13344768729393244,0.04186326589072398,0.022306974779492325,3.120846704093036e+18,0.015089030222696712,0.015186567704111198,0.014451043380823776,0.017087393111853387,0.01960976933536528
Adult Dataset,nn keras,['race'],FYP VAE,"{'c': 'FYP', 'my model config': ""VAEMaskConfig(epochs=1500, latent_dim=30, mask_values=None vae_layers=(75, 60, 30, 30), lr=0.006, \nlosses_used=['Reconstruction loss', 'KL divergence loss'])Reconstruction loss: {'weight': 15}, KL divergence loss: {'weight': 0.05}, Latent sens ADV loss: {'weight': 0.1, 'lr': 0.05, 'optimizer': 'Adam', 'layers': (75, 30, 10), 'input_dim': 29}, Flipped ADV loss: {'weight': 0.01, 'lr': 0.05, 'optimizer': 'Adam', 'layers': (75, 30, 10), 'input_dim': 25, 'sens_col_ids': [23]}, Sensitive KL loss: {'weight': 9000, 'sens_col_ids': [23]}, Pos Y vec loss: {'weight': 1200000}""}",0.018395926793235016,0.1827967766593199,0.15763342132661318,0.1630629924833739,0.05970489856856805,0.04384542504148419,0.06271818614767444,0.017605290744400655,0.02028775782141854,0.03143397268732739,0.06287600680454418,0.025068597475470644,0.021881803847237088,0.021867285482957154,0.038839406515087514,0.025068597475470644,0.10831849230621149,0.19740924375875288,0.008632890705170518,0.0031298077011319516,0.14383090604593224,0.0031298077011319516,0.14383090604593224,0.038839406515087514,0.021867285482957154,3.120846704093036e+18,0.03774486828657007,0.023348393716295213,0.0143974626665928,0.01640807708168512,0.01800686844034358
Adult Dataset,nn keras,['race'],FYP VAE,"{'c': 'FYP', 'my model config': ""VAEMaskConfig(epochs=1500, latent_dim=30, mask_values=None vae_layers=(75, 60, 30, 30), lr=0.006, \nlosses_used=['Sensitive KL loss', 'Latent sens ADV loss', 'Reconstruction loss', 'KL divergence loss'])Sensitive KL loss: {'weight': 9000, 'sens_col_ids': [23]}, Latent sens ADV loss: {'weight': 0.1, 'lr': 0.05, 'optimizer': 'Adam', 'layers': (75, 30, 10), 'input_dim': 29}, Reconstruction loss: {'weight': 15}, KL divergence loss: {'weight': 0.05}, Flipped ADV loss: {'weight': 0.01, 'lr': 0.05, 'optimizer': 'Adam', 'layers': (75, 30, 10), 'input_dim': 25, 'sens_col_ids': [23]}, Pos Y vec loss: {'weight': 1200000}""}",0.006555650842491266,0.03445619741046896,0.05929381200695487,0.025998394866167458,0.030096098342337427,0.024833843992831194,0.032834870035032174,0.017305369934626526,0.0074914890899874945,0.04509674323565936,0.08004268950565156,0.02856850180615664,0.019682925705005523,0.02708821948064734,0.04735820285689188,0.02856850180615664,0.11054403223423144,0.2543671602573229,0.013967293623102511,0.0035984749411314136,0.1652178312315269,0.0035984749411314136,0.1652178312315269,0.04735820285689188,0.02708821948064734,3.120846704093036e+18,0.014512249250039376,0.016512358430552924,0.014790238835608222,0.01744615253348766,0.019776917303324117
Adult Dataset,nn keras,['race'],FYP VAE,"{'c': 'FYP', 'my model config': ""VAEMaskConfig(epochs=1500, latent_dim=30, mask_values=None vae_layers=(75, 60, 30, 30), lr=0.006, \nlosses_used=['Sensitive KL loss', 'Pos Y vec loss', 'Reconstruction loss', 'KL divergence loss'])Sensitive KL loss: {'weight': 9000, 'sens_col_ids': [23]}, Pos Y vec loss: {'weight': 1200000}, Reconstruction loss: {'weight': 15}, KL divergence loss: {'weight': 0.05}, Latent sens ADV loss: {'weight': 0.1, 'lr': 0.05, 'optimizer': 'Adam', 'layers': (75, 30, 10), 'input_dim': 29}, Flipped ADV loss: {'weight': 0.01, 'lr': 0.05, 'optimizer': 'Adam', 'layers': (75, 30, 10), 'input_dim': 25, 'sens_col_ids': [23]}""}",0.006209726722926603,0.03520386186524404,0.0599839051103043,0.02689711905835247,0.030288684854930054,0.02606345551121522,0.03213185778931246,0.017190598109680464,0.0072034441532768225,0.03218345807983903,0.0634536627587378,0.021960603190618367,0.01977237205298497,0.019407475627936755,0.04012564318214731,0.021960603190618367,0.08885053366193565,0.17962274055744137,0.012087573038103771,0.0027758266620087754,0.1252897167038396,0.0027758266620087754,0.1252897167038396,0.04012564318214731,0.019407475627936755,3.120846704093036e+18,0.014862816566271286,0.016308854295171146,0.014856084229180446,0.017493167842538973,0.01938444787993632
Adult Dataset,nn keras,['race'],FYP VAE,"{'c': 'FYP', 'my model config': ""VAEMaskConfig(epochs=1500, latent_dim=30, mask_values=None vae_layers=(75, 60, 30, 30), lr=0.006, \nlosses_used=['Sensitive KL loss', 'Reconstruction loss', 'KL divergence loss'])Sensitive KL loss: {'weight': 9000, 'sens_col_ids': [23]}, Reconstruction loss: {'weight': 15}, KL divergence loss: {'weight': 0.05}, Latent sens ADV loss: {'weight': 0.1, 'lr': 0.05, 'optimizer': 'Adam', 'layers': (75, 30, 10), 'input_dim': 29}, Flipped ADV loss: {'weight': 0.01, 'lr': 0.05, 'optimizer': 'Adam', 'layers': (75, 30, 10), 'input_dim': 25, 'sens_col_ids': [23]}, Pos Y vec loss: {'weight': 1200000}""}",0.006479321583952059,0.03309448721717673,0.06007894223194627,0.02686789578774916,0.030558139315821114,0.026530026539942228,0.03256646033713658,0.015902433947794666,0.007462128331142762,0.0344083281491307,0.0642766738878135,0.02391730521153183,0.01850204325244409,0.020586212030391418,0.03819271726361579,0.02391730521153183,0.10120873925939934,0.21436236155171948,0.010683594868679928,0.003022333939092113,0.14590832176214003,0.003022333939092113,0.14590832176214003,0.03819271726361579,0.020586212030391418,3.120846704093036e+18,0.014992049154503766,0.016268630627260788,0.014714804554218487,0.018095778541283414,0.01930292425801941
Adult Dataset,nn keras,['race'],FairBalance Bias Mitigation,{},0.008502295355318363,0.017122272688645412,0.02356980130036988,0.013451394337322078,0.015458082819113657,0.021124975559529222,0.016221353352403385,0.01896894614290374,0.008906481072037547,0.02914883551049541,0.05687426332978651,0.020545263429059237,0.019913453855252793,0.02914883551049541,0.05687426332978651,0.020545263429059237,0.05734865626282776,0.15096119545433756,0.009215387085955082,0.0026245951973507017,0.09257214088421442,0.0026245951973507017,0.09257214088421442,0.05687426332978651,0.02914883551049541,3.120846704093036e+18,0.008382420998596481,0.01017783129602193,0.005816737149738526,0.012695855844509054,0.016986723174030483
Adult Dataset,nn keras,['race'],FairMask Bias Mitigation,{},0.006164540585462978,0.036430531235234535,0.06337406136143826,0.028480380700847296,0.029171546381486953,0.02013242212543603,0.031854730643180076,0.013311569865416296,0.006988218000355576,0.03396921370762807,0.06484349269771071,0.023829028190329025,0.015432596726961765,0.024877263902909178,0.04016940669373463,0.023829028190329025,0.07963570398445316,0.2284211806450138,0.0,0.002991745047963932,0.13374146501473042,0.002991745047963932,0.13374146501473042,0.04016940669373463,0.024877263902909178,3.120846704093036e+18,0.015595171374495028,0.014699519922356423,0.015559690181718586,0.01565958290899743,0.022960009678065687
Adult Dataset,nn keras,['race'],LFR,{'c': 'LFR'},0.006875971643444171,0.029572539188749306,0.04457238345874819,0.02141436854099145,0.01970351908101916,0.022707208011547717,0.021445193676662415,0.013718257512735098,0.008044056967730702,0.04120487973702948,0.07415613857126169,0.024475252160133264,0.01685022484625892,0.027404702703888117,0.04923065055853298,0.024475252160133264,0.10444171797482413,0.23036414907283947,0.018743751697577256,0.003059110559472284,0.15284082334892954,0.003059110559472284,0.15284082334892954,0.04923065055853298,0.027404702703888117,3.120846704093036e+18,0.010428525191833899,0.010904716828104219,0.011861237226934808,0.011170621523969934,0.020959539856863087
Adult Dataset,nn keras,['race'],No Bias Mitigation,{},0.006422065867455773,0.03991053849314168,0.05892932876109003,0.025560703233880547,0.028498595304806883,0.01783481203091643,0.03126011150656844,0.01370870733655517,0.0073718458192798385,0.03551583916208285,0.06861663494850176,0.024042887890791207,0.016185861615899824,0.03413957444614989,0.06021326699501112,0.024042887890791207,0.0703927680906582,0.250269285903588,0.00782021256387424,0.0029704122955331183,0.13133408593941978,0.0029704122955331183,0.13133408593941978,0.06021326699501112,0.03413957444614989,3.120846704093036e+18,0.014892466827919748,0.014868019811462093,0.014231135553175001,0.016299544049587295,0.021003662374799153
Adult Dataset,nn keras,['race'],Reweighing Bias Mitigation,{},0.007713251893825017,0.021640579732146458,0.02302210868876399,0.017811087819876503,0.010469617204086432,0.01767201978842035,0.01125833853466975,0.01401591042462481,0.00878956955598134,0.027806321049675238,0.050627120321073506,0.018718362102005504,0.016844827239011338,0.01934076015934699,0.03549316802918915,0.018718362102005504,0.0778468024168844,0.15135168304879718,0.010508875372473293,0.002338564214556074,0.10776733585975828,0.002338564214556074,0.10776733585975828,0.03549316802918915,0.01934076015934699,3.120846704093036e+18,0.007575289107355147,0.006394214809880447,0.00599681646835454,0.009617973333364617,0.02137472117014102
Compas Dataset,nn keras,['race'],FYP VAE,"{'c': 'FYP', 'my model config': ""VAEMaskConfig(epochs=1800, latent_dim=17, mask_values=None vae_layers=(100, 75, 50), lr=0.006, \nlosses_used=['Flipped ADV loss', 'Latent sens ADV loss', 'Reconstruction loss', 'KL divergence loss'])Flipped ADV loss: {'weight': 0.01, 'lr': 0.05, 'optimizer': 'Adam', 'layers': (75, 30, 10), 'input_dim': 10, 'sens_col_ids': [8]}, Latent sens ADV loss: {'weight': 0.1, 'lr': 0.05, 'optimizer': 'Adam', 'layers': (75, 30, 10), 'input_dim': 16}, Reconstruction loss: {'weight': 15}, KL divergence loss: {'weight': 0.05}, Sensitive KL loss: {'weight': 9000, 'sens_col_ids': [8]}, Pos Y vec loss: {'weight': 1200000}""}",0.018938954680310472,0.034105670658349733,0.05297828904166979,0.024484626242232993,0.05683148442652328,0.05704193568315447,0.061921855546568275,0.02298223010251549,0.028801482203363604,0.031914958906886844,0.041218348563735754,0.03193464824065899,0.03468598911186449,0.02492424559941738,0.029000205991969313,0.03071695807453966,0.04772423839934258,0.054690695630768886,0.02181632841025021,0.006950194458466844,0.04973721119339106,0.006950194458466844,0.08515339448576624,0.029000205991969313,0.02492424559941738,2.605225452157392e+18,0.033556773148807645,0.03330827492069785,0.029421922735323996,0.03151428427693564,0.03593656074806088
Compas Dataset,nn keras,['race'],FYP VAE,"{'c': 'FYP', 'my model config': ""VAEMaskConfig(epochs=1800, latent_dim=17, mask_values=None vae_layers=(100, 75, 50), lr=0.006, \nlosses_used=['Flipped ADV loss', 'Pos Y vec loss', 'Reconstruction loss', 'KL divergence loss'])Flipped ADV loss: {'weight': 0.01, 'lr': 0.05, 'optimizer': 'Adam', 'layers': (75, 30, 10), 'input_dim': 10, 'sens_col_ids': [8]}, Pos Y vec loss: {'weight': 1200000}, Reconstruction loss: {'weight': 15}, KL divergence loss: {'weight': 0.05}, Latent sens ADV loss: {'weight': 0.1, 'lr': 0.05, 'optimizer': 'Adam', 'layers': (75, 30, 10), 'input_dim': 16}, Sensitive KL loss: {'weight': 9000, 'sens_col_ids': [8]}""}",0.015521911753450858,0.03135413755129798,0.05515874016639821,0.023038766196256114,0.05959067882437711,0.06048504848541256,0.06360076334465956,0.02230668097265667,0.028413469026262215,0.03311594784484262,0.04453227173022361,0.03350528021178456,0.04018027608641637,0.029354102981515653,0.03020196487202658,0.03336998342083021,0.04986888648499812,0.06155096353023913,0.017544614010381026,0.0075623702887232655,0.05515298382475918,0.0075623702887232655,0.0919397924113669,0.03020196487202658,0.029354102981515653,2.605225452157392e+18,0.034574516164231336,0.03285080729368387,0.030622985927121177,0.03294594044089606,0.02978318515775876
Compas Dataset,nn keras,['race'],FYP VAE,"{'c': 'FYP', 'my model config': ""VAEMaskConfig(epochs=1800, latent_dim=17, mask_values=None vae_layers=(100, 75, 50), lr=0.006, \nlosses_used=['Flipped ADV loss', 'Reconstruction loss', 'KL divergence loss'])Flipped ADV loss: {'weight': 0.01, 'lr': 0.05, 'optimizer': 'Adam', 'layers': (75, 30, 10), 'input_dim': 10, 'sens_col_ids': [8]}, Reconstruction loss: {'weight': 15}, KL divergence loss: {'weight': 0.05}, Latent sens ADV loss: {'weight': 0.1, 'lr': 0.05, 'optimizer': 'Adam', 'layers': (75, 30, 10), 'input_dim': 16}, Sensitive KL loss: {'weight': 9000, 'sens_col_ids': [8]}, Pos Y vec loss: {'weight': 1200000}""}",0.016627284055736817,0.030397438661263872,0.0554085902226544,0.025399481109477363,0.05910409512809639,0.058977938157761166,0.06444906477239759,0.021907028286484564,0.02835201795302765,0.030894340829982155,0.04319969532071831,0.03176618901718328,0.03737288156992351,0.024017229737743673,0.028928407193930677,0.029399784056890785,0.04891382887215278,0.05442252082052371,0.019918469990746854,0.006684824660490259,0.04912944814934737,0.006684824660490259,0.0776473883327792,0.028928407193930677,0.024017229737743673,2.605225452157392e+18,0.0357363105151532,0.031659846119869745,0.030035169444790715,0.03307590836177967,0.031402956741816576
Compas Dataset,nn keras,['race'],FYP VAE,"{'c': 'FYP', 'my model config': ""VAEMaskConfig(epochs=1800, latent_dim=17, mask_values=None vae_layers=(100, 75, 50), lr=0.006, \nlosses_used=['Flipped ADV loss', 'Sensitive KL loss', 'Reconstruction loss', 'KL divergence loss'])Flipped ADV loss: {'weight': 0.01, 'lr': 0.05, 'optimizer': 'Adam', 'layers': (75, 30, 10), 'input_dim': 10, 'sens_col_ids': [8]}, Sensitive KL loss: {'weight': 9000, 'sens_col_ids': [8]}, Reconstruction loss: {'weight': 15}, KL divergence loss: {'weight': 0.05}, Latent sens ADV loss: {'weight': 0.1, 'lr': 0.05, 'optimizer': 'Adam', 'layers': (75, 30, 10), 'input_dim': 16}, Pos Y vec loss: {'weight': 1200000}""}",0.016119886124205503,0.029966620430213822,0.053033710883795014,0.024089778505662716,0.05642853755291437,0.05739677510929415,0.060204878596866934,0.0220978251618534,0.027601935189603348,0.03315040198922285,0.04149073367410234,0.032721913548925764,0.03791514887588107,0.024051536606600726,0.026989685405609493,0.028994027428103746,0.05150660379158406,0.05535199323509236,0.019117995230882357,0.00654397309089276,0.04965776616874559,0.00654397309089276,0.07534287602999966,0.026989685405609493,0.024051536606600726,2.605225452157392e+18,0.03470490590217024,0.03047540105955575,0.028856057340690022,0.031368363060208015,0.029749786310102742
Compas Dataset,nn keras,['race'],FYP VAE,"{'c': 'FYP', 'my model config': ""VAEMaskConfig(epochs=1800, latent_dim=17, mask_values=None vae_layers=(100, 75, 50), lr=0.006, \nlosses_used=['Latent sens ADV loss', 'Pos Y vec loss', 'Reconstruction loss', 'KL divergence loss'])Latent sens ADV loss: {'weight': 0.1, 'lr': 0.05, 'optimizer': 'Adam', 'layers': (75, 30, 10), 'input_dim': 16}, Pos Y vec loss: {'weight': 1200000}, Reconstruction loss: {'weight': 15}, KL divergence loss: {'weight': 0.05}, Flipped ADV loss: {'weight': 0.01, 'lr': 0.05, 'optimizer': 'Adam', 'layers': (75, 30, 10), 'input_dim': 10, 'sens_col_ids': [8]}, Sensitive KL loss: {'weight': 9000, 'sens_col_ids': [8]}""}",0.016845293294627504,0.03165562808407721,0.05779295929806909,0.02526625093356097,0.06138724761400198,0.06231059343830089,0.06641930371235712,0.022085347286346105,0.028883572209250325,0.03479235836015963,0.04682904203160875,0.03711048149173081,0.03781903157978475,0.02943165952504554,0.03550123745960498,0.03674572621804692,0.056385144771083556,0.06883865067638081,0.02748579870414075,0.008267795881115241,0.0618120769261591,0.008267795881115241,0.09944535244207739,0.03550123745960498,0.02943165952504554,2.605225452157392e+18,0.035742885209287464,0.03367761014372754,0.031645116288581555,0.03383497666477336,0.032066213134590266
Compas Dataset,nn keras,['race'],FYP VAE,"{'c': 'FYP', 'my model config': ""VAEMaskConfig(epochs=1800, latent_dim=17, mask_values=None vae_layers=(100, 75, 50), lr=0.006, \nlosses_used=['Latent sens ADV loss', 'Reconstruction loss', 'KL divergence loss'])Latent sens ADV loss: {'weight': 0.1, 'lr': 0.05, 'optimizer': 'Adam', 'layers': (75, 30, 10), 'input_dim': 16}, Reconstruction loss: {'weight': 15}, KL divergence loss: {'weight': 0.05}, Flipped ADV loss: {'weight': 0.01, 'lr': 0.05, 'optimizer': 'Adam', 'layers': (75, 30, 10), 'input_dim': 10, 'sens_col_ids': [8]}, Sensitive KL loss: {'weight': 9000, 'sens_col_ids': [8]}, Pos Y vec loss: {'weight': 1200000}""}",0.016405055324119816,0.030828681162575068,0.053967859353442324,0.02373342769042219,0.05822181577741468,0.05935554895243919,0.061513150948462526,0.020428370161203732,0.02870928686816055,0.032017883328487394,0.03668350312207611,0.03308512151184841,0.035529893436380675,0.024649114028449368,0.025304059754671204,0.031689863174026806,0.04948762102480365,0.05580735872123762,0.02363356376367374,0.0071844249107168474,0.05110018529434727,0.0071844249107168474,0.08894094386909406,0.025304059754671204,0.024649114028449368,2.605225452157392e+18,0.03458226200483048,0.032018784522724414,0.029678729661180844,0.03259968554266389,0.03084004502090206
Compas Dataset,nn keras,['race'],FYP VAE,"{'c': 'FYP', 'my model config': ""VAEMaskConfig(epochs=1800, latent_dim=17, mask_values=None vae_layers=(100, 75, 50), lr=0.006, \nlosses_used=['Pos Y vec loss', 'Reconstruction loss', 'KL divergence loss'])Pos Y vec loss: {'weight': 1200000}, Reconstruction loss: {'weight': 15}, KL divergence loss: {'weight': 0.05}, Latent sens ADV loss: {'weight': 0.1, 'lr': 0.05, 'optimizer': 'Adam', 'layers': (75, 30, 10), 'input_dim': 16}, Flipped ADV loss: {'weight': 0.01, 'lr': 0.05, 'optimizer': 'Adam', 'layers': (75, 30, 10), 'input_dim': 10, 'sens_col_ids': [8]}, Sensitive KL loss: {'weight': 9000, 'sens_col_ids': [8]}""}",0.01676930306329222,0.03333282972613228,0.05992609073397545,0.026506326575882266,0.06326142571119578,0.06267667391292385,0.06854981650898793,0.022017564085429077,0.029836155621384603,0.03039081306660666,0.04251719631434389,0.029926453927684244,0.0389756328374624,0.026866405224903828,0.030726842488466532,0.029820599753463732,0.04661460177636258,0.057213526236346984,0.017905070799266887,0.006764992017879013,0.051440057075445404,0.006764992017879013,0.07943049456807659,0.030726842488466532,0.026866405224903828,2.605225452157392e+18,0.036968105259750736,0.03457661422892056,0.03288349800596959,0.03384532814163893,0.031245376000944288
Compas Dataset,nn keras,['race'],FYP VAE,"{'c': 'FYP', 'my model config': ""VAEMaskConfig(epochs=1800, latent_dim=17, mask_values=None vae_layers=(100, 75, 50), lr=0.006, \nlosses_used=['Reconstruction loss', 'KL divergence loss'])Reconstruction loss: {'weight': 15}, KL divergence loss: {'weight': 0.05}, Latent sens ADV loss: {'weight': 0.1, 'lr': 0.05, 'optimizer': 'Adam', 'layers': (75, 30, 10), 'input_dim': 16}, Flipped ADV loss: {'weight': 0.01, 'lr': 0.05, 'optimizer': 'Adam', 'layers': (75, 30, 10), 'input_dim': 10, 'sens_col_ids': [8]}, Sensitive KL loss: {'weight': 9000, 'sens_col_ids': [8]}, Pos Y vec loss: {'weight': 1200000}""}",0.01603740602449495,0.031159716390539917,0.05370468996359465,0.023224704226731542,0.058018120102505115,0.059990868486864475,0.05948975666569231,0.02282660348295766,0.026357467123953933,0.03339331465548734,0.04214364722854674,0.031992353019639964,0.03792335445423313,0.028458426348339443,0.027573864237304756,0.030316622362511838,0.04901530079049846,0.05808803104240953,0.014813113991557913,0.006899338812165946,0.0515965727899209,0.006899338812165946,0.07992177159698866,0.027573864237304756,0.028458426348339443,2.605225452157392e+18,0.034177297568821235,0.03209488932008599,0.029643780730623737,0.03243722484836691,0.03048350838198839
Compas Dataset,nn keras,['race'],FYP VAE,"{'c': 'FYP', 'my model config': ""VAEMaskConfig(epochs=1800, latent_dim=17, mask_values=None vae_layers=(100, 75, 50), lr=0.006, \nlosses_used=['Sensitive KL loss', 'Latent sens ADV loss', 'Reconstruction loss', 'KL divergence loss'])Sensitive KL loss: {'weight': 9000, 'sens_col_ids': [8]}, Latent sens ADV loss: {'weight': 0.1, 'lr': 0.05, 'optimizer': 'Adam', 'layers': (75, 30, 10), 'input_dim': 16}, Reconstruction loss: {'weight': 15}, KL divergence loss: {'weight': 0.05}, Flipped ADV loss: {'weight': 0.01, 'lr': 0.05, 'optimizer': 'Adam', 'layers': (75, 30, 10), 'input_dim': 10, 'sens_col_ids': [8]}, Pos Y vec loss: {'weight': 1200000}""}",0.015801982843272135,0.03192848703019855,0.05680194010558146,0.023317690843986424,0.060371035499648604,0.06020282803494226,0.06672158527198822,0.02149895181161128,0.027180349782480944,0.03532356420544568,0.04819338188434473,0.03528533577488978,0.03690878786197099,0.025152036928316794,0.03011168580703833,0.03129676332908668,0.05519858052206097,0.057251772143481386,0.023208427796254687,0.007092041193370292,0.05211643204148127,0.007092041193370292,0.08329470404205841,0.03011168580703833,0.025152036928316794,2.605225452157392e+18,0.034403829459464776,0.03361938524428328,0.031845438483204924,0.032743584464747434,0.030020280050448076
Compas Dataset,nn keras,['race'],FYP VAE,"{'c': 'FYP', 'my model config': ""VAEMaskConfig(epochs=1800, latent_dim=17, mask_values=None vae_layers=(100, 75, 50), lr=0.006, \nlosses_used=['Sensitive KL loss', 'Pos Y vec loss', 'Reconstruction loss', 'KL divergence loss'])Sensitive KL loss: {'weight': 9000, 'sens_col_ids': [8]}, Pos Y vec loss: {'weight': 1200000}, Reconstruction loss: {'weight': 15}, KL divergence loss: {'weight': 0.05}, Latent sens ADV loss: {'weight': 0.1, 'lr': 0.05, 'optimizer': 'Adam', 'layers': (75, 30, 10), 'input_dim': 16}, Flipped ADV loss: {'weight': 0.01, 'lr': 0.05, 'optimizer': 'Adam', 'layers': (75, 30, 10), 'input_dim': 10, 'sens_col_ids': [8]}""}",0.017090834570167482,0.03222872656497489,0.05507584589051417,0.02331559538986311,0.05950905387663472,0.05867949419741367,0.06627081922860602,0.02349962672404479,0.029013608914458113,0.031527316715483325,0.04558964357036688,0.03162913006759667,0.03992258401091574,0.022366675755976544,0.030657583184885866,0.030110107534485026,0.049214169817993786,0.0543110821672825,0.0188270583389166,0.0068158614569616745,0.0498051476508634,0.0068158614569616745,0.0814383416082676,0.030657583184885866,0.022366675755976544,2.605225452157392e+18,0.034339452016366755,0.03343742775132812,0.03064581492892692,0.03320835490558339,0.03307948140026448
Compas Dataset,nn keras,['race'],FYP VAE,"{'c': 'FYP', 'my model config': ""VAEMaskConfig(epochs=1800, latent_dim=17, mask_values=None vae_layers=(100, 75, 50), lr=0.006, \nlosses_used=['Sensitive KL loss', 'Reconstruction loss', 'KL divergence loss'])Sensitive KL loss: {'weight': 9000, 'sens_col_ids': [8]}, Reconstruction loss: {'weight': 15}, KL divergence loss: {'weight': 0.05}, Latent sens ADV loss: {'weight': 0.1, 'lr': 0.05, 'optimizer': 'Adam', 'layers': (75, 30, 10), 'input_dim': 16}, Flipped ADV loss: {'weight': 0.01, 'lr': 0.05, 'optimizer': 'Adam', 'layers': (75, 30, 10), 'input_dim': 10, 'sens_col_ids': [8]}, Pos Y vec loss: {'weight': 1200000}""}",0.016590739107470154,0.03210749640479894,0.0570040465674725,0.02388180988624224,0.06137076276145176,0.06155361176971059,0.06565300717118322,0.022895428460350496,0.029862592647449678,0.03201907868655717,0.0440013300861631,0.03104200514433464,0.04076680678752917,0.024113937208605187,0.025176415541442048,0.02743341476286139,0.04796954453901641,0.05093802696426827,0.017467442429507103,0.006282820762269092,0.045916331381455164,0.006282820762269092,0.07264902309672681,0.025176415541442048,0.024113937208605187,2.605225452157392e+18,0.035305871168936735,0.03404760067117048,0.031516330112001105,0.03388800171181344,0.03180659627672286
Compas Dataset,nn keras,['race'],FairBalance Bias Mitigation,{},0.018280640946189,0.026315905876736823,0.0345695464265365,0.02235073720537279,0.03144221666579377,0.040055971629439684,0.0406760243040341,0.019247037188636518,0.031599107027967914,0.05351126649213989,0.05947751346945493,0.05391746995887834,0.03342691115287668,0.04385486732235058,0.032919303984714356,0.04831715899488815,0.08169695724132446,0.09359890104023909,0.028092845624780434,0.010946242998678,0.08173549796346392,0.010946242998678,0.12340474183003372,0.032919303984714356,0.04385486732235058,2.605225452157392e+18,0.024317163185408098,0.01943320932855852,0.01993440046665517,0.0214996900883265,0.037472466185170895
Compas Dataset,nn keras,['race'],FairMask Bias Mitigation,{},0.01621315451494392,0.031754398194407125,0.0528415500050449,0.02192409567794664,0.05746975139188031,0.06025199076413721,0.05479665605509193,0.02072695912796551,0.02609380150679279,0.029952854831744327,0.043596238179250145,0.02883941170280888,0.0335259473936815,0.029952854831744327,0.043596238179250145,0.02883941170280888,0.04407265130390595,0.08251387814584649,0.0,0.006746605672141524,0.060120700270056934,0.006746605672141524,0.08862146219386972,0.043596238179250145,0.029952854831744327,2.605225452157392e+18,0.03232494799048043,0.03244962714061831,0.029565707509427108,0.03315755279658783,0.033408399930041695
Compas Dataset,nn keras,['race'],LFR,{'c': 'LFR'},0.023525021926549695,0.031502107726624595,0.04383783834992551,0.026529097331387204,0.03945040227428685,0.04450374785274127,0.042506008889978825,0.026653870360376294,0.030935508727305026,0.04129638458253403,0.050361013626322365,0.04148278981226182,0.0330426404497119,0.0363839773972852,0.033942662180148124,0.040334708774711424,0.06288374568773317,0.0783416112894131,0.06149702434034008,0.009076966200118112,0.06885296369366424,0.009076966200118112,0.10434874740247548,0.033942662180148124,0.0363839773972852,2.605225452157392e+18,0.028069155049031534,0.02545987379566212,0.025572810513224926,0.022923914205273743,0.045461074171750576
Compas Dataset,nn keras,['race'],No Bias Mitigation,{},0.019322025401629823,0.02767651541840531,0.053949204559077965,0.025994809544399564,0.055991851753310576,0.0577469776439384,0.058001835415554294,0.02125433979983697,0.029983667502768135,0.041360048652858576,0.04771382804325553,0.035881679904750496,0.03198346389798058,0.041360048652858576,0.04771382804325553,0.035881679904750496,0.04699820243741578,0.08878024174062296,0.008778753963716851,0.008384956219945013,0.06444253509897027,0.008384956219945013,0.13771532979976417,0.04771382804325553,0.041360048652858576,2.605225452157392e+18,0.03562334519615166,0.02882292884182082,0.029131543392898765,0.03264649431485237,0.0379113835746817
Compas Dataset,nn keras,['race'],Reweighing Bias Mitigation,{},0.017291785348087046,0.026272346027359488,0.03777773909788434,0.02199796462380865,0.03694958539463827,0.03681618527678029,0.050839240531321626,0.02432216112818153,0.028178107373818193,0.04396865497920861,0.05093491012676562,0.04358824312694101,0.040008442716700496,0.03637028513282494,0.033711088405018685,0.04157409114972892,0.062142628433332354,0.07374272158361302,0.02768770821671911,0.009327850465144767,0.06559977995396331,0.009327850465144767,0.12026927692290539,0.033711088405018685,0.03637028513282494,2.605225452157392e+18,0.02653028184382605,0.02236315899370557,0.02116768877045402,0.022760407570721623,0.03421802620767637
