data,ML method,sensitive attrs,bias mitigation,other,index,accuracy,precision,recall,f1score,mean_pred,race|unprivileged mean_pred,race|privileged mean_pred,race|unprivileged acc,race|privileged acc,race|[AOD] Average Odds Difference,race|[EOD] Equal Opportunity Difference,race|[SPD] Statistical Parity Difference,race|[ERD] Error Rate Difference,race|[A_AOD] Absolute Average Odds Difference,race|[A_EOD] Absolute Equal Opportunity Difference,race|[A_SPD] Absolute Statistical Parity Difference,race|[DI] Disparate Impact,race|[DI_FM] Disparate Impact the way it was implemented in FairMask,race|[FR] Flip Rate,race|[SF] Statistical Parity Subgroup Fairness for One Attribute,race|[DF] Differential Fairness for One Attribute,[SF] Statistical Parity Subgroup Fairness,[SF] Statistical Parity Subgroup Fairness if 0 was the positive label,[DF] Differential Fairness,[DF] Differential Fairness if 0 was the positive label,[MEOD] M Equal Opportunity Difference,[MAOD] M Average Odds Difference,id,TPR,FPR,FNR,TNR,MCC
Adult Dataset,,['race'],FYP VAE,"{'c': 'FYP', 'my model config': ""VAEMaskConfig(epochs=1500, latent_dim=30, mask_values=None vae_layers=(75, 60, 30, 30), lr=0.006, \nlosses_used=['Flipped ADV loss', 'Latent sens ADV loss', 'Reconstruction loss', 'KL divergence loss'])Flipped ADV loss: {'weight': 0.01, 'lr': 0.05, 'optimizer': 'Adam', 'layers': (75, 30, 10), 'input_dim': 25, 'sens_col_ids': [23]}, Latent sens ADV loss: {'weight': 0.1, 'lr': 0.05, 'optimizer': 'Adam', 'layers': (75, 30, 10), 'input_dim': 29}, Reconstruction loss: {'weight': 15}, KL divergence loss: {'weight': 0.05}, Sensitive KL loss: {'weight': 9000, 'sens_col_ids': [23]}, Pos Y vec loss: {'weight': 1200000}""}",3674.951219512195,0.950732420464127,0.6133607755439323,0.5621865422594352,0.5842804708858561,0.6049817642041492,0.8049824142518486,0.5882311365048527,0.9638150251496788,0.9484305943684826,-0.2931959000810148,-0.27180391852140334,0.34852976538523717,1.3032422808578878,1.123348697752084,1.6681832773274077,0.3508487758261433,1.5688894317989368,0.3039353619947745,0.822576188458933,0.35084877520107094,0.347234158827354,0.35084877520107094,0.35084877520107094,0.347234158827354,0.3519070285364075,1.6681832773274077,1.123348697752084,4.914335073170731e+18,0.5621865423477307,0.7088067310900527,1.2625560854151139,0.9963842381199115,0.8453743007603196
Adult Dataset,,['race'],FYP VAE,"{'c': 'FYP', 'my model config': ""VAEMaskConfig(epochs=1500, latent_dim=30, mask_values=None vae_layers=(75, 60, 30, 30), lr=0.006, \nlosses_used=['Flipped ADV loss', 'Pos Y vec loss', 'Reconstruction loss', 'KL divergence loss'])Flipped ADV loss: {'weight': 0.01, 'lr': 0.05, 'optimizer': 'Adam', 'layers': (75, 30, 10), 'input_dim': 25, 'sens_col_ids': [23]}, Pos Y vec loss: {'weight': 1200000}, Reconstruction loss: {'weight': 15}, KL divergence loss: {'weight': 0.05}, Latent sens ADV loss: {'weight': 0.1, 'lr': 0.05, 'optimizer': 'Adam', 'layers': (75, 30, 10), 'input_dim': 29}, Sensitive KL loss: {'weight': 9000, 'sens_col_ids': [23]}""}",3676.951219512195,0.9728122700995733,0.9400412261444744,0.8473728510290984,0.8882873080743995,0.9034656481297509,1.1196566347161627,0.8860503091259635,0.9692947520886255,0.9735656156041493,-0.04909047254079272,0.6680020663023654,0.6550582425207098,0.9398796073312019,1.1127119001542451,1.8958757044851045,0.6550582425207098,1.2613734249626711,0.6217818037605224,0.8862591393182211,0.655058244562058,0.6824180947309194,0.655058244562058,0.655058244562058,0.6824180947309194,0.6484246763687598,1.8958757044851045,1.1127119001542451,4.914335073170731e+18,0.8473728511117716,1.0472660574092691,1.2850030768468943,1.0014801986715482,0.8482302247009454
Adult Dataset,,['race'],FYP VAE,"{'c': 'FYP', 'my model config': ""VAEMaskConfig(epochs=1500, latent_dim=30, mask_values=None vae_layers=(75, 60, 30, 30), lr=0.006, \nlosses_used=['Flipped ADV loss', 'Reconstruction loss', 'KL divergence loss'])Flipped ADV loss: {'weight': 0.01, 'lr': 0.05, 'optimizer': 'Adam', 'layers': (75, 30, 10), 'input_dim': 25, 'sens_col_ids': [23]}, Reconstruction loss: {'weight': 15}, KL divergence loss: {'weight': 0.05}, Latent sens ADV loss: {'weight': 0.1, 'lr': 0.05, 'optimizer': 'Adam', 'layers': (75, 30, 10), 'input_dim': 29}, Sensitive KL loss: {'weight': 9000, 'sens_col_ids': [23]}, Pos Y vec loss: {'weight': 1200000}""}",3679.951219512195,0.9632361901051352,0.821823142002354,0.7613180705050443,0.7868746169990474,0.819292599062162,1.0896366631933896,0.7969867553642285,0.9637832316308397,0.9632803543325529,-0.09854837075294107,-0.04451449176384966,0.49119826116661885,0.8981846264791457,1.0275045917952366,1.7641852021450315,0.49133650762014386,1.4370955719943064,0.41925821316748874,0.9499687528604364,0.49133650802945517,0.4805491226235643,0.49133650802945517,0.49133650802945517,0.4805491226235643,0.4942570922494857,1.7641852021450315,1.0275045917952366,4.914335073170731e+18,0.7613180706183433,0.9605072902731007,1.2382202072738784,0.9940708085855765,0.8511133184443476
Adult Dataset,,['race'],FYP VAE,"{'c': 'FYP', 'my model config': ""VAEMaskConfig(epochs=1500, latent_dim=30, mask_values=None vae_layers=(75, 60, 30, 30), lr=0.006, \nlosses_used=['Flipped ADV loss', 'Sensitive KL loss', 'Reconstruction loss', 'KL divergence loss'])Flipped ADV loss: {'weight': 0.01, 'lr': 0.05, 'optimizer': 'Adam', 'layers': (75, 30, 10), 'input_dim': 25, 'sens_col_ids': [23]}, Sensitive KL loss: {'weight': 9000, 'sens_col_ids': [23]}, Reconstruction loss: {'weight': 15}, KL divergence loss: {'weight': 0.05}, Latent sens ADV loss: {'weight': 0.1, 'lr': 0.05, 'optimizer': 'Adam', 'layers': (75, 30, 10), 'input_dim': 29}, Pos Y vec loss: {'weight': 1200000}""}",3675.951219512195,0.9698216604858825,0.9083385047189454,0.8401100910966601,0.8701125868869474,0.9049398175990941,1.2342599643230807,0.8770545696200579,0.9625915917292388,0.9712985298098807,-0.30164018221510336,-0.6493434880386381,0.4873881719010209,0.9182707388365332,1.2829634129767744,2.1869991249621803,0.4880641954468297,1.4296997429757905,0.4081380556972797,1.4863308616285813,0.4880641909078149,0.4731950994704815,0.4880641909078149,0.4880641909078149,0.4731950994704815,0.4904189942632237,2.1869991249621803,1.2829634129767744,4.914335073170731e+18,0.8401100913311078,1.0696800866380431,1.2541598797331777,0.9958331350406043,0.8492455114526808
Adult Dataset,,['race'],FYP VAE,"{'c': 'FYP', 'my model config': ""VAEMaskConfig(epochs=1500, latent_dim=30, mask_values=None vae_layers=(75, 60, 30, 30), lr=0.006, \nlosses_used=['Latent sens ADV loss', 'Pos Y vec loss', 'Reconstruction loss', 'KL divergence loss'])Latent sens ADV loss: {'weight': 0.1, 'lr': 0.05, 'optimizer': 'Adam', 'layers': (75, 30, 10), 'input_dim': 29}, Pos Y vec loss: {'weight': 1200000}, Reconstruction loss: {'weight': 15}, KL divergence loss: {'weight': 0.05}, Flipped ADV loss: {'weight': 0.01, 'lr': 0.05, 'optimizer': 'Adam', 'layers': (75, 30, 10), 'input_dim': 25, 'sens_col_ids': [23]}, Sensitive KL loss: {'weight': 9000, 'sens_col_ids': [23]}""}",3678.951219512195,0.9711932333689024,0.935596114981547,0.845493054770646,0.8852374466423227,0.9054394889318682,1.2196237384204665,0.8796540419883759,0.96070664266875,0.9732126358645886,-0.20728830630346773,0.405469178648892,0.5237925827161947,0.8284853156215879,1.0624782116911713,2.1241252442401364,0.5270772023097129,1.3854369634186485,0.47338759708154576,1.227483103879048,0.5270772027187217,0.5356493884588703,0.5270772027187217,0.5270772027187217,0.5356493884588703,0.5245650603722384,2.1241252442401364,1.0624782116911713,4.914335073170731e+18,0.8454930550360426,1.0549206593592764,1.285228174639045,0.9996924254075407,0.843334888559352
Adult Dataset,,['race'],FYP VAE,"{'c': 'FYP', 'my model config': ""VAEMaskConfig(epochs=1500, latent_dim=30, mask_values=None vae_layers=(75, 60, 30, 30), lr=0.006, \nlosses_used=['Latent sens ADV loss', 'Reconstruction loss', 'KL divergence loss'])Latent sens ADV loss: {'weight': 0.1, 'lr': 0.05, 'optimizer': 'Adam', 'layers': (75, 30, 10), 'input_dim': 29}, Reconstruction loss: {'weight': 15}, KL divergence loss: {'weight': 0.05}, Flipped ADV loss: {'weight': 0.01, 'lr': 0.05, 'optimizer': 'Adam', 'layers': (75, 30, 10), 'input_dim': 25, 'sens_col_ids': [23]}, Sensitive KL loss: {'weight': 9000, 'sens_col_ids': [23]}, Pos Y vec loss: {'weight': 1200000}""}",3680.951219512195,0.9641833753555104,0.8190099142631876,0.7549640200716883,0.7826937864773545,0.811332789327257,1.0576989280654476,0.7912729711115501,0.9645376991148179,0.9642444862265546,-0.05174159783772924,0.0819168927590582,0.5235717635855888,1.0369760080930834,0.9026377163840632,1.6383831059952505,0.5297886477662609,1.4137658537505233,0.49919008002602405,1.019646398213736,0.5297886490920137,0.5398395863745269,0.5297886490920137,0.5297886490920137,0.5398395863745269,0.5285317173193399,1.6383831059952505,0.9026377163840632,4.914335073170731e+18,0.7549640200384068,0.9499987829783425,1.255024083840912,0.9958325583441935,0.8499048849196869
Adult Dataset,,['race'],FYP VAE,"{'c': 'FYP', 'my model config': ""VAEMaskConfig(epochs=1500, latent_dim=30, mask_values=None vae_layers=(75, 60, 30, 30), lr=0.006, \nlosses_used=['Pos Y vec loss', 'Reconstruction loss', 'KL divergence loss'])Pos Y vec loss: {'weight': 1200000}, Reconstruction loss: {'weight': 15}, KL divergence loss: {'weight': 0.05}, Latent sens ADV loss: {'weight': 0.1, 'lr': 0.05, 'optimizer': 'Adam', 'layers': (75, 30, 10), 'input_dim': 29}, Flipped ADV loss: {'weight': 0.01, 'lr': 0.05, 'optimizer': 'Adam', 'layers': (75, 30, 10), 'input_dim': 25, 'sens_col_ids': [23]}, Sensitive KL loss: {'weight': 9000, 'sens_col_ids': [23]}""}",3682.951219512195,0.971959155846265,0.9422119225258733,0.8326904715311546,0.8804766248138759,0.8852378368876238,1.1109251485760463,0.867041882272002,0.9690914484258263,0.9725988892788369,0.32124031939556763,0.6840626615034814,0.627408861455611,1.0184379912232335,0.8361688566479267,2.3515907807495458,0.627408861455611,1.2791236659966876,0.6032059898646442,0.9119712690140088,0.6274088592802961,0.6638759492574557,0.6274088592802961,0.6274088592802961,0.6638759492574557,0.6192237841266246,2.3515907807495458,0.8361688566479267,4.914335073170731e+18,0.8326904718362186,1.0176284620412286,1.3067528775951716,1.0032799286018748,0.8411756455630124
Adult Dataset,,['race'],FYP VAE,"{'c': 'FYP', 'my model config': ""VAEMaskConfig(epochs=1500, latent_dim=30, mask_values=None vae_layers=(75, 60, 30, 30), lr=0.006, \nlosses_used=['Reconstruction loss', 'KL divergence loss'])Reconstruction loss: {'weight': 15}, KL divergence loss: {'weight': 0.05}, Latent sens ADV loss: {'weight': 0.1, 'lr': 0.05, 'optimizer': 'Adam', 'layers': (75, 30, 10), 'input_dim': 29}, Flipped ADV loss: {'weight': 0.01, 'lr': 0.05, 'optimizer': 'Adam', 'layers': (75, 30, 10), 'input_dim': 25, 'sens_col_ids': [23]}, Sensitive KL loss: {'weight': 9000, 'sens_col_ids': [23]}, Pos Y vec loss: {'weight': 1200000}""}",3683.951219512195,0.969558113501286,0.8688173375560972,0.7973181065511331,0.8294294294360802,0.852700789891735,1.1066318237386212,0.8319335796735767,0.9676011598842948,0.9700256895997008,0.2588612573703203,-1.3974831523143219,0.5508093011572839,1.0168426556971322,0.7478270022587469,2.2836021017177766,0.5508093011572839,1.3615494577680682,0.4864309137111788,0.9894385078185012,0.5508092998375161,0.5514308822531895,0.5508092998375161,0.5508092998375161,0.5514308822531895,0.5492273546561529,2.2836021017177766,0.7478270022587469,4.914335073170731e+18,0.7973181067400638,0.9963567273678061,1.2648244848672983,0.9993357565468513,0.8542336355516825
Adult Dataset,,['race'],FYP VAE,"{'c': 'FYP', 'my model config': ""VAEMaskConfig(epochs=1500, latent_dim=30, mask_values=None vae_layers=(75, 60, 30, 30), lr=0.006, \nlosses_used=['Sensitive KL loss', 'Latent sens ADV loss', 'Reconstruction loss', 'KL divergence loss'])Sensitive KL loss: {'weight': 9000, 'sens_col_ids': [23]}, Latent sens ADV loss: {'weight': 0.1, 'lr': 0.05, 'optimizer': 'Adam', 'layers': (75, 30, 10), 'input_dim': 29}, Reconstruction loss: {'weight': 15}, KL divergence loss: {'weight': 0.05}, Flipped ADV loss: {'weight': 0.01, 'lr': 0.05, 'optimizer': 'Adam', 'layers': (75, 30, 10), 'input_dim': 25, 'sens_col_ids': [23]}, Pos Y vec loss: {'weight': 1200000}""}",3673.951219512195,0.9722429472121425,0.9358210726238061,0.856430512899267,0.8920318470022924,0.9173023456792171,1.2373617593936532,0.8908525620206786,0.9616045881113048,0.9743132933658685,-0.28381181526179605,-0.4813425683341725,0.5263797638924766,0.9497666607000169,1.332115844565458,2.2244527084485832,0.5263797638924766,1.393978631067955,0.4575740032040541,1.4442287959471487,0.526379762367285,0.5199267863768543,0.526379762367285,0.526379762367285,0.5199267863768543,0.5265996209819976,2.2244527084485832,1.332115844565458,4.914335073170731e+18,0.8564305130704917,1.0724126799737943,1.2699408949521946,0.9987223045485925,0.8502117941104693
Adult Dataset,,['race'],FYP VAE,"{'c': 'FYP', 'my model config': ""VAEMaskConfig(epochs=1500, latent_dim=30, mask_values=None vae_layers=(75, 60, 30, 30), lr=0.006, \nlosses_used=['Sensitive KL loss', 'Pos Y vec loss', 'Reconstruction loss', 'KL divergence loss'])Sensitive KL loss: {'weight': 9000, 'sens_col_ids': [23]}, Pos Y vec loss: {'weight': 1200000}, Reconstruction loss: {'weight': 15}, KL divergence loss: {'weight': 0.05}, Latent sens ADV loss: {'weight': 0.1, 'lr': 0.05, 'optimizer': 'Adam', 'layers': (75, 30, 10), 'input_dim': 29}, Flipped ADV loss: {'weight': 0.01, 'lr': 0.05, 'optimizer': 'Adam', 'layers': (75, 30, 10), 'input_dim': 25, 'sens_col_ids': [23]}""}",3677.951219512195,0.9720522148631954,0.9360412320516095,0.8525746266675122,0.8895390685505231,0.9131878269234537,1.236204346891409,0.8863417645495136,0.9628971507987343,0.9738488468994928,-0.18019631700714592,0.767617034382342,0.5168725648278305,0.805912541027447,0.824210588910576,2.333330151660261,0.5176703895514434,1.393540567508493,0.4454460955864283,1.401518762596957,0.5176703819523873,0.5142986684155848,0.5176703819523873,0.5176703819523873,0.5142986684155848,0.5172957563554902,2.333330151660261,0.824210588910576,4.914335073170731e+18,0.8525746268511007,1.0668025284863187,1.2771360203520716,0.9993564628332842,0.8477886914226408
Adult Dataset,,['race'],FYP VAE,"{'c': 'FYP', 'my model config': ""VAEMaskConfig(epochs=1500, latent_dim=30, mask_values=None vae_layers=(75, 60, 30, 30), lr=0.006, \nlosses_used=['Sensitive KL loss', 'Reconstruction loss', 'KL divergence loss'])Sensitive KL loss: {'weight': 9000, 'sens_col_ids': [23]}, Reconstruction loss: {'weight': 15}, KL divergence loss: {'weight': 0.05}, Latent sens ADV loss: {'weight': 0.1, 'lr': 0.05, 'optimizer': 'Adam', 'layers': (75, 30, 10), 'input_dim': 29}, Flipped ADV loss: {'weight': 0.01, 'lr': 0.05, 'optimizer': 'Adam', 'layers': (75, 30, 10), 'input_dim': 25, 'sens_col_ids': [23]}, Pos Y vec loss: {'weight': 1200000}""}",3681.951219512195,0.9721144042790187,0.9345805327014155,0.859013747134129,0.8926328278073438,0.9215477870993215,1.2259345320919595,0.8962986107688763,0.9631639613502762,0.973880644579787,-0.390048876857184,0.1467028890199521,0.5491289332238012,0.8277676029127294,1.450132893354046,1.7313503484736859,0.5500380606042331,1.3688716408930977,0.4783338260513093,1.3262638484409588,0.5500380619653056,0.5435031468053665,0.5500380619653056,0.5500380619653056,0.5435031468053665,0.55035271054866,1.7313503484736859,1.450132893354046,4.914335073170731e+18,0.8590137472619465,1.081877701422563,1.2608187464469958,0.9977704589664357,0.8508988066845172
Adult Dataset,,['race'],FairBalance Bias Mitigation,{},3686.951219512195,0.9640076381360897,0.8593658169988532,1.2139801216661068,1.0044509101951176,1.4550778780194809,1.778540120388667,1.4296953539869706,0.9540424723857259,0.9658851244709089,0.953418104222631,1.3995683979083204,1.1160933502654036,0.6216138835428326,1.430035393033698,2.170378367055506,1.1160933502654036,1.2222627390270604,0.7490157606383891,2.4077177899895887,1.1160933480044026,0.7806328821885448,1.1160933480044026,1.1160933480044026,0.7806328821885448,1.263509981104495,2.170378367055506,1.430035393033698,4.914335073170731e+18,1.2139801219611261,2.1150845603189508,0.6692131541739751,0.9122834241755791,0.9788769979457791
Adult Dataset,,['race'],FairMask Bias Mitigation,{},3687.951219512195,0.9994451486895999,1.0005516128702387,0.9993689665060869,0.9988843999793695,1.0004517164412956,1.1416541036518744,0.9894381878090731,0.9932114112326714,1.0006400844768768,0.715599724201367,0.06778888386692432,0.8507565422550205,1.0362279944727368,1.2932689407939857,1.9298433119186706,0.8507565422550205,1.1554281212352397,0.7698333256744839,0.0,0.850756543076354,0.8158601721207407,0.850756543076354,0.850756543076354,0.8158601721207407,0.8588743618802125,1.9298433119186706,1.2932689407939857,4.914335073170731e+18,0.9993689664390654,1.0046625874970476,1.0028393728879756,0.9995314545550661,0.9991795406530829
Adult Dataset,,['race'],LFR,{'c': 'LFR'},3684.951219512195,0.9947576485418993,0.9916059193852981,0.9246394277338164,0.95825128495508,0.9404709833057403,1.2430556237782329,0.9155887854878144,0.9809252294977241,0.9974506071340072,-0.6829994602154366,1.0222374166690296,0.5797115469441203,0.6973571818454777,1.57886506248236,4.055098301476874,0.5813759868134291,1.3857693394886288,0.4982608703404603,2.037735975251712,0.5813759715430619,0.5576253114445725,0.5813759715430619,0.5813759715430619,0.5576253114445725,0.5834878103006957,4.055098301476874,1.57886506248236,4.914335073170731e+18,0.9246394280149349,1.0049024569379572,1.1812338707344263,1.0135421549768857,0.9415810238787892
Adult Dataset,,['race'],No Bias Mitigation,{},3688.951219512195,1.0,1.0,1.0,1.0,1.0,1.0,1.0,1.0,1.0,1.0,1.0,1.0,1.0,1.0,1.0,1.0,1.0,1.0,1.0,1.0,1.0,1.0,1.0,1.0,1.0,1.0,1.0,4.914335073170731e+18,1.0,1.0,1.0,1.0,1.0
Adult Dataset,,['race'],Reweighing Bias Mitigation,{},3685.951219512195,0.9989265718758538,0.9971696533079439,0.9839866717402498,0.9909118467458241,0.9900852745568236,1.2221534399302107,0.9709660884658816,0.988282748764267,1.0009458259440465,0.11999206533253859,0.7559633377856101,0.713351664628548,0.9155458920634525,1.6880718872395544,1.5809453011793666,0.713351664628548,1.2579370001062515,0.6192544069224662,1.8648904918164817,0.7133516638171661,0.6793082997597674,0.7133516638171661,0.7133516638171661,0.6793082997597674,0.7189252345688395,1.5809453011793666,1.6880718872395544,4.914335073170731e+18,0.9839866718875397,1.0258549378574857,1.0382889629997765,1.0030751414200902,0.9867910461723353
Compas Dataset,,['race'],FYP VAE,"{'c': 'FYP', 'my model config': ""VAEMaskConfig(epochs=1800, latent_dim=17, mask_values=None vae_layers=(100, 75, 50), lr=0.006, \nlosses_used=['Flipped ADV loss', 'Latent sens ADV loss', 'Reconstruction loss', 'KL divergence loss'])Flipped ADV loss: {'weight': 0.01, 'lr': 0.05, 'optimizer': 'Adam', 'layers': (75, 30, 10), 'input_dim': 10, 'sens_col_ids': [8]}, Latent sens ADV loss: {'weight': 0.1, 'lr': 0.05, 'optimizer': 'Adam', 'layers': (75, 30, 10), 'input_dim': 16}, Reconstruction loss: {'weight': 15}, KL divergence loss: {'weight': 0.05}, Sensitive KL loss: {'weight': 9000, 'sens_col_ids': [8]}, Pos Y vec loss: {'weight': 1200000}""}",4092.2,0.9930418215150844,0.9898129707471731,1.0117631894380166,0.9993303379978141,1.023216737665578,1.082898534880172,0.9323193906363968,0.9877987939229514,1.003660947334388,0.28113364683331793,0.3430114478806429,0.4698669113528966,2.259343999589192,0.6589632172841526,1.2374065899183126,0.5652633872141314,1.165194610110031,0.5436118731574999,4.34333377646124,0.5652633284950922,0.5525207035244907,0.5652633284950922,0.5652633284950922,0.5525207035244907,0.5837460118764471,1.2374065899183126,0.6589632172841526,4.18151069e+18,1.0117631895584651,1.0467337065365796,0.963122862754035,0.9630016990801745,0.9740232215797583
Compas Dataset,,['race'],FYP VAE,"{'c': 'FYP', 'my model config': ""VAEMaskConfig(epochs=1800, latent_dim=17, mask_values=None vae_layers=(100, 75, 50), lr=0.006, \nlosses_used=['Flipped ADV loss', 'Pos Y vec loss', 'Reconstruction loss', 'KL divergence loss'])Flipped ADV loss: {'weight': 0.01, 'lr': 0.05, 'optimizer': 'Adam', 'layers': (75, 30, 10), 'input_dim': 10, 'sens_col_ids': [8]}, Pos Y vec loss: {'weight': 1200000}, Reconstruction loss: {'weight': 15}, KL divergence loss: {'weight': 0.05}, Latent sens ADV loss: {'weight': 0.1, 'lr': 0.05, 'optimizer': 'Adam', 'layers': (75, 30, 10), 'input_dim': 16}, Sensitive KL loss: {'weight': 9000, 'sens_col_ids': [8]}""}",4094.2,0.9961956488991359,0.9922180852954523,1.0148130319138708,1.0019847253946763,1.0237885779804758,1.081347760028953,0.9355054542779406,0.9902284771410232,1.0083659743100577,0.15233914018634312,0.0008307254035098651,0.3139741218352767,0.6899966972556121,0.4619989377705556,1.2405981409153821,0.4292866335999099,1.1586239070787647,0.40575252701370573,4.063120916394972,0.42928661977587573,0.4282010780243317,0.42928661977587573,0.42928661977587573,0.4282010780243317,0.42670763637148706,1.2405981409153821,0.4619989377705556,4.18151069e+18,1.0148130319307584,1.042497609808822,0.9545579168261303,0.9647283901980928,0.9891336688753903
Compas Dataset,,['race'],FYP VAE,"{'c': 'FYP', 'my model config': ""VAEMaskConfig(epochs=1800, latent_dim=17, mask_values=None vae_layers=(100, 75, 50), lr=0.006, \nlosses_used=['Flipped ADV loss', 'Reconstruction loss', 'KL divergence loss'])Flipped ADV loss: {'weight': 0.01, 'lr': 0.05, 'optimizer': 'Adam', 'layers': (75, 30, 10), 'input_dim': 10, 'sens_col_ids': [8]}, Reconstruction loss: {'weight': 15}, KL divergence loss: {'weight': 0.05}, Latent sens ADV loss: {'weight': 0.1, 'lr': 0.05, 'optimizer': 'Adam', 'layers': (75, 30, 10), 'input_dim': 16}, Sensitive KL loss: {'weight': 9000, 'sens_col_ids': [8]}, Pos Y vec loss: {'weight': 1200000}""}",4097.2,0.9939192535487504,0.9911512268572916,1.0090452161438188,0.9987610305146063,1.0190054203951218,1.0778618527058326,0.9287542366301988,0.9906009551632277,1.00114348721255,0.0024143879090657524,0.034285544906551134,0.2921366409790143,1.3069394659611495,0.5653570569716052,0.9002417137275195,0.40589603646734046,1.1634748481284682,0.3802118256386978,4.222949982000184,0.4058960326888457,0.4043241852829999,0.4058960326888457,0.4058960326888457,0.4043241852829999,0.40397171014288397,0.9002417137275195,0.5653570569716052,4.18151069e+18,1.009045216299429,1.0401025719006463,0.970912164877878,0.9676377122305476,0.9773881018336602
Compas Dataset,,['race'],FYP VAE,"{'c': 'FYP', 'my model config': ""VAEMaskConfig(epochs=1800, latent_dim=17, mask_values=None vae_layers=(100, 75, 50), lr=0.006, \nlosses_used=['Flipped ADV loss', 'Sensitive KL loss', 'Reconstruction loss', 'KL divergence loss'])Flipped ADV loss: {'weight': 0.01, 'lr': 0.05, 'optimizer': 'Adam', 'layers': (75, 30, 10), 'input_dim': 10, 'sens_col_ids': [8]}, Sensitive KL loss: {'weight': 9000, 'sens_col_ids': [8]}, Reconstruction loss: {'weight': 15}, KL divergence loss: {'weight': 0.05}, Latent sens ADV loss: {'weight': 0.1, 'lr': 0.05, 'optimizer': 'Adam', 'layers': (75, 30, 10), 'input_dim': 16}, Pos Y vec loss: {'weight': 1200000}""}",4093.2,0.9946559337978713,0.9910732399821681,1.0117508399392492,1.0000397895187545,1.021712347841217,1.089728951134986,0.9172398519993654,0.989763308597773,1.0045147617693422,0.18272890509816758,0.25178540123817433,0.12824596868703797,2.6307392611262683,0.50812298658133,0.9469641816061815,0.4063081492110744,1.1912541660767448,0.3857114450176125,4.722617284030102,0.40630812360338137,0.4117030644512605,0.40630812360338137,0.40630812360338137,0.4117030644512605,0.39533218025051475,0.9469641816061815,0.50812298658133,4.18151069e+18,1.0117508399871167,1.0428187131280309,0.9650225018107904,0.9656532344891728,0.9829376264962177
Compas Dataset,,['race'],FYP VAE,"{'c': 'FYP', 'my model config': ""VAEMaskConfig(epochs=1800, latent_dim=17, mask_values=None vae_layers=(100, 75, 50), lr=0.006, \nlosses_used=['Latent sens ADV loss', 'Pos Y vec loss', 'Reconstruction loss', 'KL divergence loss'])Latent sens ADV loss: {'weight': 0.1, 'lr': 0.05, 'optimizer': 'Adam', 'layers': (75, 30, 10), 'input_dim': 16}, Pos Y vec loss: {'weight': 1200000}, Reconstruction loss: {'weight': 15}, KL divergence loss: {'weight': 0.05}, Flipped ADV loss: {'weight': 0.01, 'lr': 0.05, 'optimizer': 'Adam', 'layers': (75, 30, 10), 'input_dim': 10, 'sens_col_ids': [8]}, Sensitive KL loss: {'weight': 9000, 'sens_col_ids': [8]}""}",4096.2,0.9945455342149176,0.9910519465025619,1.0124968195487953,1.0002909974313408,1.0226437959199297,1.0762805970365639,0.9407848361781137,0.9888650811585854,1.0060494996676748,0.26519140431995625,0.42704815792822887,0.3916039660550595,2.7547947907159505,0.5582438555448572,0.971175308280707,0.4955167163911961,1.1470382710672846,0.4714422686331611,4.00998355013581,0.4955166996428074,0.49241443842825044,0.4955166996428074,0.4955166996428074,0.49241443842825044,0.4964636293291787,0.971175308280707,0.5582438555448572,4.18151069e+18,1.012496819741279,1.0434938273581085,0.9611766821976996,0.9646578021042643,0.9803213711128892
Compas Dataset,,['race'],FYP VAE,"{'c': 'FYP', 'my model config': ""VAEMaskConfig(epochs=1800, latent_dim=17, mask_values=None vae_layers=(100, 75, 50), lr=0.006, \nlosses_used=['Latent sens ADV loss', 'Reconstruction loss', 'KL divergence loss'])Latent sens ADV loss: {'weight': 0.1, 'lr': 0.05, 'optimizer': 'Adam', 'layers': (75, 30, 10), 'input_dim': 16}, Reconstruction loss: {'weight': 15}, KL divergence loss: {'weight': 0.05}, Flipped ADV loss: {'weight': 0.01, 'lr': 0.05, 'optimizer': 'Adam', 'layers': (75, 30, 10), 'input_dim': 10, 'sens_col_ids': [8]}, Sensitive KL loss: {'weight': 9000, 'sens_col_ids': [8]}, Pos Y vec loss: {'weight': 1200000}""}",4098.2,0.9929760421558794,0.9893002416519063,1.0123791810376088,0.9994205796309191,1.0243113382303677,1.0861462766909575,0.9295380683547492,0.9872230764866141,1.0048614644205547,0.0879520333130956,-0.10129990249720479,0.27307709688925785,2.2755664608459756,0.5080183560512944,1.2577856036654345,0.394131417639103,1.1713316341503304,0.37087706988141805,4.495197339022667,0.3941314106821141,0.3916891893407696,0.3941314106821141,0.3941314106821141,0.3916891893407696,0.39287754693765614,1.2577856036654345,0.5080183560512944,4.18151069e+18,1.0123791811245282,1.0491708707940801,0.963486464228963,0.9608607215491549,0.9721311565938121
Compas Dataset,,['race'],FYP VAE,"{'c': 'FYP', 'my model config': ""VAEMaskConfig(epochs=1800, latent_dim=17, mask_values=None vae_layers=(100, 75, 50), lr=0.006, \nlosses_used=['Pos Y vec loss', 'Reconstruction loss', 'KL divergence loss'])Pos Y vec loss: {'weight': 1200000}, Reconstruction loss: {'weight': 15}, KL divergence loss: {'weight': 0.05}, Latent sens ADV loss: {'weight': 0.1, 'lr': 0.05, 'optimizer': 'Adam', 'layers': (75, 30, 10), 'input_dim': 16}, Flipped ADV loss: {'weight': 0.01, 'lr': 0.05, 'optimizer': 'Adam', 'layers': (75, 30, 10), 'input_dim': 10, 'sens_col_ids': [8]}, Sensitive KL loss: {'weight': 9000, 'sens_col_ids': [8]}""}",4100.2,0.9944775257594851,0.9922835369741304,1.008557976309953,0.9990498437448818,1.0173692744354406,1.0746953338130218,0.9297033421770562,0.9902498343356486,1.0033018374355018,0.2806195329518734,-0.268218047127409,0.34118422821998146,2.2952454194176335,0.5197561289360623,1.1597535764825435,0.41938081069880473,1.1587105568099276,0.3986473991306512,4.060423801157194,0.4193808027986821,0.4214435622038151,0.4193808027986821,0.4193808027986821,0.4214435622038151,0.41158004646434054,1.1597535764825435,0.5197561289360623,4.18151069e+18,1.008557976354473,1.0351442446731607,0.9750706127805258,0.9713359947044594,0.9788019299346596
Compas Dataset,,['race'],FYP VAE,"{'c': 'FYP', 'my model config': ""VAEMaskConfig(epochs=1800, latent_dim=17, mask_values=None vae_layers=(100, 75, 50), lr=0.006, \nlosses_used=['Reconstruction loss', 'KL divergence loss'])Reconstruction loss: {'weight': 15}, KL divergence loss: {'weight': 0.05}, Latent sens ADV loss: {'weight': 0.1, 'lr': 0.05, 'optimizer': 'Adam', 'layers': (75, 30, 10), 'input_dim': 16}, Flipped ADV loss: {'weight': 0.01, 'lr': 0.05, 'optimizer': 'Adam', 'layers': (75, 30, 10), 'input_dim': 10, 'sens_col_ids': [8]}, Sensitive KL loss: {'weight': 9000, 'sens_col_ids': [8]}, Pos Y vec loss: {'weight': 1200000}""}",4101.2,0.9929272681641234,0.9899084722278001,1.0104124600956852,0.9987660311197016,1.0216323810141037,1.080692287343011,0.9309280230059026,0.9884594401251989,1.0019882804595677,0.16881806720522888,-0.08680710238568524,0.2601729421190043,1.678285658091905,0.5300152059419834,1.2882664577363239,0.426333293139326,1.1630002354773714,0.40632954149106104,4.202347160146429,0.4263332757662145,0.42933337747470546,0.4263332757662145,0.4263332757662145,0.42933337747470546,0.41804553790087695,1.2882664577363239,0.5300152059419834,4.18151069e+18,1.0104124601107396,1.0450800282454773,0.9657537873234501,0.9625343164382337,0.9721068394820322
Compas Dataset,,['race'],FYP VAE,"{'c': 'FYP', 'my model config': ""VAEMaskConfig(epochs=1800, latent_dim=17, mask_values=None vae_layers=(100, 75, 50), lr=0.006, \nlosses_used=['Sensitive KL loss', 'Latent sens ADV loss', 'Reconstruction loss', 'KL divergence loss'])Sensitive KL loss: {'weight': 9000, 'sens_col_ids': [8]}, Latent sens ADV loss: {'weight': 0.1, 'lr': 0.05, 'optimizer': 'Adam', 'layers': (75, 30, 10), 'input_dim': 16}, Reconstruction loss: {'weight': 15}, KL divergence loss: {'weight': 0.05}, Flipped ADV loss: {'weight': 0.01, 'lr': 0.05, 'optimizer': 'Adam', 'layers': (75, 30, 10), 'input_dim': 10, 'sens_col_ids': [8]}, Pos Y vec loss: {'weight': 1200000}""}",4091.2,0.994201720091641,0.9910697448106054,1.0119719928413207,1.0000653818732412,1.0219940130567589,1.0857795811605335,0.9241790479095555,0.9898905203427489,1.0030284348438314,0.07697147471002377,-0.23390473669082512,0.2022410375645341,2.08921374754071,0.5011421933563246,1.5006299333663724,0.370022446312648,1.1779204350261843,0.3499810403868776,4.63239389263586,0.37002239880852295,0.369694213276014,0.37002239880852295,0.37002239880852295,0.369694213276014,0.36605668023679416,1.5006299333663724,0.5011421933563246,4.18151069e+18,1.011971993048863,1.0426672144914624,0.9664793714591056,0.9655490845983795,0.9806045075095162
Compas Dataset,,['race'],FYP VAE,"{'c': 'FYP', 'my model config': ""VAEMaskConfig(epochs=1800, latent_dim=17, mask_values=None vae_layers=(100, 75, 50), lr=0.006, \nlosses_used=['Sensitive KL loss', 'Pos Y vec loss', 'Reconstruction loss', 'KL divergence loss'])Sensitive KL loss: {'weight': 9000, 'sens_col_ids': [8]}, Pos Y vec loss: {'weight': 1200000}, Reconstruction loss: {'weight': 15}, KL divergence loss: {'weight': 0.05}, Latent sens ADV loss: {'weight': 0.1, 'lr': 0.05, 'optimizer': 'Adam', 'layers': (75, 30, 10), 'input_dim': 16}, Flipped ADV loss: {'weight': 0.01, 'lr': 0.05, 'optimizer': 'Adam', 'layers': (75, 30, 10), 'input_dim': 10, 'sens_col_ids': [8]}""}",4095.2,0.9933107473102238,0.9899356344319544,1.0121017555451248,0.9994588631939382,1.0233876364483951,1.0906833746506222,0.9202060240846361,0.9886535584733792,1.0028150415008181,0.05415267991635637,0.008217198594647875,0.2125583774921901,2.7658342914965988,0.4222827770432645,1.4750700052764716,0.4167980542530145,1.1891140811476386,0.3959505744234225,4.61941809464387,0.4167980284843794,0.41833525100779045,0.4167980284843794,0.4167980284843794,0.41833525100779045,0.41210115067654524,1.4750700052764716,0.4222827770432645,4.18151069e+18,1.012101755726573,1.0464830262404698,0.9626900268393277,0.9618023007015734,0.9763426663690694
Compas Dataset,,['race'],FYP VAE,"{'c': 'FYP', 'my model config': ""VAEMaskConfig(epochs=1800, latent_dim=17, mask_values=None vae_layers=(100, 75, 50), lr=0.006, \nlosses_used=['Sensitive KL loss', 'Reconstruction loss', 'KL divergence loss'])Sensitive KL loss: {'weight': 9000, 'sens_col_ids': [8]}, Reconstruction loss: {'weight': 15}, KL divergence loss: {'weight': 0.05}, Latent sens ADV loss: {'weight': 0.1, 'lr': 0.05, 'optimizer': 'Adam', 'layers': (75, 30, 10), 'input_dim': 16}, Flipped ADV loss: {'weight': 0.01, 'lr': 0.05, 'optimizer': 'Adam', 'layers': (75, 30, 10), 'input_dim': 10, 'sens_col_ids': [8]}, Pos Y vec loss: {'weight': 1200000}""}",4099.2,0.9923310758748567,0.9903272388209406,1.0072824769548616,0.9974508761645212,1.0180921612143712,1.0847209179171577,0.9156766505958485,0.986130959156002,1.0047907625330197,0.04164452792581468,0.24679146482392422,0.23151174116330847,2.4792511664298944,0.39935615846156713,0.9169705914529344,0.3444591439398198,1.1876960549017475,0.32722523555833744,4.698301015214074,0.34445912345008767,0.34759014068931837,0.34445912345008767,0.34445912345008767,0.34759014068931837,0.3353511459994379,0.9169705914529344,0.39935615846156713,4.18151069e+18,1.0072824770388893,1.040009832860818,0.9769532801242111,0.9670565667687558,0.9696501745050278
Compas Dataset,,['race'],FairBalance Bias Mitigation,{},4104.2,0.9813619170293794,1.0015342926568565,0.9371629835614084,0.9694575396464445,0.9373440113808477,0.965657762449448,0.8955010495101166,0.9865419795282407,0.972194819860169,0.6401214545862854,0.2261852344321577,0.8117001829300443,0.42680035593870574,0.9947141366069228,1.6800943783185174,0.8968998211135586,1.0883457249153534,0.9575503341215565,6.223475325045387,0.8968997544605223,0.952115510629851,0.8968997544605223,0.8968997544605223,0.952115510629851,0.8160702242438298,1.6800943783185174,0.9947141366069228,4.18151069e+18,0.9371629836617202,0.9403870343785666,1.2150049002118208,1.060410293432456,0.9310892864644136
Compas Dataset,,['race'],FairMask Bias Mitigation,{},4105.2,0.9990809662842532,1.0001226538285117,0.9984975770304103,0.998925842018298,0.9990565894289862,0.997079163372199,1.002498744691845,0.9989250319732123,0.9998802751527097,1.1783836398281073,0.601719324390001,1.0644105423407726,0.3578758265581027,1.1969566231995932,1.567315286732674,1.0750212383388245,0.9948240052536484,1.0850546217763308,0.0,1.075021229271779,1.0760174713679944,1.075021229271779,1.075021229271779,1.0760174713679944,1.078534599829571,1.567315286732674,1.1969566231995932,4.18151069e+18,0.9984975771865521,1.0005907782396135,1.0132933462091862,1.0025179013400394,0.9983986213101365
Compas Dataset,,['race'],LFR,{'c': 'LFR'},4102.2,1.000064061462498,1.009119629105546,0.9706822831326561,0.9908782061882111,0.9650112384017313,1.0087021430062864,0.8986784555931837,1.0007401617474994,0.9995568169420559,0.375658985214673,0.3411462692245673,0.47967362113550116,1.6217068930516332,0.5443284469027023,0.8697402598033163,0.5083096221289601,1.1250001032414085,0.5128565347232273,5.330021328830503,0.5083096160822945,0.5327296934535206,0.5083096160822945,0.5083096160822945,0.5327296934535206,0.46030918110476404,0.8697402598033163,0.5443284469027023,4.18151069e+18,0.9706822833129468,0.9594735121442406,1.2137202890635164,1.0942103971641737,1.002350161119267
Compas Dataset,,['race'],No Bias Mitigation,{},4106.2,1.0,1.0,1.0,1.0,1.0,1.0,1.0,1.0,1.0,1.0,1.0,1.0,1.0,1.0,1.0,1.0,1.0,1.0,1.0,1.0,1.0,1.0,1.0,1.0,1.0,1.0,1.0,4.18151069e+18,1.0,1.0,1.0,1.0,1.0
Compas Dataset,,['race'],Reweighing Bias Mitigation,{},4103.2,0.9853461506790105,0.9874898781676146,0.9897047614272686,0.9882239428991005,1.0028805799190688,1.0431236262742725,0.9421775568740959,0.985857816200071,0.9848165997587119,0.5011354351047205,0.22543839757352582,0.6290922779915906,0.6936221761502636,0.6599044815737511,1.1637076412452536,0.6722331777594893,1.112243644564923,0.6594466987894461,5.949335690140725,0.6722331395684293,0.6734885420293407,0.6722331395684293,0.6722331395684293,0.6734885420293407,0.6663707341440397,1.1637076412452536,0.6599044815737511,4.18151069e+18,0.9897047615325245,1.0327871497677088,1.0354962253515292,0.9797230777978772,0.9426039797584257
