data,ML method,sensitive attrs,bias mitigation,other,accuracy,precision,recall,f1score,mean_pred,race|unprivileged mean_pred,race|privileged mean_pred,race|unprivileged acc,race|privileged acc,race|[AOD] Average Odds Difference,race|[EOD] Equal Opportunity Difference,race|[SPD] Statistical Parity Difference,race|[ERD] Error Rate Difference,race|[A_AOD] Absolute Average Odds Difference,race|[A_EOD] Absolute Equal Opportunity Difference,race|[A_SPD] Absolute Statistical Parity Difference,race|[DI] Disparate Impact,race|[DI_FM] Disparate Impact the way it was implemented in FairMask,race|[FR] Flip Rate,race|[SF] Statistical Parity Subgroup Fairness for One Attribute,race|[DF] Differential Fairness for One Attribute,[SF] Statistical Parity Subgroup Fairness,[SF] Statistical Parity Subgroup Fairness if 0 was the positive label,[DF] Differential Fairness,[DF] Differential Fairness if 0 was the positive label,[MEOD] M Equal Opportunity Difference,[MAOD] M Average Odds Difference,id,TP,FP,FN,TN,MCC
Adult Dataset,DecisionTreeRegressor,['race'],FYP VAE,"{'c': 'FYP', 'my model config': ""VAEMaskConfig(epochs=1500, latent_dim=30, mask_values=None vae_layers=(75, 60, 30, 30), lr=0.006, \nlosses_used=['Sensitive KL loss', 'Pos Y vec loss', 'Reconstruction loss', 'KL divergence loss'])Sensitive KL loss: {'weight': 9000, 'sens_col_ids': [23]}, Pos Y vec loss: {'weight': 1200000}, Reconstruction loss: {'weight': 15}, KL divergence loss: {'weight': 0.05}, Latent sens ADV loss: {'weight': 0.1, 'lr': 0.05, 'optimizer': 'Adam', 'layers': (75, 30, 10), 'input_dim': 29}, Flipped ADV loss: {'weight': 0.01, 'lr': 0.05, 'optimizer': 'Adam', 'layers': (75, 30, 10), 'input_dim': 25, 'sens_col_ids': [23]}""}",0.010233120028032392,0.02481783132324981,0.03773338101194995,0.02507833299153293,0.01944334975611154,0.02483589783725387,0.02005254485277264,0.020586280448645772,0.010298135473565449,0.03114245219875341,0.057375116240481694,0.02136602237228405,0.019838603546449375,0.018975855105899744,0.038465572266066006,0.02059063532452489,0.09541818529216664,0.1473168317069481,0.019068146044588175,0.0025713094615299227,0.11525162434664908,0.0025713094615299227,0.0025713094615299227,0.11525162434664908,0.025427128006133663,0.038465572266066006,0.018975855105899744,3.120846704093036e+18,0.010487382041076935,0.011428602882762614,0.009205729682455786,0.014664517027735871,0.027501497162923508
Adult Dataset,DecisionTreeRegressor,['race'],FYP VAE,"{'c': 'FYP', 'my model config': ""VAEMaskConfig(epochs=1500, latent_dim=30, mask_values=None vae_layers=(75, 60, 30, 30), lr=0.006, \nlosses_used=['Sensitive KL loss', 'Reconstruction loss', 'KL divergence loss'])Sensitive KL loss: {'weight': 9000, 'sens_col_ids': [23]}, Reconstruction loss: {'weight': 15}, KL divergence loss: {'weight': 0.05}, Latent sens ADV loss: {'weight': 0.1, 'lr': 0.05, 'optimizer': 'Adam', 'layers': (75, 30, 10), 'input_dim': 29}, Flipped ADV loss: {'weight': 0.01, 'lr': 0.05, 'optimizer': 'Adam', 'layers': (75, 30, 10), 'input_dim': 25, 'sens_col_ids': [23]}, Pos Y vec loss: {'weight': 1200000}""}",0.009140169200304572,0.022958020175715143,0.03951270175912521,0.023364882041088185,0.021389491794635784,0.01852505129743264,0.024005751801488454,0.015884978965443153,0.009976006120585877,0.03614536568381308,0.061190426068035,0.026086651685141682,0.0174138654155227,0.02254459815523682,0.03431205929336208,0.025289259793773267,0.10046258736635445,0.17073767606485493,0.015589844535341183,0.0031545106614759024,0.12637536534996208,0.0031545106614759024,0.0031545106614759024,0.12637536534996208,0.03202314626531819,0.03431205929336208,0.02254459815523682,3.120846704093036e+18,0.010453050637862712,0.012722064094074694,0.009863774407459008,0.015174745317609921,0.02274906755083065
Adult Dataset,DecisionTreeRegressor,['race'],FairBalance Bias Mitigation,{},0.00710909351162023,0.01514183951620691,0.020734119258097424,0.01508657022466499,0.008667208781200001,0.01852260021914659,0.00908072143116378,0.014610774523430166,0.008006797888255339,0.030074207921792148,0.05637417906534963,0.01901566871229348,0.01706578305842562,0.030074207921792148,0.054579110297172245,0.01901566871229348,0.06337683158945083,0.17810738560985598,0.008193018687926625,0.002254253100909102,0.10525571960207988,0.002254253100909102,0.002254253100909102,0.10525571960207988,0.023654283582276368,0.054579110297172245,0.030074207921792148,3.120846704093036e+18,0.007164354846047215,0.004944155114406538,0.005532235566947851,0.008769977628878213,0.01885541630237379
Adult Dataset,DecisionTreeRegressor,['race'],FairMask Bias Mitigation,{},0.007107329432469211,0.016344582668974914,0.017456171667327422,0.015133008170326357,0.007963552064405563,0.016111231572703538,0.008849938971584842,0.018153263051421054,0.008111670909726185,0.029053435680722134,0.0609520994013037,0.01811333869092463,0.020886180102689934,0.02663912787527314,0.03974540718208688,0.01811333869092463,0.06430246649622899,0.1555311030407409,0.0,0.0022102579294172985,0.09926902272960918,0.0022102579294172985,0.0022102579294172985,0.09926902272960918,0.022552842730117807,0.03974540718208688,0.02663912787527314,3.120846704093036e+18,0.0069810548922635465,0.004643301571738249,0.004562483629429951,0.008969488982182817,0.01860077684015934
Adult Dataset,DecisionTreeRegressor,['race'],LFR,{'c': 'LFR'},0.007774181476530296,0.018549709930126047,0.021428813395222516,0.01850925048201492,0.007886202663989197,0.02016181158956151,0.008757709143176858,0.01920618113813862,0.008273550439106155,0.03689543081775642,0.06968332615534294,0.02244032435876739,0.020352339988116662,0.030408441380514285,0.04679130778908447,0.02244032435876739,0.08274223567148192,0.1677232900380103,0.00900351058018108,0.0027259143400730507,0.1167776535121251,0.0027259143400730507,0.0027259143400730507,0.1167776535121251,0.028056097029939893,0.04679130778908447,0.030408441380514285,3.120846704093036e+18,0.007440458171847556,0.00467239447004408,0.0053640717022840146,0.008619524905125707,0.022200834665037673
Adult Dataset,DecisionTreeRegressor,['race'],No Bias Mitigation,{},0.007070260769743323,0.017478579066920952,0.01922911328621265,0.016402892568961713,0.008188418627650712,0.01686566624985298,0.008895543653218034,0.014650186116934902,0.008067414076521633,0.033258744383522935,0.06454140162020933,0.018166224939563217,0.01718915123667871,0.02608194573376209,0.044570378140126425,0.018166224939563217,0.06535648445192144,0.1617049652665885,0.0076123593102434325,0.0021553413458161226,0.10203746030324529,0.0021553413458161226,0.0021553413458161226,0.10203746030324529,0.022441710197566727,0.044570378140126425,0.02608194573376209,3.120846704093036e+18,0.007436006240544779,0.004772427600237082,0.004782628537608156,0.008586388586384849,0.01980249413157842
Adult Dataset,DecisionTreeRegressor,['race'],Reweighing Bias Mitigation,{},0.007165649422747559,0.016034076940283574,0.019538877472201125,0.0159909144164483,0.008217119823798186,0.014508238611283449,0.008607098601079468,0.013251448713941443,0.00811827884085802,0.02702770118780078,0.0532894196946118,0.014366796797472237,0.015652312220613876,0.02045010426270019,0.03837924866513969,0.014366796797472237,0.05851453318262517,0.12784463624742262,0.006510136929124142,0.0017397873416354506,0.08575249455793832,0.0017397873416354506,0.0017397873416354506,0.08575249455793832,0.01749520252965521,0.03837924866513969,0.02045010426270019,3.120846704093036e+18,0.007012957434119837,0.004215850267929126,0.005229191075139616,0.009066380662828968,0.01925404617589908
Adult Dataset,LogisticRegression,['race'],FYP VAE,"{'c': 'FYP', 'my model config': ""VAEMaskConfig(epochs=1500, latent_dim=30, mask_values=None vae_layers=(75, 60, 30, 30), lr=0.006, \nlosses_used=['Sensitive KL loss', 'Pos Y vec loss', 'Reconstruction loss', 'KL divergence loss'])Sensitive KL loss: {'weight': 9000, 'sens_col_ids': [23]}, Pos Y vec loss: {'weight': 1200000}, Reconstruction loss: {'weight': 15}, KL divergence loss: {'weight': 0.05}, Latent sens ADV loss: {'weight': 0.1, 'lr': 0.05, 'optimizer': 'Adam', 'layers': (75, 30, 10), 'input_dim': 29}, Flipped ADV loss: {'weight': 0.01, 'lr': 0.05, 'optimizer': 'Adam', 'layers': (75, 30, 10), 'input_dim': 25, 'sens_col_ids': [23]}""}",0.0055668892705380505,0.021557144068658884,0.02639144101563616,0.014866113790527206,0.01439647943506617,0.018694310970163424,0.015541814930762857,0.01620648814203234,0.0063990157263174125,0.033287478721033846,0.0633188862551539,0.020089285337507288,0.018309064921368738,0.02271132150431423,0.03917652986767907,0.020089285337507288,0.09181492763074293,0.2026855994508087,0.011816588179636395,0.002517765920578117,0.1352033289621497,0.002517765920578117,0.002517765920578117,0.1352033289621497,0.023949409483325804,0.03917652986767907,0.02271132150431423,3.120846704093036e+18,0.00810361074710726,0.007654789708248348,0.006774763232396773,0.011212413384513634,0.013957930316844934
Adult Dataset,LogisticRegression,['race'],FYP VAE,"{'c': 'FYP', 'my model config': ""VAEMaskConfig(epochs=1500, latent_dim=30, mask_values=None vae_layers=(75, 60, 30, 30), lr=0.006, \nlosses_used=['Sensitive KL loss', 'Reconstruction loss', 'KL divergence loss'])Sensitive KL loss: {'weight': 9000, 'sens_col_ids': [23]}, Reconstruction loss: {'weight': 15}, KL divergence loss: {'weight': 0.05}, Latent sens ADV loss: {'weight': 0.1, 'lr': 0.05, 'optimizer': 'Adam', 'layers': (75, 30, 10), 'input_dim': 29}, Flipped ADV loss: {'weight': 0.01, 'lr': 0.05, 'optimizer': 'Adam', 'layers': (75, 30, 10), 'input_dim': 25, 'sens_col_ids': [23]}, Pos Y vec loss: {'weight': 1200000}""}",0.006001827473676764,0.01836847210954381,0.030623431297923713,0.018410061764185415,0.014796447721591336,0.01920208472309741,0.01663263904606983,0.016008874249443118,0.006727828353899369,0.035895801290219326,0.06669575220003847,0.023624225489844965,0.01781363972624846,0.022846731389805572,0.043278099167683735,0.023624225489844965,0.10868585711308204,0.23468077668735035,0.010094846558412762,0.0029739863004605268,0.15777894635145653,0.0029739863004605268,0.0029739863004605268,0.15777894635145653,0.0282257306412088,0.043278099167683735,0.022846731389805572,3.120846704093036e+18,0.008893845846177759,0.00717360588121952,0.007593793180815741,0.011151728873488063,0.017206758380445542
Adult Dataset,LogisticRegression,['race'],FairBalance Bias Mitigation,{},0.007436331430223559,0.013889526851355171,0.015998181104207244,0.012155527094836685,0.010231127048093834,0.01954295249902055,0.01099186671685498,0.016822534934981252,0.007600162634076626,0.02285884560455098,0.03857723757668938,0.02120017786513158,0.016922326957007787,0.015187475361659741,0.025176411554100442,0.02120017786513158,0.053604741121632084,0.10080548876343778,0.005603847037378434,0.00274922809319175,0.07321814575964095,0.00274922809319175,0.00274922809319175,0.07321814575964095,0.03031301434153084,0.025176411554100442,0.015187475361659741,3.120846704093036e+18,0.007295410337166684,0.006932062960082592,0.00407908984019552,0.009984516563194178,0.015509802770251381
Adult Dataset,LogisticRegression,['race'],FairMask Bias Mitigation,{},0.006431397984700188,0.01887179980994818,0.018200207498130713,0.015099150670671847,0.006737622939518874,0.01421967130983355,0.008170400954122263,0.013925306836639263,0.007453777883687097,0.030364972628119182,0.06067109580454038,0.018237548967837205,0.016630179048044254,0.02643542894334807,0.040826269712289115,0.018237548967837205,0.07904013836989508,0.2343996778795023,0.0,0.0022747227754562407,0.13487124946463902,0.0022747227754562407,0.0022747227754562407,0.13487124946463902,0.02142591670324344,0.040826269712289115,0.02643542894334807,3.120846704093036e+18,0.005955663052385639,0.004160699409926534,0.005540530719505688,0.007804530226758736,0.018044847176910458
Adult Dataset,LogisticRegression,['race'],LFR,{'c': 'LFR'},0.006168107938987862,0.01792885471229953,0.02075082111039436,0.015776166641214978,0.007917377182639424,0.02146412008880195,0.009917278523993182,0.013475567591001955,0.006973908061855853,0.042319829344973456,0.07234281772494973,0.026785011199084156,0.01567615307020288,0.02486285664359239,0.04507207453494336,0.025932421933326386,0.12971124407995813,0.26213326683349386,0.021358708184401616,0.0032113058556180168,0.17755808608605836,0.0032113058556180168,0.0032113058556180168,0.17755808608605836,0.03064601520373112,0.04507207453494336,0.02486285664359239,3.120846704093036e+18,0.006295316397269858,0.00421470336567161,0.006199846490848698,0.007907506262094119,0.01747775779956753
Adult Dataset,LogisticRegression,['race'],No Bias Mitigation,{},0.00613114590224489,0.01884148979939093,0.01724465909357282,0.014709288753847432,0.006616751784168037,0.012430961439680486,0.008207013674842816,0.01275608498054681,0.0071459525064226925,0.02977577943024345,0.058506218648754285,0.017165154337597726,0.015526670180196035,0.02977577943024345,0.05390050894720825,0.017165154337597726,0.06986967604577302,0.2707412732064602,0.003430589123992733,0.002159922807500442,0.13607745446736488,0.002159922807500442,0.002159922807500442,0.13607745446736488,0.020113000222574902,0.05390050894720825,0.02977577943024345,3.120846704093036e+18,0.006003156450650681,0.004072514483221578,0.005209537922083733,0.007696809676310316,0.017518842347886702
Adult Dataset,LogisticRegression,['race'],Reweighing Bias Mitigation,{},0.006283416770891494,0.018033830294671593,0.0181605190234083,0.01538258093159473,0.0069757208257694055,0.016589674574980617,0.00820572493554583,0.013009506876767126,0.007086259293369996,0.02879514428450588,0.05427891825363483,0.019830756725507076,0.015183491312676944,0.02118840923406338,0.043984561990862356,0.019830756725507076,0.0940417866128981,0.1743273121954191,0.004383839949451269,0.002476745355626588,0.1268477411087425,0.002476745355626588,0.002476745355626588,0.1268477411087425,0.02366163790475137,0.043984561990862356,0.02118840923406338,3.120846704093036e+18,0.006287724014072842,0.0038259736803891646,0.005258145189435151,0.007996964446581583,0.017997231938397452
Adult Dataset,NaiveBayes,['race'],FYP VAE,"{'c': 'FYP', 'my model config': ""VAEMaskConfig(epochs=1500, latent_dim=30, mask_values=None vae_layers=(75, 60, 30, 30), lr=0.006, \nlosses_used=['Sensitive KL loss', 'Pos Y vec loss', 'Reconstruction loss', 'KL divergence loss'])Sensitive KL loss: {'weight': 9000, 'sens_col_ids': [23]}, Pos Y vec loss: {'weight': 1200000}, Reconstruction loss: {'weight': 15}, KL divergence loss: {'weight': 0.05}, Latent sens ADV loss: {'weight': 0.1, 'lr': 0.05, 'optimizer': 'Adam', 'layers': (75, 30, 10), 'input_dim': 29}, Flipped ADV loss: {'weight': 0.01, 'lr': 0.05, 'optimizer': 'Adam', 'layers': (75, 30, 10), 'input_dim': 25, 'sens_col_ids': [23]}""}",0.010947855061409224,0.017035608993930626,0.020810197383175258,0.012030163738835718,0.018646809356815036,0.025697882426363436,0.019597864732256706,0.024103337542056475,0.010700727490117643,0.03299347220719056,0.05713941639235971,0.02590925869461219,0.02264175078748212,0.03087720179893245,0.03776482497661719,0.02590925869461219,0.06613499649022198,0.1468207321070503,0.012570218711442399,0.0032811043241882387,0.09771576664995492,0.0032811043241882387,0.0032811043241882387,0.09771576664995492,0.03660050933729877,0.03776482497661719,0.03087720179893245,3.120846704093036e+18,0.008113511266089342,0.013197112200527796,0.005075360694313051,0.01610707843299791,0.01541124466515668
Adult Dataset,NaiveBayes,['race'],FYP VAE,"{'c': 'FYP', 'my model config': ""VAEMaskConfig(epochs=1500, latent_dim=30, mask_values=None vae_layers=(75, 60, 30, 30), lr=0.006, \nlosses_used=['Sensitive KL loss', 'Reconstruction loss', 'KL divergence loss'])Sensitive KL loss: {'weight': 9000, 'sens_col_ids': [23]}, Reconstruction loss: {'weight': 15}, KL divergence loss: {'weight': 0.05}, Latent sens ADV loss: {'weight': 0.1, 'lr': 0.05, 'optimizer': 'Adam', 'layers': (75, 30, 10), 'input_dim': 29}, Flipped ADV loss: {'weight': 0.01, 'lr': 0.05, 'optimizer': 'Adam', 'layers': (75, 30, 10), 'input_dim': 25, 'sens_col_ids': [23]}, Pos Y vec loss: {'weight': 1200000}""}",0.009535084746855254,0.0172158984681337,0.018361327962568327,0.012483454463073687,0.013894672211332077,0.023119829937604346,0.015412017568503042,0.01872564288111216,0.010066517382665523,0.03437017531811864,0.05670544655642919,0.026559409038558475,0.019592421548751557,0.03211232707388676,0.04316284562768779,0.026559409038558475,0.06623713397021146,0.14718713991886623,0.01125162291707159,0.003510953637279391,0.09798000080019459,0.003510953637279391,0.003510953637279391,0.09798000080019459,0.037434355907335105,0.04316284562768779,0.03211232707388676,3.120846704093036e+18,0.006725090732896276,0.010970117958916347,0.005029775494410713,0.012277697282303707,0.015931373657733627
Adult Dataset,NaiveBayes,['race'],FairBalance Bias Mitigation,{},0.008057908698569826,0.011913454457703036,0.011295710131753569,0.01089117043153883,0.009005094494771606,0.022299532450969904,0.010174799254193564,0.019874534781959375,0.008002046582588131,0.03489405901788746,0.06224506094069335,0.02525717171469521,0.019634299787298692,0.03489405901788746,0.05720489490998211,0.02525717171469521,0.05400496401171373,0.13688649434397954,0.0,0.003361071767877597,0.08543472363777843,0.003361071767877597,0.003361071767877597,0.08543472363777843,0.037109733673226564,0.05720489490998211,0.03489405901788746,3.120846704093036e+18,0.006459524165127661,0.006832950245794023,0.0031295602408483113,0.010268587138648656,0.014223640302387354
Adult Dataset,NaiveBayes,['race'],FairMask Bias Mitigation,{},0.007579021624688331,0.011777589607686096,0.011374782846903995,0.01042662265658315,0.009266539848352944,0.020199380943124037,0.010660054445155465,0.01882942561542271,0.0077487812084532995,0.03388045119716217,0.06135244463062436,0.023949674529026493,0.019342002477212076,0.03388045119716217,0.058316616995220324,0.023949674529026493,0.05411001540043175,0.15242710413257304,0.0,0.0032632105441433522,0.0902317882272387,0.0032632105441433522,0.0032632105441433522,0.0902317882272387,0.03390499440329458,0.058316616995220324,0.03388045119716217,3.120846704093036e+18,0.0064342868280400055,0.006410802478188767,0.003230323337815746,0.010392688455138728,0.013641363324728036
Adult Dataset,NaiveBayes,['race'],LFR,{'c': 'LFR'},0.009704438492785567,0.021107663424606345,0.022990768230025944,0.012527022495387376,0.018113989002036743,0.022244965204248946,0.019494314945653114,0.01739386229246622,0.00974892755676851,0.03231492562242478,0.05489726745699807,0.02355724655968975,0.015881013334028297,0.01820502763867749,0.03924841717937688,0.02355724655968975,0.07392075050946749,0.12134942863790643,0.01594303673799542,0.002881003539395586,0.0943078208332976,0.002881003539395586,0.002881003539395586,0.0943078208332976,0.032037596493104455,0.03924841717937688,0.01820502763867749,3.120846704093036e+18,0.008351495284708604,0.012252659187198738,0.005665378662238017,0.015098084366865416,0.016117313585685425
Adult Dataset,NaiveBayes,['race'],No Bias Mitigation,{},0.006945213633999678,0.011123548167304528,0.011723027324262657,0.00967827796133241,0.009407481693023145,0.017034939835834498,0.010820271365226812,0.015414689301743377,0.007592232983053691,0.03219061513508759,0.061752867985141714,0.020790850105875124,0.017066301740463898,0.03219061513508759,0.061752867985141714,0.020790850105875124,0.043482213415154035,0.260583848227846,0.006398919295134079,0.0029042092971535843,0.10579581361618563,0.0029042092971535843,0.0029042092971535843,0.10579581361618563,0.02843570351301179,0.061752867985141714,0.03219061513508759,3.120846704093036e+18,0.006444421721383801,0.006097246525508894,0.003294192156683089,0.010237630732237766,0.012492754903736168
Adult Dataset,NaiveBayes,['race'],Reweighing Bias Mitigation,{},0.007535206163866439,0.012399061512615614,0.011205717170079656,0.01032117198702356,0.009478640871547218,0.020795750393408464,0.01080955138640045,0.01941946333886797,0.007561366493711928,0.034029070015618765,0.06169067994308724,0.02441568352225517,0.019630700777280533,0.034029070015618765,0.056196163398090575,0.02441568352225517,0.05783092672378675,0.16185250891657552,0.0,0.003245833968571076,0.09592907339417639,0.003245833968571076,0.003245833968571076,0.09592907339417639,0.03389164638416833,0.056196163398090575,0.034029070015618765,3.120846704093036e+18,0.006321390724329692,0.00670240901871086,0.003255172947012309,0.010429602880769316,0.013341882354094746
Adult Dataset,RandomForestClassifier,['race'],FYP VAE,"{'c': 'FYP', 'my model config': ""VAEMaskConfig(epochs=1500, latent_dim=30, mask_values=None vae_layers=(75, 60, 30, 30), lr=0.006, \nlosses_used=['Sensitive KL loss', 'Pos Y vec loss', 'Reconstruction loss', 'KL divergence loss'])Sensitive KL loss: {'weight': 9000, 'sens_col_ids': [23]}, Pos Y vec loss: {'weight': 1200000}, Reconstruction loss: {'weight': 15}, KL divergence loss: {'weight': 0.05}, Latent sens ADV loss: {'weight': 0.1, 'lr': 0.05, 'optimizer': 'Adam', 'layers': (75, 30, 10), 'input_dim': 29}, Flipped ADV loss: {'weight': 0.01, 'lr': 0.05, 'optimizer': 'Adam', 'layers': (75, 30, 10), 'input_dim': 25, 'sens_col_ids': [23]}""}",0.007074127248290183,0.02144097375886163,0.036993004144629936,0.02368064567198076,0.01721361571341622,0.021371976682209307,0.01829029511619311,0.016952282728648377,0.008236699140760381,0.03063770494823297,0.05784524364338292,0.021139929384653727,0.020040597124798554,0.016719244357773198,0.033250143475388586,0.021139929384653727,0.09944943188080894,0.19611865238179618,0.012231046030730606,0.0026771255593890492,0.1381664072629786,0.0026771255593890492,0.0026771255593890492,0.1381664072629786,0.025474467590511057,0.033250143475388586,0.016719244357773198,3.120846704093036e+18,0.010170570450875518,0.008668491674584436,0.009275521464599857,0.01180526839344558,0.02256770234321462
Adult Dataset,RandomForestClassifier,['race'],FYP VAE,"{'c': 'FYP', 'my model config': ""VAEMaskConfig(epochs=1500, latent_dim=30, mask_values=None vae_layers=(75, 60, 30, 30), lr=0.006, \nlosses_used=['Sensitive KL loss', 'Reconstruction loss', 'KL divergence loss'])Sensitive KL loss: {'weight': 9000, 'sens_col_ids': [23]}, Reconstruction loss: {'weight': 15}, KL divergence loss: {'weight': 0.05}, Latent sens ADV loss: {'weight': 0.1, 'lr': 0.05, 'optimizer': 'Adam', 'layers': (75, 30, 10), 'input_dim': 29}, Flipped ADV loss: {'weight': 0.01, 'lr': 0.05, 'optimizer': 'Adam', 'layers': (75, 30, 10), 'input_dim': 25, 'sens_col_ids': [23]}, Pos Y vec loss: {'weight': 1200000}""}",0.006333991549274823,0.01456455519870329,0.030532096037298066,0.019527179549400274,0.014445031079332442,0.017648481406144646,0.01656066806604003,0.013308536507464865,0.007181087924353933,0.03594382692665117,0.06300155469634798,0.023217841953609795,0.015594389923380456,0.022440045563455965,0.03984442404680693,0.023217841953609795,0.10500258378751628,0.1973695924537134,0.013829903424118791,0.0029077895178038155,0.14204440387388625,0.0029077895178038155,0.0029077895178038155,0.14204440387388625,0.028104914805982387,0.03984442404680693,0.022440045563455965,3.120846704093036e+18,0.008947620497302838,0.006506724915917593,0.0075006392942223495,0.011302763762752698,0.018158495929771815
Adult Dataset,RandomForestClassifier,['race'],FairBalance Bias Mitigation,{},0.007701079425422577,0.016471424143616294,0.022265108114057106,0.0174202928209627,0.008546830092810665,0.016095491327253776,0.009031628491855707,0.011906457287558873,0.008666662065210487,0.029425207400245634,0.05579070574613142,0.016630405015360505,0.014602074787980738,0.029425207400245634,0.05579070574613142,0.016630405015360505,0.0615273730864909,0.24214853030191444,0.007486866468282727,0.0020261822659696695,0.12051469086341035,0.0020261822659696695,0.0020261822659696695,0.12051469086341035,0.019819197804654482,0.05579070574613142,0.029425207400245634,3.120846704093036e+18,0.0075960646637530235,0.004276722665166648,0.00570473371624247,0.009025046025115255,0.02138908332827397
Adult Dataset,RandomForestClassifier,['race'],FairMask Bias Mitigation,{},0.006936171747828023,0.017780693893542927,0.019189829538382792,0.01584469545044201,0.008403200005625146,0.015293687687880643,0.009317361079151073,0.014777988505390933,0.008006280501883647,0.03372595043306037,0.06778050907688803,0.01731619562303772,0.01774280539499229,0.02795900936616979,0.04256255451978461,0.01731619562303772,0.07067037990960927,0.20428160765544368,0.0,0.0020870992945884767,0.11871839517652624,0.0020870992945884767,0.0020870992945884767,0.11871839517652624,0.02070046091571203,0.04256255451978461,0.02795900936616979,3.120846704093036e+18,0.006948601451194314,0.004593581885278591,0.005067001639329308,0.009016471372291513,0.01905750614742609
Adult Dataset,RandomForestClassifier,['race'],LFR,{'c': 'LFR'},0.007354194419116802,0.018941514134942213,0.02050382899991897,0.017548818424727816,0.007404396150230394,0.0185048909059234,0.008854187475220836,0.015712290174207052,0.008315421819318122,0.03712637043441577,0.0692384371539151,0.02226405432567461,0.018429280231135867,0.022310248755165196,0.038614578615766955,0.02226405432567461,0.09428625435114937,0.2117697630015524,0.008864844118289713,0.0027618417036510893,0.1399233133729884,0.0027618417036510893,0.0027618417036510893,0.1399233133729884,0.0267708785278974,0.038614578615766955,0.022310248755165196,3.120846704093036e+18,0.006784741354723521,0.004336998494975586,0.005644675039491356,0.008356775427532276,0.020970953412069598
Adult Dataset,RandomForestClassifier,['race'],No Bias Mitigation,{},0.0075372868028841114,0.01740902426940396,0.02102305305095253,0.01739592879152712,0.00785435792001026,0.015402307602947555,0.00821758402027519,0.01120667751648604,0.008789945990820655,0.03028694658233834,0.05883245707833117,0.0157546877264116,0.015018438741669134,0.03028694658233834,0.054998132489409615,0.0157546877264116,0.06546730789504138,0.22504875075957548,0.0059192682490855795,0.0019352968003951273,0.12030975606601056,0.0019352968003951273,0.0019352968003951273,0.12030975606601056,0.018450809731313033,0.054998132489409615,0.03028694658233834,3.120846704093036e+18,0.007078618992697048,0.004089069806880324,0.005619240697189491,0.008816433310127566,0.020977332187178937
Adult Dataset,RandomForestClassifier,['race'],Reweighing Bias Mitigation,{},0.006777790569104306,0.01531406268618854,0.020184313963349652,0.016243565963161136,0.007936891925106564,0.01671364158030797,0.00824075512727282,0.012080666045095171,0.007856493487504772,0.029218594837007082,0.05539208515698178,0.017177059145465415,0.015189079652825004,0.029218594837007082,0.051001886920257096,0.017177059145465415,0.07267778058721965,0.2362739719508146,0.006543028640871349,0.0020990339500121824,0.12974857674780332,0.0020990339500121824,0.0020990339500121824,0.12974857674780332,0.02010125735367373,0.051001886920257096,0.029218594837007082,3.120846704093036e+18,0.0071004521319699004,0.00350854606227691,0.005303345539373301,0.008701262992356079,0.01909845876304518
Adult Dataset,SupportVectorClassifier,['race'],FYP VAE,"{'c': 'FYP', 'my model config': ""VAEMaskConfig(epochs=1500, latent_dim=30, mask_values=None vae_layers=(75, 60, 30, 30), lr=0.006, \nlosses_used=['Sensitive KL loss', 'Pos Y vec loss', 'Reconstruction loss', 'KL divergence loss'])Sensitive KL loss: {'weight': 9000, 'sens_col_ids': [23]}, Pos Y vec loss: {'weight': 1200000}, Reconstruction loss: {'weight': 15}, KL divergence loss: {'weight': 0.05}, Latent sens ADV loss: {'weight': 0.1, 'lr': 0.05, 'optimizer': 'Adam', 'layers': (75, 30, 10), 'input_dim': 29}, Flipped ADV loss: {'weight': 0.01, 'lr': 0.05, 'optimizer': 'Adam', 'layers': (75, 30, 10), 'input_dim': 25, 'sens_col_ids': [23]}""}",0.006075279431989111,0.02849187122886613,0.032694575064244294,0.0191397354870717,0.01644822791797891,0.020607520640731812,0.017067614023031828,0.01556623122385947,0.0072699632016929505,0.03420768585738261,0.0676596788299832,0.017875917807543287,0.01866286439329044,0.020888507029678004,0.04083582982190411,0.017875917807543287,0.09831942546697686,0.2179672717799222,0.012625093816881835,0.002230392225144969,0.1447540346480529,0.002230392225144969,0.002230392225144969,0.1447540346480529,0.020696870529155295,0.04083582982190411,0.020888507029678004,3.120846704093036e+18,0.008833664807045031,0.008823740269562156,0.008688986658982926,0.011562602527288086,0.016203117631529974
Adult Dataset,SupportVectorClassifier,['race'],FYP VAE,"{'c': 'FYP', 'my model config': ""VAEMaskConfig(epochs=1500, latent_dim=30, mask_values=None vae_layers=(75, 60, 30, 30), lr=0.006, \nlosses_used=['Sensitive KL loss', 'Reconstruction loss', 'KL divergence loss'])Sensitive KL loss: {'weight': 9000, 'sens_col_ids': [23]}, Reconstruction loss: {'weight': 15}, KL divergence loss: {'weight': 0.05}, Latent sens ADV loss: {'weight': 0.1, 'lr': 0.05, 'optimizer': 'Adam', 'layers': (75, 30, 10), 'input_dim': 29}, Flipped ADV loss: {'weight': 0.01, 'lr': 0.05, 'optimizer': 'Adam', 'layers': (75, 30, 10), 'input_dim': 25, 'sens_col_ids': [23]}, Pos Y vec loss: {'weight': 1200000}""}",0.006248781724063314,0.021432779230210922,0.034416418488642464,0.02255256211194453,0.01568899071286351,0.020620764590124196,0.01717790574126647,0.01580109634521405,0.0069978851151966635,0.034691261295647945,0.06417053698513366,0.02274497528803435,0.017769563524533585,0.02256289060121657,0.04240757041752252,0.02274497528803435,0.11991273605864687,0.2794344952514985,0.010666363672725004,0.0028640880794083795,0.17991207511416474,0.0028640880794083795,0.0028640880794083795,0.17991207511416474,0.02646406685791792,0.04240757041752252,0.02256289060121657,3.120846704093036e+18,0.009626153216897278,0.0072333004779746805,0.008358709788191497,0.011312439363910819,0.019555301590476984
Adult Dataset,SupportVectorClassifier,['race'],FairBalance Bias Mitigation,{},0.007411118051094244,0.013934977105620862,0.015431268455749547,0.013116487036885177,0.009455790277385426,0.017704296671457148,0.01050193190262611,0.017162065641284033,0.007500407689645129,0.022055636379547938,0.0400207621799713,0.020170286788024877,0.01709147803558664,0.02199456100991679,0.025827173466255016,0.020170286788024877,0.04765370207672373,0.09394505919421002,0.003920949952353537,0.0026413182733108177,0.06667529642468983,0.0026413182733108177,0.0026413182733108177,0.06667529642468983,0.029575924830295586,0.025827173466255016,0.02199456100991679,3.120846704093036e+18,0.007904968854975488,0.006228770686441691,0.0037171599017817164,0.009320102787562984,0.01650335680572119
Adult Dataset,SupportVectorClassifier,['race'],FairMask Bias Mitigation,{},0.00647559455437972,0.017222534615391607,0.017064994411909087,0.014729022557176865,0.006585774390465937,0.015176134834849715,0.0074839435265442,0.014859517998975084,0.007544484138267342,0.033388643346934366,0.06722594666778203,0.017491241496298174,0.017779622955093857,0.026831541532440224,0.05040232216297602,0.017491241496298174,0.08005419007146886,0.23229646596893974,0.0,0.0021946135332944774,0.13502753226662473,0.0021946135332944774,0.0021946135332944774,0.13502753226662473,0.02037758196600302,0.05040232216297602,0.026831541532440224,3.120846704093036e+18,0.005991791108523029,0.0036380259827475375,0.00517315065821013,0.008187706450638191,0.017624363631179772
Adult Dataset,SupportVectorClassifier,['race'],LFR,{'c': 'LFR'},0.006405262389616199,0.019551577841434978,0.01687042567219706,0.015077525203892515,0.006691364372382622,0.017486386065549742,0.008357016618350019,0.013874035056807473,0.007086963821373006,0.03799699175968504,0.06945563974026525,0.021940602057098375,0.015591782927993814,0.025571277366320085,0.04753867155623028,0.021094493805787515,0.11355718708998118,0.19235701937875696,0.021848410877530325,0.0026055083880301257,0.14304396003181025,0.0026055083880301257,0.0026055083880301257,0.14304396003181025,0.024875684658176366,0.04753867155623028,0.025571277366320085,3.120846704093036e+18,0.0057599454545379895,0.004051210640195295,0.005345496753044606,0.008078935306822282,0.01777320280378957
Adult Dataset,SupportVectorClassifier,['race'],No Bias Mitigation,{},0.006541975882375591,0.017356513822963125,0.016728425823531387,0.014753386694775494,0.0065773641985681095,0.01410222354127956,0.007522864351110443,0.014693887084346904,0.007666366436999148,0.032449556393372,0.06618900895021607,0.01655614374951127,0.01781416910026955,0.03090179706545093,0.05452815944481388,0.01655614374951127,0.07345435272627382,0.25141594553760904,0.0028478722738116877,0.002068874746517125,0.13444459427252933,0.002068874746517125,0.002068874746517125,0.13444459427252933,0.019215877315042467,0.05452815944481388,0.03090179706545093,3.120846704093036e+18,0.006016830700453673,0.003653936966866771,0.0050541053080531235,0.008282074130962673,0.01776741430931962
Adult Dataset,SupportVectorClassifier,['race'],Reweighing Bias Mitigation,{},0.006759976206596756,0.018425891642104047,0.017151518034865417,0.015515909599120616,0.00630089570845564,0.015527119379579875,0.007162973721478211,0.013771186691558997,0.00792071120333353,0.03188795612765372,0.0637044854693511,0.017644834895489063,0.016972128851351194,0.020427719383157173,0.04046796348376546,0.017644834895489063,0.08361594285976959,0.2082837414594632,0.002738136673701755,0.0021966108790450506,0.13067648539555793,0.0021966108790450506,0.0021966108790450506,0.13067648539555793,0.0206129980734706,0.04046796348376546,0.020427719383157173,3.120846704093036e+18,0.005993933722371158,0.003720206744204457,0.0052299306255021265,0.008118514617480345,0.018703373594716494
Adult Dataset,nn keras,['race'],FYP VAE,"{'c': 'FYP', 'my model config': ""VAEMaskConfig(epochs=1500, latent_dim=30, mask_values=None vae_layers=(75, 60, 30, 30), lr=0.006, \nlosses_used=['Sensitive KL loss', 'Pos Y vec loss', 'Reconstruction loss', 'KL divergence loss'])Sensitive KL loss: {'weight': 9000, 'sens_col_ids': [23]}, Pos Y vec loss: {'weight': 1200000}, Reconstruction loss: {'weight': 15}, KL divergence loss: {'weight': 0.05}, Latent sens ADV loss: {'weight': 0.1, 'lr': 0.05, 'optimizer': 'Adam', 'layers': (75, 30, 10), 'input_dim': 29}, Flipped ADV loss: {'weight': 0.01, 'lr': 0.05, 'optimizer': 'Adam', 'layers': (75, 30, 10), 'input_dim': 25, 'sens_col_ids': [23]}""}",0.006209726722926603,0.03520386186524404,0.0599839051103043,0.02689711905835247,0.030288684854930054,0.02606345551121522,0.03213185778931246,0.017190598109680464,0.0072034441532768225,0.03218345807983903,0.0634536627587378,0.021960603190618367,0.01977237205298497,0.019407475627936755,0.04012564318214731,0.021960603190618367,0.08885053366193565,0.17962274055744137,0.012087573038103771,0.0027758266620087754,0.1252897167038396,0.0027758266620087754,0.0027758266620087754,0.1252897167038396,0.027991946332342667,0.04012564318214731,0.019407475627936755,3.120846704093036e+18,0.014862816566271286,0.016308854295171146,0.014856084229180446,0.017493167842538973,0.01938444787993632
Adult Dataset,nn keras,['race'],FYP VAE,"{'c': 'FYP', 'my model config': ""VAEMaskConfig(epochs=1500, latent_dim=30, mask_values=None vae_layers=(75, 60, 30, 30), lr=0.006, \nlosses_used=['Sensitive KL loss', 'Reconstruction loss', 'KL divergence loss'])Sensitive KL loss: {'weight': 9000, 'sens_col_ids': [23]}, Reconstruction loss: {'weight': 15}, KL divergence loss: {'weight': 0.05}, Latent sens ADV loss: {'weight': 0.1, 'lr': 0.05, 'optimizer': 'Adam', 'layers': (75, 30, 10), 'input_dim': 29}, Flipped ADV loss: {'weight': 0.01, 'lr': 0.05, 'optimizer': 'Adam', 'layers': (75, 30, 10), 'input_dim': 25, 'sens_col_ids': [23]}, Pos Y vec loss: {'weight': 1200000}""}",0.006479321583952059,0.03309448721717673,0.06007894223194627,0.02686789578774916,0.030558139315821114,0.026530026539942228,0.03256646033713658,0.015902433947794666,0.007462128331142762,0.0344083281491307,0.0642766738878135,0.02391730521153183,0.01850204325244409,0.020586212030391418,0.03819271726361579,0.02391730521153183,0.10120873925939934,0.21436236155171948,0.010683594868679928,0.003022333939092113,0.14590832176214003,0.003022333939092113,0.003022333939092113,0.14590832176214003,0.029927686572766052,0.03819271726361579,0.020586212030391418,3.120846704093036e+18,0.014992049154503766,0.016268630627260788,0.014714804554218487,0.018095778541283414,0.01930292425801941
Adult Dataset,nn keras,['race'],FairBalance Bias Mitigation,{},0.008502295355318363,0.017122272688645412,0.02356980130036988,0.013451394337322078,0.015458082819113657,0.021124975559529222,0.016221353352403385,0.01896894614290374,0.008906481072037547,0.02914883551049541,0.05687426332978651,0.020545263429059237,0.019913453855252793,0.02914883551049541,0.05687426332978651,0.020545263429059237,0.05734865626282776,0.15096119545433756,0.009215387085955082,0.0026245951973507017,0.09257214088421442,0.0026245951973507017,0.0026245951973507017,0.09257214088421442,0.027724858713289318,0.05687426332978651,0.02914883551049541,3.120846704093036e+18,0.008382420998596481,0.01017783129602193,0.005816737149738526,0.012695855844509054,0.016986723174030483
Adult Dataset,nn keras,['race'],FairMask Bias Mitigation,{},0.006164540585462978,0.036430531235234535,0.06337406136143826,0.028480380700847296,0.029171546381486953,0.02013242212543603,0.031854730643180076,0.013311569865416296,0.006988218000355576,0.03396921370762807,0.06484349269771071,0.023829028190329025,0.015432596726961765,0.024877263902909178,0.04016940669373463,0.023829028190329025,0.07963570398445316,0.2284211806450138,0.0,0.002991745047963932,0.13374146501473042,0.002991745047963932,0.002991745047963932,0.13374146501473042,0.030667377208611776,0.04016940669373463,0.024877263902909178,3.120846704093036e+18,0.015595171374495028,0.014699519922356423,0.015559690181718586,0.01565958290899743,0.022960009678065687
Adult Dataset,nn keras,['race'],LFR,{'c': 'LFR'},0.006875971643444171,0.029572539188749306,0.04457238345874819,0.02141436854099145,0.01970351908101916,0.022707208011547717,0.021445193676662415,0.013718257512735098,0.008044056967730702,0.04120487973702948,0.07415613857126169,0.024475252160133264,0.01685022484625892,0.027404702703888117,0.04923065055853298,0.024475252160133264,0.10444171797482413,0.23036414907283947,0.018743751697577256,0.003059110559472284,0.15284082334892954,0.003059110559472284,0.003059110559472284,0.15284082334892954,0.029791040108851218,0.04923065055853298,0.027404702703888117,3.120846704093036e+18,0.010428525191833899,0.010904716828104219,0.011861237226934808,0.011170621523969934,0.020959539856863087
Adult Dataset,nn keras,['race'],No Bias Mitigation,{},0.006422065867455773,0.03991053849314168,0.05892932876109003,0.025560703233880547,0.028498595304806883,0.01783481203091643,0.03126011150656844,0.01370870733655517,0.0073718458192798385,0.03551583916208285,0.06861663494850176,0.024042887890791207,0.016185861615899824,0.03413957444614989,0.06021326699501112,0.024042887890791207,0.0703927680906582,0.250269285903588,0.00782021256387424,0.0029704122955331183,0.13133408593941978,0.0029704122955331183,0.0029704122955331183,0.13133408593941978,0.030914183500208213,0.06021326699501112,0.03413957444614989,3.120846704093036e+18,0.014892466827919748,0.014868019811462093,0.014231135553175001,0.016299544049587295,0.021003662374799153
Adult Dataset,nn keras,['race'],Reweighing Bias Mitigation,{},0.007713251893825017,0.021640579732146458,0.02302210868876399,0.017811087819876503,0.010469617204086432,0.01767201978842035,0.01125833853466975,0.01401591042462481,0.00878956955598134,0.027806321049675238,0.050627120321073506,0.018718362102005504,0.016844827239011338,0.01934076015934699,0.03549316802918915,0.018718362102005504,0.0778468024168844,0.15135168304879718,0.010508875372473293,0.002338564214556074,0.10776733585975828,0.002338564214556074,0.002338564214556074,0.10776733585975828,0.022930400445234762,0.03549316802918915,0.01934076015934699,3.120846704093036e+18,0.007575289107355147,0.006394214809880447,0.00599681646835454,0.009617973333364617,0.02137472117014102
Compas Dataset,DecisionTreeRegressor,['race'],FYP VAE,"{'c': 'FYP', 'my model config': ""VAEMaskConfig(epochs=1800, latent_dim=17, mask_values=None vae_layers=(100, 75, 50), lr=0.006, \nlosses_used=['Sensitive KL loss', 'Pos Y vec loss', 'Reconstruction loss', 'KL divergence loss'])Sensitive KL loss: {'weight': 9000, 'sens_col_ids': [8]}, Pos Y vec loss: {'weight': 1200000}, Reconstruction loss: {'weight': 15}, KL divergence loss: {'weight': 0.05}, Latent sens ADV loss: {'weight': 0.1, 'lr': 0.05, 'optimizer': 'Adam', 'layers': (75, 30, 10), 'input_dim': 16}, Flipped ADV loss: {'weight': 0.01, 'lr': 0.05, 'optimizer': 'Adam', 'layers': (75, 30, 10), 'input_dim': 10, 'sens_col_ids': [8]}""}",0.018851510147011426,0.0306505565681624,0.028880622638009567,0.022616203361081125,0.02678055503868728,0.024113238359810933,0.048573336162494915,0.02554856645318385,0.0316032131696936,0.04524197983892851,0.06280615000751301,0.04532507488825676,0.04318716771232972,0.022956885229572108,0.03794140209301075,0.025452307938653017,0.07648938995372419,0.04539191735824817,0.020351283175252734,0.00572159821348433,0.04276889702992567,0.00572159821348433,0.00572159821348433,0.04276889702992567,0.06545137155238698,0.03794140209301075,0.022956885229572108,2.605225452157392e+18,0.022838072623004142,0.02122352901839938,0.01692002607561437,0.01789052171950014,0.03651856524881923
Compas Dataset,DecisionTreeRegressor,['race'],FYP VAE,"{'c': 'FYP', 'my model config': ""VAEMaskConfig(epochs=1800, latent_dim=17, mask_values=None vae_layers=(100, 75, 50), lr=0.006, \nlosses_used=['Sensitive KL loss', 'Reconstruction loss', 'KL divergence loss'])Sensitive KL loss: {'weight': 9000, 'sens_col_ids': [8]}, Reconstruction loss: {'weight': 15}, KL divergence loss: {'weight': 0.05}, Latent sens ADV loss: {'weight': 0.1, 'lr': 0.05, 'optimizer': 'Adam', 'layers': (75, 30, 10), 'input_dim': 16}, Flipped ADV loss: {'weight': 0.01, 'lr': 0.05, 'optimizer': 'Adam', 'layers': (75, 30, 10), 'input_dim': 10, 'sens_col_ids': [8]}, Pos Y vec loss: {'weight': 1200000}""}",0.018783803131540516,0.030588071040222466,0.02580305177318853,0.022244682955721098,0.026344193798357837,0.029135206083320604,0.039377547389193454,0.02414253701111459,0.02710815419355464,0.04516960839228084,0.04771333554050387,0.04211240383587542,0.03545120529057013,0.0297177243082601,0.027656020041466337,0.027719493137696984,0.06938563743798985,0.05001115212948852,0.024239531021407305,0.006317792349521601,0.046281801697919074,0.006317792349521601,0.006317792349521601,0.046281801697919074,0.07056589083884211,0.027656020041466337,0.0297177243082601,2.605225452157392e+18,0.02256466343488726,0.021426346936057054,0.014534420664292396,0.019316890782810625,0.03612395306292446
Compas Dataset,DecisionTreeRegressor,['race'],FairBalance Bias Mitigation,{},0.020541227214791243,0.027813915554064907,0.02700238360610742,0.02253164543563004,0.016863943174175913,0.020051120467221274,0.024735835097888875,0.021931034670559544,0.029209051223099435,0.030058856134529792,0.038508743198788234,0.02930694654428763,0.028291572313483986,0.030058856134529792,0.036069613429888216,0.02930694654428763,0.04453366769664674,0.06111532612525141,0.02561992238022835,0.00662615171923799,0.0520907379339811,0.00662615171923799,0.00662615171923799,0.0520907379339811,0.06900862459550627,0.036069613429888216,0.030058856134529792,2.605225452157392e+18,0.01885746196871231,0.016000676362540923,0.017823860016194897,0.016817113689744388,0.04106689499064344
Compas Dataset,DecisionTreeRegressor,['race'],FairMask Bias Mitigation,{},0.01860174620892488,0.027605371339123465,0.023806925532982918,0.02122850795158335,0.01846069266140865,0.02481335425500623,0.030916722036920634,0.022287057984616932,0.030779698657414103,0.04253957752655108,0.05049294988253377,0.04149145715913056,0.03667659709961317,0.04028466890607756,0.04429800844686352,0.04149145715913056,0.059577438898683534,0.07986290870615333,0.0,0.00942614240787079,0.06876572774412713,0.00942614240787079,0.00942614240787079,0.06876572774412713,0.10774694656252994,0.04429800844686352,0.04028466890607756,2.605225452157392e+18,0.02081827912103426,0.017168832274307846,0.014363642606419641,0.016066567329717254,0.0364051053881335
Compas Dataset,DecisionTreeRegressor,['race'],LFR,{'c': 'LFR'},0.01833414889882861,0.028285064180782228,0.021045978884373057,0.019030983789535882,0.018581904359985045,0.024303158711255733,0.03250514027566772,0.022649605860449527,0.025820752695794685,0.04457933905681559,0.044151114261999934,0.04218737619865965,0.03213006202003459,0.037220457260948296,0.030423665154763798,0.037957507884024605,0.06457161644173719,0.07087134973909098,0.01752311516003377,0.008602391313319592,0.06336260677751546,0.008602391313319592,0.008602391313319592,0.06336260677751546,0.09679804766232927,0.030423665154763798,0.037220457260948296,2.605225452157392e+18,0.017852916233342536,0.0191704919392998,0.014207401922970946,0.01729565721176622,0.03724075175921087
Compas Dataset,DecisionTreeRegressor,['race'],No Bias Mitigation,{},0.016162023227167473,0.02502040796807168,0.02258984651745715,0.017284126734138584,0.018472678370607766,0.025065242810640476,0.03173369186038886,0.01788898107011454,0.030214469644405197,0.04380208672792642,0.04636450292425671,0.04260821961969599,0.03399671217803402,0.04013956857484339,0.03602866838774331,0.04141545236064854,0.06322559894923825,0.07825368885107102,0.028780758978481428,0.009260965099257414,0.06908194298349364,0.009260965099257414,0.009260965099257414,0.06908194298349364,0.10607625470618523,0.03602866838774331,0.04013956857484339,2.605225452157392e+18,0.0173132491064206,0.017103417853679127,0.015842108794276066,0.016278794712198945,0.03268811847604478
Compas Dataset,DecisionTreeRegressor,['race'],Reweighing Bias Mitigation,{},0.01503969690196385,0.02479160887176178,0.021157816033070653,0.016702666587675885,0.01886176853770114,0.021314679265586306,0.03330444686074817,0.021577968900906044,0.02838204599543422,0.03926735735230991,0.05050001676911691,0.038101031396010634,0.039654927163241996,0.030381133232357336,0.030289535594707744,0.033466110214063,0.06050905647824141,0.06299852033920833,0.02502278126538178,0.00749888830094908,0.056995335048361954,0.00749888830094908,0.00749888830094908,0.056995335048361954,0.08239233512186196,0.030289535594707744,0.030381133232357336,2.605225452157392e+18,0.01741379920161192,0.016482160576527093,0.014772837185498369,0.017164390078662772,0.030733152791221723
Compas Dataset,LogisticRegression,['race'],FYP VAE,"{'c': 'FYP', 'my model config': ""VAEMaskConfig(epochs=1800, latent_dim=17, mask_values=None vae_layers=(100, 75, 50), lr=0.006, \nlosses_used=['Sensitive KL loss', 'Pos Y vec loss', 'Reconstruction loss', 'KL divergence loss'])Sensitive KL loss: {'weight': 9000, 'sens_col_ids': [8]}, Pos Y vec loss: {'weight': 1200000}, Reconstruction loss: {'weight': 15}, KL divergence loss: {'weight': 0.05}, Latent sens ADV loss: {'weight': 0.1, 'lr': 0.05, 'optimizer': 'Adam', 'layers': (75, 30, 10), 'input_dim': 16}, Flipped ADV loss: {'weight': 0.01, 'lr': 0.05, 'optimizer': 'Adam', 'layers': (75, 30, 10), 'input_dim': 10, 'sens_col_ids': [8]}""}",0.016722468226130625,0.02685647432206995,0.020259737077663063,0.016881866950411765,0.020209923752205948,0.025463823082926343,0.028103486983857694,0.022092369824089353,0.02527012134624451,0.0338866200302852,0.04363460053255256,0.03565506062209973,0.03409401771466239,0.024637207016704514,0.03296040468221297,0.031018373551034907,0.05143779427714047,0.052313047608830696,0.016893329176794956,0.007013005152925772,0.04785750230133274,0.007013005152925772,0.007013005152925772,0.04785750230133274,0.09014469222563258,0.03296040468221297,0.024637207016704514,2.605225452157392e+18,0.01913148127686801,0.019501904549129468,0.012809138306290152,0.01683645768767562,0.03243807545150493
Compas Dataset,LogisticRegression,['race'],FYP VAE,"{'c': 'FYP', 'my model config': ""VAEMaskConfig(epochs=1800, latent_dim=17, mask_values=None vae_layers=(100, 75, 50), lr=0.006, \nlosses_used=['Sensitive KL loss', 'Reconstruction loss', 'KL divergence loss'])Sensitive KL loss: {'weight': 9000, 'sens_col_ids': [8]}, Reconstruction loss: {'weight': 15}, KL divergence loss: {'weight': 0.05}, Latent sens ADV loss: {'weight': 0.1, 'lr': 0.05, 'optimizer': 'Adam', 'layers': (75, 30, 10), 'input_dim': 16}, Flipped ADV loss: {'weight': 0.01, 'lr': 0.05, 'optimizer': 'Adam', 'layers': (75, 30, 10), 'input_dim': 10, 'sens_col_ids': [8]}, Pos Y vec loss: {'weight': 1200000}""}",0.017413549940441125,0.027189040626317672,0.022949511730985316,0.018100275430460867,0.02278221640268369,0.026569733711545827,0.028709459067569172,0.02221134444434361,0.026765519027457822,0.0304417666966881,0.038628440967803504,0.031895237557471895,0.034390611528978814,0.0228222446753686,0.02777043989826428,0.02882828409892912,0.046570274997217304,0.04876373058371169,0.014507094544614414,0.006523673162651206,0.044942436569621616,0.006523673162651206,0.006523673162651206,0.044942436569621616,0.08224578939017566,0.02777043989826428,0.0228222446753686,2.605225452157392e+18,0.020787164243534953,0.02002095523827282,0.013820737035562036,0.017438455125866743,0.03310082241945544
Compas Dataset,LogisticRegression,['race'],FairBalance Bias Mitigation,{},0.01498948488577741,0.025611701012038707,0.019149558964989762,0.01704836744295045,0.018554223790732044,0.024555296348462798,0.027452530876766763,0.021413680438835115,0.024373101503517583,0.03630978204193327,0.04575556510240307,0.037019105720647004,0.03555913083975896,0.02226173064974706,0.03557783815376982,0.021280405920826518,0.06724936575920466,0.03976144289824788,0.01597772098411055,0.004845424596505326,0.03861014818907304,0.004845424596505326,0.004845424596505326,0.03861014818907304,0.0477383270447778,0.03557783815376982,0.02226173064974706,2.605225452157392e+18,0.018925036529175713,0.01501448805554746,0.012357419265125605,0.018396804911669246,0.030564890256318113
Compas Dataset,LogisticRegression,['race'],FairMask Bias Mitigation,{},0.018021557047721733,0.027339058372163275,0.01971353908201799,0.017594132692038265,0.020228567175524938,0.024051876030604186,0.02460439656213087,0.020687270778831438,0.029215356855415847,0.03022521188111136,0.03919009628341503,0.030770002656359655,0.0332655691082891,0.03022521188111136,0.03919009628341503,0.030770002656359655,0.03667772028450671,0.06366741143858401,0.0,0.007042964387890886,0.048257206149772296,0.007042964387890886,0.007042964387890886,0.048257206149772296,0.1046360866599403,0.03919009628341503,0.03022521188111136,2.605225452157392e+18,0.01925500689570795,0.019501904516586503,0.012357419272442818,0.01832981976647099,0.03598775664660187
Compas Dataset,LogisticRegression,['race'],LFR,{'c': 'LFR'},0.015390139097233633,0.025191297187825767,0.020527700281255733,0.017633783576881962,0.019582456723288056,0.025270361889486816,0.02711587490412273,0.020033091024684445,0.024843017196019827,0.036420121908591445,0.04829024035430979,0.03651063205646283,0.03249517384928263,0.029089075763682682,0.03224302607391609,0.03447337727029166,0.05325467289005398,0.0605402032784716,0.02372914940008207,0.007831649478478484,0.054772346502024304,0.007831649478478484,0.007831649478478484,0.054772346502024304,0.09631023084558643,0.03224302607391609,0.029089075763682682,2.605225452157392e+18,0.020936946771054805,0.0164304325208248,0.012169603700220069,0.016422883926757482,0.029235533536966854
Compas Dataset,LogisticRegression,['race'],No Bias Mitigation,{},0.016995196277183936,0.02641774951597789,0.019726731875661232,0.017109405858707464,0.019575616765116544,0.022908311608108377,0.026365223511501692,0.01999141549322717,0.027272072750463547,0.03437445061294026,0.04190907953927174,0.03137230398948716,0.031928884419929256,0.03437445061294026,0.04141915151749691,0.03137230398948716,0.037931128190304114,0.061757816675783776,0.009098713386492978,0.0071608747289634705,0.048321164391380615,0.0071608747289634705,0.0071608747289634705,0.048321164391380615,0.10414987468168961,0.04141915151749691,0.03437445061294026,2.605225452157392e+18,0.01921197291920966,0.018595079043321316,0.012375918851589328,0.017601064116535236,0.03387378885890864
Compas Dataset,LogisticRegression,['race'],Reweighing Bias Mitigation,{},0.014792339636252651,0.024977408987059534,0.016206381245111,0.015504306159238979,0.015667580000051463,0.02263276075937621,0.02328685295271705,0.020906866072718345,0.022351247679494445,0.03484632777893218,0.04453561077858282,0.03524199739415381,0.0325716919903508,0.02049025361956424,0.02705534749978139,0.02473790931390292,0.05423395232026536,0.04177862099295479,0.01718471402426074,0.005633275827685356,0.03917148420740823,0.005633275827685356,0.005633275827685356,0.03917148420740823,0.06793233405950652,0.02705534749978139,0.02049025361956424,2.605225452157392e+18,0.01794958008427396,0.01685658869025465,0.011036993248710951,0.015554271846253338,0.028572080911340468
Compas Dataset,NaiveBayes,['race'],FYP VAE,"{'c': 'FYP', 'my model config': ""VAEMaskConfig(epochs=1800, latent_dim=17, mask_values=None vae_layers=(100, 75, 50), lr=0.006, \nlosses_used=['Sensitive KL loss', 'Pos Y vec loss', 'Reconstruction loss', 'KL divergence loss'])Sensitive KL loss: {'weight': 9000, 'sens_col_ids': [8]}, Pos Y vec loss: {'weight': 1200000}, Reconstruction loss: {'weight': 15}, KL divergence loss: {'weight': 0.05}, Latent sens ADV loss: {'weight': 0.1, 'lr': 0.05, 'optimizer': 'Adam', 'layers': (75, 30, 10), 'input_dim': 16}, Flipped ADV loss: {'weight': 0.01, 'lr': 0.05, 'optimizer': 'Adam', 'layers': (75, 30, 10), 'input_dim': 10, 'sens_col_ids': [8]}""}",0.01780060890719571,0.02244610831961632,0.013277665815417308,0.016687267107527,0.018386152251010313,0.024415015627780142,0.022216913369993534,0.022108082540744,0.02423083614699717,0.032647235175430736,0.028127949943384054,0.032215318926110216,0.031001109352709354,0.02644337242132593,0.02490137604886344,0.030670123170328786,0.03731879021810151,0.040900153139735024,0.01323951505709329,0.006834735691417876,0.03800008188319964,0.006834735691417876,0.006834735691417876,0.03800008188319964,0.17076578008858243,0.02490137604886344,0.02644337242132593,2.605225452157392e+18,0.02206679506297664,0.019206163333060577,0.007336242679596079,0.01584512192424344,0.029970751234938812
Compas Dataset,NaiveBayes,['race'],FYP VAE,"{'c': 'FYP', 'my model config': ""VAEMaskConfig(epochs=1800, latent_dim=17, mask_values=None vae_layers=(100, 75, 50), lr=0.006, \nlosses_used=['Sensitive KL loss', 'Reconstruction loss', 'KL divergence loss'])Sensitive KL loss: {'weight': 9000, 'sens_col_ids': [8]}, Reconstruction loss: {'weight': 15}, KL divergence loss: {'weight': 0.05}, Latent sens ADV loss: {'weight': 0.1, 'lr': 0.05, 'optimizer': 'Adam', 'layers': (75, 30, 10), 'input_dim': 16}, Flipped ADV loss: {'weight': 0.01, 'lr': 0.05, 'optimizer': 'Adam', 'layers': (75, 30, 10), 'input_dim': 10, 'sens_col_ids': [8]}, Pos Y vec loss: {'weight': 1200000}""}",0.017793920278226502,0.02238151983095822,0.015280785277897498,0.016956339481475045,0.01888387724547518,0.022301788372651007,0.024902930802530008,0.0208963068208292,0.024697635532036022,0.029464538941788847,0.0289291206623699,0.02902146629711484,0.02921774202257593,0.02544701792848653,0.023147370549099888,0.028408713721521022,0.03324804322253591,0.037641808797612766,0.012476505278748152,0.006378952664853039,0.03491901848040509,0.006378952664853039,0.006378952664853039,0.03491901848040509,0.16386133081987672,0.023147370549099888,0.02544701792848653,2.605225452157392e+18,0.02256125600294517,0.01875050258631485,0.008522532506620304,0.015677865229303794,0.03105155301450017
Compas Dataset,NaiveBayes,['race'],FairBalance Bias Mitigation,{},0.01840340913550544,0.0227867973848995,0.01375105932805126,0.01818238839573229,0.017682631922930542,0.02353664802187252,0.019213523724011083,0.021183028037741202,0.0257949676288065,0.030214445363055138,0.03146191528199093,0.030783635218111588,0.029271182226630263,0.030214445363055138,0.03146191528199093,0.030783635218111588,0.03308092911674109,0.04808417580413912,0.0,0.006863233971097106,0.039844531915091165,0.006863233971097106,0.006863233971097106,0.039844531915091165,0.17794300094356785,0.03146191528199093,0.030214445363055138,2.605225452157392e+18,0.02369696409081294,0.01693412762755967,0.00700880729561231,0.01611592399748089,0.03218701942619526
Compas Dataset,NaiveBayes,['race'],FairMask Bias Mitigation,{},0.018529647233388232,0.023017917174339715,0.01330214641019307,0.017982161959320748,0.016314138355555972,0.021578726533983475,0.01956621408567662,0.020712961607780835,0.02593146869304573,0.029088380540164386,0.03033567139261776,0.03002920398015036,0.028005715871599928,0.029088380540164386,0.03033567139261776,0.03002920398015036,0.03183907137580043,0.04579042955421009,0.0,0.00669213013085706,0.038145299428211134,0.00669213013085706,0.00669213013085706,0.038145299428211134,0.18784515943575011,0.03033567139261776,0.029088380540164386,2.605225452157392e+18,0.02299803497047479,0.01758079828208422,0.007008807350251277,0.015105552122270216,0.03202415770637351
Compas Dataset,NaiveBayes,['race'],LFR,{'c': 'LFR'},0.015528461032360438,0.025582636981234714,0.02944626687649931,0.01739329004024466,0.03590330480266234,0.038922677755017114,0.040653781858847604,0.020262915698720532,0.024859057513931568,0.03824934579002003,0.0486345711474148,0.03658569401831904,0.03276235021241642,0.030778197277241875,0.04043067703356256,0.03381129812220012,0.05127721707454683,0.05889898627702805,0.02127208326246821,0.007639911059304999,0.05239218778599268,0.007639911059304999,0.007639911059304999,0.05239218778599268,0.10336355189633464,0.04043067703356256,0.030778197277241875,2.605225452157392e+18,0.025438630099506022,0.022382889692197976,0.016466617828324953,0.024833635807761056,0.029459454265783825
Compas Dataset,NaiveBayes,['race'],No Bias Mitigation,{},0.018331443331222257,0.02277282354139163,0.013468098935581513,0.01779083634102727,0.017062370142773883,0.02203858560623405,0.0194593924013102,0.020872704745072666,0.027564024092094686,0.029144974659806342,0.030313950284001825,0.029199704305711588,0.031128305859578917,0.029144974659806342,0.030313950284001825,0.029199704305711588,0.030409199435754604,0.04554168496563823,0.005025049614336712,0.0064608468898287065,0.03717888303650107,0.0064608468898287065,0.0064608468898287065,0.03717888303650107,0.1999767490662236,0.030313950284001825,0.029144974659806342,2.605225452157392e+18,0.023013557830490017,0.01744471137548116,0.007104399153668121,0.015765412518281084,0.032445813207875
Compas Dataset,NaiveBayes,['race'],Reweighing Bias Mitigation,{},0.018808607870861273,0.022727000755288905,0.014020974610207683,0.018131989706855988,0.01606459911897901,0.020495575154739803,0.020273960971433126,0.021689275193997753,0.027046549720594927,0.029050347353417293,0.030237208986797267,0.028957690971072578,0.030852673173076918,0.029050347353417293,0.030237208986797267,0.028957690971072578,0.03040882027214733,0.043188648542412715,0.0,0.006446367570344655,0.036210966459391036,0.006446367570344655,0.006446367570344655,0.036210966459391036,0.19754922822270304,0.030237208986797267,0.029050347353417293,2.605225452157392e+18,0.023196002355225353,0.0171318140264574,0.0074591902782797925,0.015180191227045833,0.03400594674519148
Compas Dataset,RandomForestClassifier,['race'],FYP VAE,"{'c': 'FYP', 'my model config': ""VAEMaskConfig(epochs=1800, latent_dim=17, mask_values=None vae_layers=(100, 75, 50), lr=0.006, \nlosses_used=['Sensitive KL loss', 'Pos Y vec loss', 'Reconstruction loss', 'KL divergence loss'])Sensitive KL loss: {'weight': 9000, 'sens_col_ids': [8]}, Pos Y vec loss: {'weight': 1200000}, Reconstruction loss: {'weight': 15}, KL divergence loss: {'weight': 0.05}, Latent sens ADV loss: {'weight': 0.1, 'lr': 0.05, 'optimizer': 'Adam', 'layers': (75, 30, 10), 'input_dim': 16}, Flipped ADV loss: {'weight': 0.01, 'lr': 0.05, 'optimizer': 'Adam', 'layers': (75, 30, 10), 'input_dim': 10, 'sens_col_ids': [8]}""}",0.016488779681131244,0.027235070423752512,0.029409850951608793,0.020209927516882022,0.02601758306734412,0.028300025732566635,0.0393482145842686,0.021960017140497484,0.02540123327112879,0.03876808542266463,0.05323188679316042,0.040625343333806706,0.03459794051397415,0.022783257666490465,0.030974126796600738,0.022724826107021718,0.06714210603479367,0.04004376064493331,0.02324505071951998,0.005152004749893526,0.03792641690641014,0.005152004749893526,0.005152004749893526,0.03792641690641014,0.058215373745683675,0.030974126796600738,0.022783257666490465,2.605225452157392e+18,0.02237424582328149,0.019282549614432883,0.017576248399196845,0.016530051643610304,0.03128578699056227
Compas Dataset,RandomForestClassifier,['race'],FYP VAE,"{'c': 'FYP', 'my model config': ""VAEMaskConfig(epochs=1800, latent_dim=17, mask_values=None vae_layers=(100, 75, 50), lr=0.006, \nlosses_used=['Sensitive KL loss', 'Reconstruction loss', 'KL divergence loss'])Sensitive KL loss: {'weight': 9000, 'sens_col_ids': [8]}, Reconstruction loss: {'weight': 15}, KL divergence loss: {'weight': 0.05}, Latent sens ADV loss: {'weight': 0.1, 'lr': 0.05, 'optimizer': 'Adam', 'layers': (75, 30, 10), 'input_dim': 16}, Flipped ADV loss: {'weight': 0.01, 'lr': 0.05, 'optimizer': 'Adam', 'layers': (75, 30, 10), 'input_dim': 10, 'sens_col_ids': [8]}, Pos Y vec loss: {'weight': 1200000}""}",0.01787998344943847,0.027696561012995898,0.026424162303746983,0.019667459588923474,0.028332644187388678,0.030254491733927517,0.03570908651563869,0.021712274399709703,0.026056050722032494,0.033329147238584954,0.040842990076138036,0.03195395162509005,0.03179748399011792,0.02235640794634107,0.027111221944494498,0.02679583424778937,0.049725426401298685,0.048212769027164856,0.016616840175070903,0.006134754850779475,0.04405768566416716,0.006134754850779475,0.006134754850779475,0.04405768566416716,0.0699939489344579,0.027111221944494498,0.02235640794634107,2.605225452157392e+18,0.02245810589231488,0.020615944866229703,0.015119623706271998,0.021685064830173417,0.03630392729598106
Compas Dataset,RandomForestClassifier,['race'],FairBalance Bias Mitigation,{},0.014476762012602229,0.02426010582892024,0.02152358187906781,0.016158562748405995,0.020893638087909686,0.025646040325093867,0.029392226100813525,0.020129921704198247,0.025261259342945167,0.037107092813096085,0.048949264222456136,0.03742359536259439,0.034848237609139784,0.037107092813096085,0.04841738877595777,0.03742359536259439,0.053758277471972725,0.0811485341197839,0.01516613488501233,0.008497213660220148,0.06588617919442666,0.008497213660220148,0.008497213660220148,0.06588617919442666,0.09143528383827994,0.04841738877595777,0.037107092813096085,2.605225452157392e+18,0.01806526457804423,0.015586326246443332,0.014679878224776755,0.019160657713839586,0.029954080920852562
Compas Dataset,RandomForestClassifier,['race'],FairMask Bias Mitigation,{},0.015586485416889919,0.02246073089294794,0.021307459393780624,0.015572472287566596,0.017356489883732076,0.019267698491729605,0.032044647953011256,0.02136773976016409,0.025833893325823348,0.03706094589101987,0.05139284600440722,0.03660495491067902,0.035693484518316464,0.03706094589101987,0.045712059319193046,0.03660495491067902,0.050271059317387366,0.07737898106264103,0.0,0.008410468275963381,0.06224742215276322,0.008410468275963381,0.008410468275963381,0.06224742215276322,0.09330196324463402,0.045712059319193046,0.03706094589101987,2.605225452157392e+18,0.01630744834969905,0.014141616874689674,0.01553867878965747,0.018509828536574072,0.032657699129759285
Compas Dataset,RandomForestClassifier,['race'],LFR,{'c': 'LFR'},0.016233332857648337,0.024865711611737038,0.024657711719460348,0.017974528549917754,0.018704120642034753,0.025494827425594488,0.02635612936823514,0.020990305830611775,0.023076234770069752,0.03863964937634347,0.04452327394733589,0.03731420447180104,0.030808172319841322,0.03764390888105547,0.03434684250785235,0.037282555679246605,0.0548466801619201,0.07680120015350034,0.017108238452844354,0.008237329872109282,0.06452385193165255,0.008237329872109282,0.008237329872109282,0.06452385193165255,0.09208593844076968,0.03434684250785235,0.03764390888105547,2.605225452157392e+18,0.018182020465225882,0.015730570387418052,0.016599705489532945,0.016296457238063496,0.032702112499177406
Compas Dataset,RandomForestClassifier,['race'],No Bias Mitigation,{},0.01465485419026677,0.024104716370023024,0.021387505725350395,0.01585239913047679,0.02103559027194396,0.025409280284294313,0.031368720909231006,0.02206448761284768,0.02428222571393937,0.03903193976754268,0.0509909619486721,0.03854952170663948,0.03702750618110547,0.03903193976754268,0.04854541222892909,0.03854952170663948,0.05333801422123153,0.08318894826765491,0.015209243017559325,0.00868181402290711,0.0664602169679441,0.00868181402290711,0.00868181402290711,0.0664602169679441,0.09731521617192618,0.04854541222892909,0.03903193976754268,2.605225452157392e+18,0.018039437711319283,0.015860296490175955,0.014662298216353252,0.019264052696181234,0.030378453006494055
Compas Dataset,RandomForestClassifier,['race'],Reweighing Bias Mitigation,{},0.014735521936947412,0.02469859166182836,0.02065799993982727,0.015423701134841242,0.021686894619458323,0.026796457786062607,0.02971433511036119,0.019986896908177523,0.025638447637423685,0.03631471620591084,0.048924829247054366,0.03768037591972684,0.03435619152423823,0.03631471620591084,0.04458822322806519,0.03768037591972684,0.05354695640122559,0.08093956873571055,0.013777379413138223,0.00843465579096543,0.0656750669201653,0.00843465579096543,0.00843465579096543,0.0656750669201653,0.0929150430199847,0.04458822322806519,0.03631471620591084,2.605225452157392e+18,0.017760439491745283,0.016780206324768947,0.014409840268232934,0.019712970390082567,0.030713855229946505
Compas Dataset,SupportVectorClassifier,['race'],FYP VAE,"{'c': 'FYP', 'my model config': ""VAEMaskConfig(epochs=1800, latent_dim=17, mask_values=None vae_layers=(100, 75, 50), lr=0.006, \nlosses_used=['Sensitive KL loss', 'Pos Y vec loss', 'Reconstruction loss', 'KL divergence loss'])Sensitive KL loss: {'weight': 9000, 'sens_col_ids': [8]}, Pos Y vec loss: {'weight': 1200000}, Reconstruction loss: {'weight': 15}, KL divergence loss: {'weight': 0.05}, Latent sens ADV loss: {'weight': 0.1, 'lr': 0.05, 'optimizer': 'Adam', 'layers': (75, 30, 10), 'input_dim': 16}, Flipped ADV loss: {'weight': 0.01, 'lr': 0.05, 'optimizer': 'Adam', 'layers': (75, 30, 10), 'input_dim': 10, 'sens_col_ids': [8]}""}",0.017843154953964237,0.0271846022066368,0.020257414889611355,0.017680638816839983,0.020898860130833693,0.023706499714292104,0.030808984816232267,0.02165071900005123,0.02757195102729802,0.031271546129795894,0.04044047397703409,0.03360264007060643,0.03339159316938327,0.021748560463800103,0.028984238677250772,0.027583829352524267,0.04774184474470262,0.04492296979332193,0.016173067491599382,0.006246648684682246,0.041294375686958235,0.006246648684682246,0.006246648684682246,0.041294375686958235,0.08507867399730776,0.028984238677250772,0.021748560463800103,2.605225452157392e+18,0.020008068761010994,0.02022856722886676,0.012426912551570924,0.017233422861407607,0.034022047335100364
Compas Dataset,SupportVectorClassifier,['race'],FYP VAE,"{'c': 'FYP', 'my model config': ""VAEMaskConfig(epochs=1800, latent_dim=17, mask_values=None vae_layers=(100, 75, 50), lr=0.006, \nlosses_used=['Sensitive KL loss', 'Reconstruction loss', 'KL divergence loss'])Sensitive KL loss: {'weight': 9000, 'sens_col_ids': [8]}, Reconstruction loss: {'weight': 15}, KL divergence loss: {'weight': 0.05}, Latent sens ADV loss: {'weight': 0.1, 'lr': 0.05, 'optimizer': 'Adam', 'layers': (75, 30, 10), 'input_dim': 16}, Flipped ADV loss: {'weight': 0.01, 'lr': 0.05, 'optimizer': 'Adam', 'layers': (75, 30, 10), 'input_dim': 10, 'sens_col_ids': [8]}, Pos Y vec loss: {'weight': 1200000}""}",0.01766789972134956,0.027179881460991664,0.02492927939572435,0.018143044063132188,0.024516668120933307,0.026438516629750414,0.03246426742453917,0.021571370321549908,0.02939242264110656,0.028548308838343306,0.04066803703809644,0.031156938745860036,0.035786669353897495,0.020163881245671304,0.0297080272017355,0.025564761901247766,0.044632655889586495,0.04205857727423187,0.015464727728924018,0.005859901645534949,0.038536102996658536,0.005859901645534949,0.005859901645534949,0.038536102996658536,0.07804443585846878,0.0297080272017355,0.020163881245671304,2.605225452157392e+18,0.020937983107907968,0.02113978655995378,0.014851528414194022,0.017696336000696516,0.033339615397862156
Compas Dataset,SupportVectorClassifier,['race'],FairBalance Bias Mitigation,{},0.015912085525380423,0.025386586610582493,0.019949228308662737,0.01802266016410848,0.01961485046735857,0.02346609484884097,0.025294399142763265,0.023252057226589778,0.02435028563586379,0.03164446464218375,0.042431798842174843,0.03166793617760576,0.03687783915048117,0.03164446464218375,0.04027054773316801,0.03166793617760576,0.044310608871812714,0.06749114633137374,0.011161947633610675,0.007259637279539854,0.054571411405998985,0.007259637279539854,0.007259637279539854,0.054571411405998985,0.08151690579572678,0.04027054773316801,0.03164446464218375,2.605225452157392e+18,0.020607071233153203,0.015028149816976095,0.011886097656515415,0.0187605188363819,0.031824291851567356
Compas Dataset,SupportVectorClassifier,['race'],FairMask Bias Mitigation,{},0.017738643025161448,0.02653755285501059,0.019691453492737914,0.01656279779462433,0.01887599600088549,0.02164876742709689,0.02513238396654837,0.02178549085786299,0.026037449071281735,0.031015645688011476,0.04058994666774072,0.02876605593261791,0.031830703346285044,0.031015645688011476,0.04058994666774072,0.02876605593261791,0.0332513180527883,0.0552943705162688,0.0,0.006652361244887582,0.042834525871447364,0.006652361244887582,0.006652361244887582,0.042834525871447364,0.10613319544812713,0.04058994666774072,0.031015645688011476,2.605225452157392e+18,0.01785166591214904,0.019592743746407185,0.012896978081189801,0.017546204143522336,0.03605080399787998
Compas Dataset,SupportVectorClassifier,['race'],LFR,{'c': 'LFR'},0.01672009529432756,0.026030534194823953,0.018290210011525747,0.016527031876789285,0.01836911542873912,0.024530984539784167,0.026797295025103425,0.019259128368952983,0.02649007311437219,0.03690163167847322,0.0467618935405627,0.037429260187487295,0.030090858031533423,0.030440352129161196,0.03877935844599013,0.036481423236831755,0.05211982457705238,0.06262807852060169,0.01917514853946509,0.008213907176242168,0.056236517690263325,0.008213907176242168,0.008213907176242168,0.056236517690263325,0.10735090870717191,0.03877935844599013,0.030440352129161196,2.605225452157392e+18,0.01856601553206136,0.018741208944489135,0.011772047529560096,0.016978552962069595,0.032622571426519274
Compas Dataset,SupportVectorClassifier,['race'],No Bias Mitigation,{},0.0174709560190676,0.026542708467078163,0.0204782864626476,0.01653149466532583,0.01857319384088558,0.022497487608847212,0.02493984507587259,0.021388553909519124,0.025847130161523114,0.032839858714495206,0.04358945759230013,0.031127055433541634,0.03152960363851739,0.032839858714495206,0.041541756722384915,0.031127055433541634,0.036958532240360234,0.05949782625872935,0.008438825396773784,0.00714507662458597,0.046841741961151526,0.00714507662458597,0.00714507662458597,0.046841741961151526,0.1086635942612066,0.041541756722384915,0.032839858714495206,2.605225452157392e+18,0.017739202249468185,0.0195550827795907,0.013318700435095187,0.01677872831396645,0.035420516986148426
Compas Dataset,SupportVectorClassifier,['race'],Reweighing Bias Mitigation,{},0.01745110736792211,0.025951450771564053,0.01888535568089549,0.01729561435756906,0.017623065947108187,0.020862033752642766,0.024652200341615582,0.020919992723727996,0.025543437691836788,0.028816346073067396,0.0390270013585835,0.029325830162844343,0.030293115318063276,0.028612644830288712,0.035615449380400684,0.029325830162844343,0.038324945941398875,0.04942709737240627,0.009208439963109919,0.006705517624208095,0.043475737725842574,0.006705517624208095,0.006705517624208095,0.043475737725842574,0.09473474083836801,0.035615449380400684,0.028612644830288712,2.605225452157392e+18,0.019217135664399643,0.018448631767011704,0.011926922023572824,0.01640146459230759,0.03408466641540691
Compas Dataset,nn keras,['race'],FYP VAE,"{'c': 'FYP', 'my model config': ""VAEMaskConfig(epochs=1800, latent_dim=17, mask_values=None vae_layers=(100, 75, 50), lr=0.006, \nlosses_used=['Sensitive KL loss', 'Pos Y vec loss', 'Reconstruction loss', 'KL divergence loss'])Sensitive KL loss: {'weight': 9000, 'sens_col_ids': [8]}, Pos Y vec loss: {'weight': 1200000}, Reconstruction loss: {'weight': 15}, KL divergence loss: {'weight': 0.05}, Latent sens ADV loss: {'weight': 0.1, 'lr': 0.05, 'optimizer': 'Adam', 'layers': (75, 30, 10), 'input_dim': 16}, Flipped ADV loss: {'weight': 0.01, 'lr': 0.05, 'optimizer': 'Adam', 'layers': (75, 30, 10), 'input_dim': 10, 'sens_col_ids': [8]}""}",0.017090834570167482,0.03222872656497489,0.05507584589051417,0.02331559538986311,0.05950905387663472,0.05867949419741367,0.06627081922860602,0.02349962672404479,0.029013608914458113,0.031527316715483325,0.04558964357036688,0.03162913006759667,0.03992258401091574,0.022366675755976544,0.030657583184885866,0.030110107534485026,0.049214169817993786,0.0543110821672825,0.0188270583389166,0.0068158614569616745,0.0498051476508634,0.0068158614569616745,0.0068158614569616745,0.0498051476508634,0.08166883085458582,0.030657583184885866,0.022366675755976544,2.605225452157392e+18,0.034339452016366755,0.03343742775132812,0.03064581492892692,0.03320835490558339,0.03307948140026448
Compas Dataset,nn keras,['race'],FYP VAE,"{'c': 'FYP', 'my model config': ""VAEMaskConfig(epochs=1800, latent_dim=17, mask_values=None vae_layers=(100, 75, 50), lr=0.006, \nlosses_used=['Sensitive KL loss', 'Reconstruction loss', 'KL divergence loss'])Sensitive KL loss: {'weight': 9000, 'sens_col_ids': [8]}, Reconstruction loss: {'weight': 15}, KL divergence loss: {'weight': 0.05}, Latent sens ADV loss: {'weight': 0.1, 'lr': 0.05, 'optimizer': 'Adam', 'layers': (75, 30, 10), 'input_dim': 16}, Flipped ADV loss: {'weight': 0.01, 'lr': 0.05, 'optimizer': 'Adam', 'layers': (75, 30, 10), 'input_dim': 10, 'sens_col_ids': [8]}, Pos Y vec loss: {'weight': 1200000}""}",0.016590739107470154,0.03210749640479894,0.0570040465674725,0.02388180988624224,0.06137076276145176,0.06155361176971059,0.06565300717118322,0.022895428460350496,0.029862592647449678,0.03201907868655717,0.0440013300861631,0.03104200514433464,0.04076680678752917,0.024113937208605187,0.025176415541442048,0.02743341476286139,0.04796954453901641,0.05093802696426827,0.017467442429507103,0.006282820762269092,0.045916331381455164,0.006282820762269092,0.006282820762269092,0.045916331381455164,0.07292757321423543,0.025176415541442048,0.024113937208605187,2.605225452157392e+18,0.035305871168936735,0.03404760067117048,0.031516330112001105,0.03388800171181344,0.03180659627672286
Compas Dataset,nn keras,['race'],FairBalance Bias Mitigation,{},0.018280640946189,0.026315905876736823,0.0345695464265365,0.02235073720537279,0.03144221666579377,0.040055971629439684,0.0406760243040341,0.019247037188636518,0.031599107027967914,0.05351126649213989,0.05947751346945493,0.05391746995887834,0.03342691115287668,0.04385486732235058,0.032919303984714356,0.04831715899488815,0.08169695724132446,0.09359890104023909,0.028092845624780434,0.010946242998678,0.08173549796346392,0.010946242998678,0.010946242998678,0.08173549796346392,0.12340474183003372,0.032919303984714356,0.04385486732235058,2.605225452157392e+18,0.024317163185408098,0.01943320932855852,0.01993440046665517,0.0214996900883265,0.037472466185170895
Compas Dataset,nn keras,['race'],FairMask Bias Mitigation,{},0.01621315451494392,0.031754398194407125,0.0528415500050449,0.02192409567794664,0.05746975139188031,0.06025199076413721,0.05479665605509193,0.02072695912796551,0.02609380150679279,0.029952854831744327,0.043596238179250145,0.02883941170280888,0.0335259473936815,0.029952854831744327,0.043596238179250145,0.02883941170280888,0.04407265130390595,0.08251387814584649,0.0,0.006746605672141524,0.060120700270056934,0.006746605672141524,0.006746605672141524,0.060120700270056934,0.092933113916093,0.043596238179250145,0.029952854831744327,2.605225452157392e+18,0.03232494799048043,0.03244962714061831,0.029565707509427108,0.03315755279658783,0.033408399930041695
Compas Dataset,nn keras,['race'],LFR,{'c': 'LFR'},0.023525021926549695,0.031502107726624595,0.04383783834992551,0.026529097331387204,0.03945040227428685,0.04450374785274127,0.042506008889978825,0.026653870360376294,0.030935508727305026,0.04129638458253403,0.050361013626322365,0.04148278981226182,0.0330426404497119,0.0363839773972852,0.033942662180148124,0.040334708774711424,0.06288374568773317,0.0783416112894131,0.06149702434034008,0.009076966200118112,0.06885296369366424,0.009076966200118112,0.009076966200118112,0.06885296369366424,0.10434874740247548,0.033942662180148124,0.0363839773972852,2.605225452157392e+18,0.028069155049031534,0.02545987379566212,0.025572810513224926,0.022923914205273743,0.045461074171750576
Compas Dataset,nn keras,['race'],No Bias Mitigation,{},0.019322025401629823,0.02767651541840531,0.053949204559077965,0.025994809544399564,0.055991851753310576,0.0577469776439384,0.058001835415554294,0.02125433979983697,0.029983667502768135,0.041360048652858576,0.04771382804325553,0.035881679904750496,0.03198346389798058,0.041360048652858576,0.04771382804325553,0.035881679904750496,0.04699820243741578,0.08878024174062296,0.008778753963716851,0.008384956219945013,0.06444253509897027,0.008384956219945013,0.008384956219945013,0.06444253509897027,0.13876564600387353,0.04771382804325553,0.041360048652858576,2.605225452157392e+18,0.03562334519615166,0.02882292884182082,0.029131543392898765,0.03264649431485237,0.0379113835746817
Compas Dataset,nn keras,['race'],Reweighing Bias Mitigation,{},0.017291785348087046,0.026272346027359488,0.03777773909788434,0.02199796462380865,0.03694958539463827,0.03681618527678029,0.050839240531321626,0.02432216112818153,0.028178107373818193,0.04396865497920861,0.05093491012676562,0.04358824312694101,0.040008442716700496,0.03637028513282494,0.033711088405018685,0.04157409114972892,0.062142628433332354,0.07374272158361302,0.02768770821671911,0.009327850465144767,0.06559977995396331,0.009327850465144767,0.009327850465144767,0.06559977995396331,0.12026927692290539,0.033711088405018685,0.03637028513282494,2.605225452157392e+18,0.02653028184382605,0.02236315899370557,0.02116768877045402,0.022760407570721623,0.03421802620767637
