timestamp,nr samples,same data split,Dataset,Bias Mitigation,ML method,ML bias mit,Sensitive attrs,accuracy,precision,recall,sex|[AOD] Average Odds Difference,sex|[EOD] Equal Opportunity Difference,sex|[SPD] Statistical Parity Difference,sex|[DI] Disparate Impact,[SF] Statistical Parity Subgroup Fairness,VAR|accuracy,VAR|precision,VAR|recall,VAR|sex|[AOD] Average Odds Difference,VAR|sex|[EOD] Equal Opportunity Difference,VAR|sex|[SPD] Statistical Parity Difference,VAR|sex|[DI] Disparate Impact,VAR|[SF] Statistical Parity Subgroup Fairness,race|[AOD] Average Odds Difference,race|[EOD] Equal Opportunity Difference,race|[SPD] Statistical Parity Difference,race|[DI] Disparate Impact,VAR|race|[AOD] Average Odds Difference,VAR|race|[EOD] Equal Opportunity Difference,VAR|race|[SPD] Statistical Parity Difference,VAR|race|[DI] Disparate Impact,race|[FR] Flip Rate,sex|[FR] Flip Rate,f1score,[MEOD] M Equal Opportunity Difference,[MEOD] M Average Odds Difference,VAR|race|[FR] Flip Rate,VAR|sex|[FR] Flip Rate,VAR|f1score,VAR|[MEOD] M Equal Opportunity Difference,VAR|[MEOD] M Average Odds Difference
2023-10-23 14:58:33.930376,1,True,Compas Dataset,No Bias Mitigation,MLPClassifier,,['sex'],0.6771050800278358,0.6849,0.78055,0.18565,0.18772,0.23073,1.38993,0.03580441159165102,0.0,0.0,0.0,0.0,0.0,0.0,0.0,0.0,,,,,,,,,,,,,,,,,,
2023-10-23 14:58:33.311751,1,True,Compas Dataset,idk i am trying fyp,MLPClassifier,,['sex'],0.5942936673625608,0.63774,0.63217,0.38303,0.61306,0.42017,0.33721,0.065200494535269,0.0,0.0,0.0,0.0,0.0,0.0,0.0,0.0,,,,,,,,,,,,,,,,,,
2023-10-23 14:58:32.392054,1,True,Compas Dataset,idk i am trying fyp,MLPClassifier,,['sex'],0.6617954070981211,0.71409,0.65711,0.37899,0.35543,0.41372,1.95303,0.0641995109853949,0.0,0.0,0.0,0.0,0.0,0.0,0.0,0.0,,,,,,,,,,,,,,,,,,
2023-10-23 14:58:31.460430,1,True,Compas Dataset,idk i am trying fyp,MLPClassifier,,['sex'],0.6826722338204593,0.7007,0.75312,0.20706,0.18843,0.24861,1.4503,0.0385792716500829,0.0,0.0,0.0,0.0,0.0,0.0,0.0,0.0,,,,,,,,,,,,,,,,,,
2023-10-23 14:57:46.275156,1,True,Compas Dataset,No Bias Mitigation,MLPClassifier,,['sex'],0.6743215031315241,0.67056,0.79975,0.14059,0.11682,0.18233,1.29297,0.0266958002759363,0.0,0.0,0.0,0.0,0.0,0.0,0.0,0.0,,,,,,,,,,,,,,,,,,
2023-10-23 14:57:45.512553,1,True,Compas Dataset,idk i am trying fyp,MLPClassifier,,['sex'],0.616562282533055,0.66125,0.6185,0.35554,0.52069,0.36348,0.37149,0.0532177480630459,0.0,0.0,0.0,0.0,0.0,0.0,0.0,0.0,,,,,,,,,,,,,,,,,,
2023-10-23 14:57:44.964074,1,True,Compas Dataset,idk i am trying fyp,MLPClassifier,,['sex'],0.6854558107167711,0.68619,0.78707,0.10846,0.11833,0.16529,1.27532,0.0241998790296609,0.0,0.0,0.0,0.0,0.0,0.0,0.0,0.0,,,,,,,,,,,,,,,,,,
2023-10-23 14:57:43.965181,1,True,Compas Dataset,idk i am trying fyp,MLPClassifier,,['sex'],0.6903270702853166,0.70525,0.74905,0.14052,0.145,0.19825,1.36188,0.0290265858712649,0.0,0.0,0.0,0.0,0.0,0.0,0.0,0.0,,,,,,,,,,,,,,,,,,
2023-10-23 14:52:03.401874,2,True,Compas Dataset,No Bias Mitigation,MLPClassifier,,"['sex', 'race']",0.6871955462769659,0.7191449999999999,0.73025,0.2661949999999999,0.17775,0.2860399999999999,1.550555,0.0578304081078214,5.932292446036806e-06,1.428025000000004e-06,1.866239999999992e-05,5.9521225e-05,3.841600000000013e-06,2.808999999999999e-05,0.000190854225,3.219210326003998e-06,0.150375,0.1251499999999999,0.17081,0.750345,5.1624224999999954e-05,4.761000000000005e-05,4.624000000000001e-05,8.473202499999932e-05,,,,,,,,,,
2023-10-23 14:52:01.381203,2,True,Compas Dataset,idk i am trying fyp,MLPClassifier,,"['sex', 'race']",0.6492693110647182,0.683745,0.7024699999999999,0.357975,0.3432,0.35411,1.017945,0.0567507308826428,0.0006276123273521,1.729225000000028e-06,0.0062425800999999,0.0010429670249999,0.0289884676,9.158489999999992e-05,0.3764006552249999,9.197225459945754e-05,0.1183449999999999,0.064075,0.128405,0.812925,0.002085292225,0.0022814952249999,0.0023266152249999,0.0020962662249999,,,,,,,,,,
2023-10-23 14:51:59.813386,2,True,Compas Dataset,idk i am trying fyp,MLPClassifier,,"['sex', 'race']",0.6847599164926932,0.71022,0.74568,0.246665,0.16152,0.266345,1.495685,0.0548020333477161,4.842687711050564e-07,0.0001044484,0.0005503716,0.001110555625,0.0005262436,0.000958831225,0.007568130025,2.4320195566900454e-05,0.1567899999999999,0.11895,0.174325,0.752505,0.0001205604,0.0005900041,0.0001905780249999,0.000670551025,,,,,,,,,,
2023-10-23 14:51:57.495293,2,True,Compas Dataset,idk i am trying fyp,MLPClassifier,,"['sex', 'race']",0.6826722338204593,0.69082,0.791355,0.15772,0.07779,0.17751,1.289735,0.0442088961141789,0.0,1.689210000000002e-05,0.0001523990249999,2.1315999999999683e-06,4.326399999999994e-06,7.569000000000168e-07,6.520562499999908e-05,1.2015900282974178e-05,0.131205,0.08552,0.146235,0.80333,0.0003906552249999,4.4089600000000006e-05,0.0002949806249999,0.0002719201,,,,,,,,,,
2023-10-23 14:51:34.571613,2,True,Compas Dataset,No Bias Mitigation,MLPClassifier,,"['sex', 'race']",0.6871955462769659,0.6819949999999999,0.76486,0.16687,0.16311,0.213915,1.39516,0.0521470298101327,6.404454497864149e-05,0.000347263225,0.0008444835999999,0.0006210063999999,0.0007219969,0.000773674225,0.0067436943999999,2.1518563396863823e-05,0.130645,0.13173,0.160125,0.77304,0.0013752972249999,0.00046225,0.001123255225,0.0007974975999999,,,,,,,,,,
2023-10-23 14:51:32.586692,2,True,Compas Dataset,idk i am trying fyp,MLPClassifier,,"['sex', 'race']",0.6715379262352122,0.660285,0.77675,0.181375,0.1305299999999999,0.17148,1.255805,0.049216235207405,0.0001399536748493,0.0001870056249999,1.568160000000015e-05,0.0102282882249999,0.0039425840999999,0.01865956,0.0961465056249999,0.0001914092870209,0.166555,0.14669,0.19072,0.7442850000000001,1.9580624999999985e-05,2.4900100000000084e-05,3.0140099999999945e-05,0.000134212225,,,,,,,,,,
2023-10-23 14:51:30.538567,2,True,Compas Dataset,idk i am trying fyp,MLPClassifier,,"['sex', 'race']",0.6819763395963814,0.70612,0.679655,0.25879,0.248505,0.303135,1.6879499999999998,0.0597088866709379,2.372916978414668e-05,4.238010000000021e-05,0.0009637920249999,0.0019368801,0.0022939310249999,0.001886599225,0.0232166169,1.684825098708026e-05,0.13399,0.14884,0.164815,0.7320450000000001,1.0497599999999952e-05,4.956159999999987e-05,2.4180250000000026e-06,0.0002009306249999,,,,,,,,,,
2023-10-23 14:51:28.555689,2,True,Compas Dataset,idk i am trying fyp,MLPClassifier,,"['sex', 'race']",0.6746694502435631,0.6603049999999999,0.79062,0.090525,0.09262,0.13574,1.229675,0.0504036622341546,8.825798353389287e-05,0.000245079025,0.00047524,0.001697028025,0.0006130575999999,0.0016096143999999,0.006644695225,5.2957294718629206e-06,0.16548,0.16414,0.1920649999999999,0.74658,5.550249999999998e-05,4.19904e-05,1.6524224999999995e-05,4.032249999999958e-05,,,,,,,,,,
2023-10-23 14:50:43.282328,2,True,Compas Dataset,idk i am trying fyp,MLPClassifier,,"['sex', 'race']",0.6854558107167711,0.70446,0.72698,0.180085,0.16415,0.2173749999999999,1.415755,0.0555640302590498,0.0,5.77599999999974e-07,3.6863999999999127e-06,0.0003369060249999,2.0449000000000022e-06,0.000198669025,0.0007450170249999,8.972441354065999e-07,0.159015,0.1794049999999999,0.1871,0.7260800000000001,0.000135606025,3.381422500000001e-05,0.0001177224999999,0.0001934881,,,,,,,,,,
2023-10-23 14:50:40.594595,2,True,Compas Dataset,idk i am trying fyp,MLPClassifier,,"['sex', 'race']",0.6837160751565763,0.690965,0.757675,0.10134,0.07902,0.136585,1.240985,0.0517971456230093,1.4649130325927318e-05,6.002499999999765e-08,0.000180230625,0.0017264024999999,0.0013162384,0.001541740225,0.0057889272249999,6.440935985283235e-05,0.1725749999999999,0.1703299999999999,0.196915,0.7284649999999999,0.0007831602249999,0.0007371224999999,0.000746655625,0.0012344682249999,,,,,,,,,,
2023-03-07 12:58:28.830204,2,True,MEPS Dataset,FairMask Bias Mitigation,RandomForestClassifier,DecisionTreeRegressor,"['race', 'sex']",1.0,1.0,1.0,0.0,0.0,0.03969,0.21094,,0.0,0.0,0.0,0.0,0.0,0.0,0.0,,0.0,0.0,0.07171,0.58539,0.0,0.0,0.0,0.0,0.0,0.0,1.0,0.0,0.0,0.0,0.0,0.0,0.0,0.0
2023-03-07 12:58:25.668891,2,True,MEPS Dataset,No Bias Mitigation,RandomForestClassifier,,"['race', 'sex']",1.0,1.0,1.0,0.0,0.0,0.03969,0.21094,,0.0,0.0,0.0,0.0,0.0,0.0,0.0,,0.0,0.0,0.07171,0.58539,0.0,0.0,0.0,0.0,0.0,0.0,1.0,0.0,0.0,0.0,0.0,0.0,0.0,0.0
2023-03-07 12:58:23.607596,2,True,MEPS Dataset,FairBalance Bias Mitigation,LogisticRegression,,"['race', 'sex']",1.0,1.0,1.0,0.0,0.0,0.09952,0.47828,,0.0,0.0,0.0,0.0,0.0,0.0,0.0,,0.0,0.0,0.08747,0.87199,0.0,0.0,0.0,0.0,0.0,0.0,1.0,0.0,0.0,0.0,0.0,0.0,0.0,0.0
2023-03-07 12:58:23.270317,2,True,MEPS Dataset,No Bias Mitigation,LogisticRegression,,"['race', 'sex']",1.0,1.0,1.0,0.0,0.0,0.09952,0.47828,,0.0,0.0,0.0,0.0,0.0,0.0,0.0,,0.0,0.0,0.08747,0.87199,0.0,0.0,0.0,0.0,0.0,0.0,1.0,0.0,0.0,0.0,0.0,0.0,0.0,0.0
2023-03-07 12:58:21.646599,2,True,Compas Dataset,FairMask Bias Mitigation,RandomForestClassifier,DecisionTreeRegressor,"['sex', 'race']",0.6642310368823938,0.662695,0.77849,0.080485,0.07261,0.114755,0.156705,,1.210671927762448e-07,3.1152250000000583e-06,5.898240000000031e-05,3.912502499999996e-05,5.290000000000015e-06,1.6524224999999992e-05,9.828224999999992e-06,,0.089405,0.0951299999999999,0.11038,0.1838699999999999,1.3068225e-05,8.87364000000001e-05,1.935999999999995e-05,0.0001046529,0.0,0.0,0.71591,0.163235,0.1549849999999999,0.0,0.0,4.928399999999999e-06,0.0001351406249999,2.5122249999999656e-06
2023-03-07 12:58:19.067348,2,True,Compas Dataset,No Bias Mitigation,RandomForestClassifier,,"['sex', 'race']",0.6656228253305497,0.6746000000000001,0.7432799999999999,0.068605,0.07626,0.10787,0.156965,,9.806442614876873e-06,4.452100000000003e-06,2.007039999999985e-05,1.887902500000001e-05,0.0001708249,5.069439999999992e-05,7.4736025e-05,,0.121455,0.10141,0.1396,0.25342,0.0001823850249999,0.0003115224999999,0.0002070721,0.0007601049,0.23556,0.26583,0.707275,0.15136,0.149215,2.7248400000000025e-05,8.190250000000005e-05,1.0144224999999958e-05,0.0017197609,7.947722499999986e-05
2023-03-07 12:58:17.894807,2,True,Compas Dataset,FairBalance Bias Mitigation,LogisticRegression,,"['sex', 'race']",0.6457898399443285,0.68942,0.65025,0.03562,0.07389,0.0243,0.04859,,0.0,0.0,0.0,0.0,0.0,0.0,0.0,,0.01662,0.05034,0.00918,0.01777,0.0,0.0,0.0,0.0,0.15101,0.07168,0.66927,0.09651,0.06062,0.0,0.0,0.0,0.0,0.0
2023-03-07 12:58:17.267252,2,True,Compas Dataset,No Bias Mitigation,LogisticRegression,,"['sex', 'race']",0.6638830897703549,0.6782,0.74242,0.26075,0.19637,0.26783,0.32585,,0.0,0.0,0.0,0.0,0.0,0.0,0.0,,0.08262,0.05082,0.10976,0.19432,0.0,0.0,0.0,0.0,0.02157,0.17537,0.70886,0.21927,0.29777,0.0,0.0,0.0,0.0,0.0
2023-03-07 12:58:16.711102,2,True,Adult Dataset,FairMask Bias Mitigation,RandomForestClassifier,DecisionTreeRegressor,"['race', 'sex']",0.8314908644249961,0.721375,0.493965,0.0433049999999999,0.08044,0.101625,1.042995,,5.893561941296364e-09,8.010249999999627e-07,3.629024999999962e-06,1.2210249999999965e-06,5.017599999999996e-06,3.192250000000034e-07,6.320249999999843e-07,,0.032225,0.040115,0.07349,0.715195,5.0624999999999787e-08,3.258025000000004e-06,9.801000000000097e-07,9.24482249999997e-05,0.0,0.0,0.586395,0.146175,0.090005,0.0,0.0,1.0920249999999218e-06,4.100624999999996e-06,1.946025000000001e-06
2023-03-07 12:58:06.265511,2,True,Adult Dataset,No Bias Mitigation,RandomForestClassifier,,"['race', 'sex']",0.8443113772455091,0.733365,0.559685,0.188035,0.3052249999999999,0.197675,3.80353,,2.121682298868225e-07,4.100624999999996e-06,9.922500000000613e-08,1.0465225000000011e-05,6.20156249999999e-05,1.5625000000000032e-08,0.0028740320999999,,0.06471,0.092815,0.0987649999999999,0.98668,1.6974400000000018e-05,6.617822499999994e-05,1.7822249999999891e-06,0.0003452164,0.09489,0.1345,0.634855,0.31283,0.197845,2.7248400000000025e-05,2.371599999999999e-06,3.080250000000307e-07,8.987039999999978e-05,2.5000000000050003e-11
2023-03-07 12:58:02.373863,2,True,Adult Dataset,FairBalance Bias Mitigation,LogisticRegression,,"['race', 'sex']",0.8174420389989252,0.58783,0.81691,0.01621,0.05106,0.18412,0.86455,,0.0,0.0,0.0,0.0,0.0,0.0,0.0,,0.01381,0.01596,0.08889,0.34205,0.0,0.0,0.0,0.0,0.04069,0.04637,0.68369,0.06047,0.02706,0.0,0.0,0.0,0.0,0.0
2023-03-07 12:57:59.687374,2,True,Adult Dataset,No Bias Mitigation,LogisticRegression,,"['race', 'sex']",0.8492246276677414,0.72235,0.6103,0.09476,0.10855,0.18546,2.30398,,0.0,0.0,0.0,0.0,0.0,0.0,0.0,,0.07794,0.11583,0.10038,0.84704,0.0,0.0,0.0,0.0,0.02472,0.09842,0.66161,0.19005,0.14477,0.0,0.0,0.0,0.0,0.0
2023-03-07 12:46:58.752925,2,True,MEPS Dataset,FairMask Bias Mitigation,RandomForestClassifier,DecisionTreeRegressor,"['race', 'sex']",1.0,1.0,1.0,0.0,0.0,0.07976,0.3988,,0.0,0.0,0.0,0.0,0.0,0.0,0.0,,0.0,0.0,0.06361,0.53618,0.0,0.0,0.0,0.0,0.0,0.0,1.0,0.0,0.0,0.0,0.0,0.0,0.0,0.0
2023-03-07 12:46:48.563152,2,True,MEPS Dataset,No Bias Mitigation,RandomForestClassifier,,"['race', 'sex']",1.0,1.0,1.0,0.0,0.0,0.07976,0.3988,,0.0,0.0,0.0,0.0,0.0,0.0,0.0,,0.0,0.0,0.06361,0.53618,0.0,0.0,0.0,0.0,0.0,0.0,1.0,0.0,0.0,0.0,0.0,0.0,0.0,0.0
2023-03-07 12:46:41.905685,2,True,MEPS Dataset,FairBalance Bias Mitigation,LogisticRegression,,"['race', 'sex']",1.0,1.0,1.0,0.0,0.0,0.0924,0.44118,,0.0,0.0,0.0,0.0,0.0,0.0,0.0,,0.0,0.0,0.02061,0.13769,0.0,0.0,0.0,0.0,0.0,0.0,1.0,0.0,0.0,0.0,0.0,0.0,0.0,0.0
2023-03-07 12:46:40.775736,2,True,MEPS Dataset,No Bias Mitigation,LogisticRegression,,"['race', 'sex']",1.0,1.0,1.0,0.0,0.0,0.0924,0.44118,,0.0,0.0,0.0,0.0,0.0,0.0,0.0,,0.0,0.0,0.02061,0.13769,0.0,0.0,0.0,0.0,0.0,0.0,1.0,0.0,0.0,0.0,0.0,0.0,0.0,0.0
2023-03-07 12:46:35.781879,2,True,Compas Dataset,FairMask Bias Mitigation,RandomForestClassifier,DecisionTreeRegressor,"['sex', 'race']",0.6555323590814196,0.65496,0.775575,0.04325,0.05462,0.08213,0.11565,,4.358418939945276e-06,9.02500000000012e-07,2.002562500000006e-05,3.956410000000001e-05,3.4456900000000005e-05,3.192249999999995e-05,5.898239999999999e-05,,0.152315,0.13785,0.177335,0.30305,6.97225000000004e-07,4.212009999999994e-05,4.305624999999973e-06,6.1009e-06,0.0,0.0,0.7101850000000001,0.173945,0.17457,0.0,0.0,5.9292250000001e-06,8.673024999999937e-06,0.0001615440999999
2023-03-07 12:46:27.617363,2,True,Compas Dataset,No Bias Mitigation,RandomForestClassifier,,"['sex', 'race']",0.6527487821851079,0.6610050000000001,0.7429699999999999,0.055245,0.033915,0.086125,0.126555,,2.372916978414668e-05,2.396102500000037e-05,1.6384000000000083e-06,5.313024999999991e-06,2.8890624999999992e-05,1.896602500000004e-05,4.089602500000006e-05,,0.092405,0.1217699999999999,0.124785,0.21888,3.231922499999995e-05,0.0001679615999999,3.277562499999993e-05,8.911360000000007e-05,0.24739,0.28288,0.6995899999999999,0.14217,0.122705,0.0001841449,0.0001164240999999,1.0956099999999864e-05,7.224999999999989e-05,0.0001624350249999
2023-03-07 12:46:25.804807,2,True,Compas Dataset,FairBalance Bias Mitigation,LogisticRegression,,"['sex', 'race']",0.6471816283924844,0.68442,0.66625,0.02051,0.10973,0.01362,0.02595,,0.0,0.0,0.0,0.0,0.0,0.0,0.0,,0.01285,0.04618,0.03527,0.06728,0.0,0.0,0.0,0.0,0.14335,0.06889,0.67521,0.15191,0.08233,0.0,0.0,0.0,0.0,0.0
2023-03-07 12:46:25.116177,2,True,Compas Dataset,No Bias Mitigation,LogisticRegression,,"['sex', 'race']",0.6645789839944328,0.67617,0.74968,0.21503,0.16194,0.23034,0.28847,,0.0,0.0,0.0,0.0,0.0,0.0,0.0,,0.10199,0.01537,0.12065,0.21136,0.0,0.0,0.0,0.0,0.01601,0.14753,0.71103,0.17532,0.31897,0.0,0.0,0.0,0.0,0.0
2023-03-07 12:46:24.569162,2,True,Adult Dataset,FairMask Bias Mitigation,RandomForestClassifier,DecisionTreeRegressor,"['race', 'sex']",0.821203746353447,0.7207,0.464985,0.041675,0.071495,0.1066,1.1859350000000002,,4.77378517245389e-07,3.147210000000004e-05,1.3579224999999956e-05,8.38102499999999e-06,3.4987225000000045e-05,1.3689999999999657e-07,0.001666680625,,0.007965,0.009695,0.055015,0.480125,1.2638025000000003e-05,8.930249999999994e-07,3.54024999999998e-07,1.0923025000000016e-05,0.0,0.0,0.5652349999999999,0.08149,0.04257,0.0,0.0,9.90025000000047e-07,1.9184400000000016e-05,1.722249999999998e-05
2023-03-07 12:46:13.502824,2,True,Adult Dataset,No Bias Mitigation,RandomForestClassifier,,"['race', 'sex']",0.8337939505604176,0.74041,0.51597,0.162905,0.250635,0.19313,4.293395,,9.96011968079861e-07,6.502499999999983e-06,6.051599999999813e-06,1.4062500000000024e-07,9.302499999999984e-08,1.0815999999999985e-06,0.0045326556249999,,0.03485,0.04529,0.0743949999999999,0.6699550000000001,4.489000000000006e-07,5.184000000000027e-07,1.0562499999999929e-07,3.594002500000033e-05,0.071475,0.121755,0.6081449999999999,0.259,0.173195,4.9506249999999896e-06,3.404024999999998e-06,6.5792249999999175e-06,5.616899999999921e-06,3.980025000000042e-06
2023-03-07 12:46:09.105423,2,True,Adult Dataset,FairBalance Bias Mitigation,LogisticRegression,,"['race', 'sex']",0.8177491171503147,0.57463,0.81752,0.01365,0.06142,0.18448,0.89406,,0.0,0.0,0.0,0.0,0.0,0.0,0.0,,0.0124,0.00797,0.07535,0.28471,0.0,0.0,0.0,0.0,0.03639,0.04929,0.67488,0.06519,0.03015,0.0,0.0,0.0,0.0,0.0
2023-03-07 12:46:05.787152,2,True,Adult Dataset,No Bias Mitigation,LogisticRegression,,"['race', 'sex']",0.8539843390142792,0.72099,0.60186,0.09644,0.1202,0.17619,2.32358,,0.0,0.0,0.0,0.0,0.0,0.0,0.0,,0.05657,0.08452,0.07976,0.63876,0.0,0.0,0.0,0.0,0.02579,0.09243,0.65606,0.21486,0.15168,0.0,0.0,0.0,0.0,0.0
2023-03-07 12:45:58.667975,2,True,Adult Dataset,No Bias Mitigation,RandomForestClassifier,,"['race', 'sex']",0.8427759864885613,0.741565,0.550125,0.137705,0.205185,0.180225,2.948645,,9.429699106081001e-08,1.428025000000004e-06,1.4100025000000063e-05,1.6362024999999944e-05,5.2925625000000056e-05,1.380625000000022e-06,0.0171151806249999,,0.052215,0.070545,0.0958799999999999,0.958745,5.148062500000001e-05,0.000234855625,1.5375999999999952e-06,0.001387190025,0.075695,0.121065,0.631645,0.22439,0.149685,3.980024999999987e-06,4.9506249999999896e-06,4.182024999999851e-06,0.00010609,3.2433024999999906e-05
2023-03-07 12:45:54.080600,2,True,Adult Dataset,FairBalance Bias Mitigation,LogisticRegression,,"['race', 'sex']",0.8088438507600184,0.57694,0.80982,0.03642,0.03853,0.21325,1.06675,,0.0,0.0,0.0,0.0,0.0,0.0,0.0,,0.01118,0.04805,0.07295,0.26076,0.0,0.0,0.0,0.0,0.04422,0.04606,0.67383,0.06209,0.06311,0.0,0.0,0.0,0.0,0.0
2023-03-07 12:45:50.994360,2,True,Adult Dataset,No Bias Mitigation,LogisticRegression,,"['race', 'sex']",0.8490710885920467,0.72491,0.61398,0.07407,0.0592,0.19182,2.44396,,0.0,0.0,0.0,0.0,0.0,0.0,0.0,,0.03381,0.03752,0.08341,0.61764,0.0,0.0,0.0,0.0,0.02011,0.0978,0.66485,0.06433,0.08004,0.0,0.0,0.0,0.0,0.0
2023-03-07 12:39:24.534587,2,True,Adult Dataset,FairMask Bias Mitigation,RandomForestClassifier,DecisionTreeRegressor,"['race', 'sex']",0.8271917703055427,0.71933,0.46728,0.01694,0.012435,0.097135,1.0476299999999998,,9.960119680797504e-07,1.5444899999999914e-05,9.024999999999594e-07,3.0624999999999965e-06,1.2075625000000003e-05,8.190250000000055e-07,0.0005076009,,0.030425,0.04698,0.06855,0.69564,7.562500000000052e-08,1.0815999999999985e-06,4.0000000000024496e-10,1.2180099999999951e-05,0.0,0.0,0.566535,0.145075,0.090405,0.0,0.0,3.667225e-06,0.000384748225,0.0001053702249999
2023-03-07 12:39:13.098128,2,True,Adult Dataset,No Bias Mitigation,RandomForestClassifier,,"['race', 'sex']",0.8349454936281283,0.71602,0.52541,0.12817,0.180075,0.175545,2.86735,,0.0,5.625000000000427e-07,1.6128999999999831e-06,1.697439999999999e-05,0.0001037342249999,6.002499999999765e-08,0.0002982528999999,,0.043315,0.06495,0.083845,0.79226,9.030025000000003e-06,3.047040000000005e-05,1.7822250000000075e-06,0.0002715903999999,0.073695,0.12421,0.60608,0.28889,0.1871249999999999,3.782249999999969e-07,1.904400000000017e-06,3.363999999999645e-07,0.0,4.995225000000004e-06
2023-03-07 12:39:08.725512,2,True,Adult Dataset,FairBalance Bias Mitigation,LogisticRegression,,"['race', 'sex']",0.8122217104253032,0.56984,0.80577,0.02908,0.06071,0.21199,1.12395,,0.0,0.0,0.0,0.0,0.0,0.0,0.0,,0.01042,0.00743,0.08549,0.33111,0.0,0.0,0.0,0.0,0.04514,0.05589,0.66757,0.07172,0.06533,0.0,0.0,0.0,0.0,0.0
2023-03-07 12:39:05.527687,2,True,Adult Dataset,No Bias Mitigation,LogisticRegression,,"['race', 'sex']",0.8547520343927529,0.72197,0.6168,0.11043,0.12559,0.20187,3.13345,,0.0,0.0,0.0,0.0,0.0,0.0,0.0,,0.04467,0.05996,0.08932,0.72044,0.0,0.0,0.0,0.0,0.02027,0.08905,0.66525,0.1726,0.14011,0.0,0.0,0.0,0.0,0.0
2023-03-07 12:38:31.088721,2,True,Adult Dataset,FairMask Bias Mitigation,RandomForestClassifier,DecisionTreeRegressor,"['race', 'sex']",0.8355596499309075,0.72415,0.49123,0.0153949999999999,0.02317,0.091555,0.930575,,2.121682298868225e-07,6.300100000000061e-06,4.224999999999791e-07,2.7224999999999786e-08,3.276099999999997e-06,2.205225000000001e-06,0.0003008490249999,,0.04949,0.097825,0.062005,0.578005,3.684489999999999e-05,0.0001601490249999,2.2952249999999866e-06,0.000288490225,0.0,0.0,0.58537,0.11227,0.0587149999999999,0.0,0.0,1.2959999999997948e-07,0.0002304324,5.133722499999997e-05
2023-03-07 12:38:20.003069,2,True,Adult Dataset,No Bias Mitigation,RandomForestClassifier,,"['race', 'sex']",0.8409335175802242,0.719275,0.53606,0.1477149999999999,0.219965,0.181205,3.39077,,3.771879642432401e-07,6.275024999999897e-06,0.0,6.579224999999989e-06,6.630624999999969e-06,6.734025e-06,0.0394101904,,0.07689,0.13116,0.089165,0.89386,3.88129e-05,0.0001425635999999,5.640624999999977e-06,0.00224676,0.08652,0.128435,0.614295,0.235895,0.15575,2.342559999999997e-05,1.7030250000000016e-06,8.372249999999985e-07,1.726402500000005e-05,1.2959999999999944e-05
2023-03-07 12:38:15.965774,2,True,Adult Dataset,FairBalance Bias Mitigation,LogisticRegression,,"['race', 'sex']",0.8083832335329342,0.56406,0.8021,0.01258,0.05684,0.17097,0.78229,,0.0,0.0,0.0,0.0,0.0,0.0,0.0,,0.00622,0.0308,0.07379,0.27257,0.0,0.0,0.0,0.0,0.05435,0.05343,0.66234,0.06193,0.01861,0.0,0.0,0.0,0.0,0.0
2023-03-07 12:38:13.367924,2,True,Adult Dataset,No Bias Mitigation,LogisticRegression,,"['race', 'sex']",0.8539843390142792,0.72549,0.60616,0.07229,0.06664,0.17104,2.10946,,0.0,0.0,0.0,0.0,0.0,0.0,0.0,,0.02742,0.03091,0.08022,0.62734,0.0,0.0,0.0,0.0,0.01505,0.09335,0.66048,0.13408,0.10814,0.0,0.0,0.0,0.0,0.0
2023-03-06 18:24:08.233894,2,True,MEPS Dataset,FairMask Bias Mitigation,RandomForestClassifier,DecisionTreeRegressor,"['race', 'sex']",1.0,1.0,1.0,0.0,0.0,0.08735,0.40197,,0.0,0.0,0.0,0.0,0.0,0.0,0.0,,0.0,0.0,0.03257,0.20982,0.0,0.0,0.0,0.0,0.0,0.0,1.0,0.0,0.0,0.0,0.0,0.0,0.0,0.0
2023-03-06 18:24:05.704827,2,True,MEPS Dataset,No Bias Mitigation,RandomForestClassifier,,"['race', 'sex']",1.0,1.0,1.0,0.0,0.0,0.08735,0.40197,,0.0,0.0,0.0,0.0,0.0,0.0,0.0,,0.0,0.0,0.03257,0.20982,0.0,0.0,0.0,0.0,0.0,0.0,1.0,0.0,0.0,0.0,0.0,0.0,0.0,0.0
2023-03-06 18:24:03.990553,2,True,MEPS Dataset,FairBalance Bias Mitigation,LogisticRegression,,"['race', 'sex']",1.0,1.0,1.0,0.0,0.0,0.06054,0.31594,,0.0,0.0,0.0,0.0,0.0,0.0,0.0,,0.0,0.0,0.02886,0.20142,0.0,0.0,0.0,0.0,0.0,0.0,1.0,0.0,0.0,0.0,0.0,0.0,0.0,0.0
2023-03-06 18:24:03.633448,2,True,MEPS Dataset,No Bias Mitigation,LogisticRegression,,"['race', 'sex']",1.0,1.0,1.0,0.0,0.0,0.06054,0.31594,,0.0,0.0,0.0,0.0,0.0,0.0,0.0,,0.0,0.0,0.02886,0.20142,0.0,0.0,0.0,0.0,0.0,0.0,1.0,0.0,0.0,0.0,0.0,0.0,0.0,0.0
2023-03-06 18:24:02.125850,2,True,Compas Dataset,FairMask Bias Mitigation,RandomForestClassifier,DecisionTreeRegressor,"['sex', 'race']",0.6395267919276271,0.6776,0.712815,0.0255999999999999,0.045035,0.071225,0.107145,,4.358418939945507e-06,6.4515999999999324e-06,3.660250000000268e-07,1.1424399999999995e-05,6.6178225e-05,3.3930624999999965e-05,7.114922499999996e-05,,0.108555,0.092345,0.126945,0.225425,0.000108472225,7.735202499999996e-05,0.0001093070249999,0.000442471225,0.0,0.0,0.69476,0.1311749999999999,0.1474,0.0,0.0,1.1024999999999905e-06,0.0002197806249999,3.68640000000002e-06
2023-03-06 18:23:59.760731,2,True,Compas Dataset,No Bias Mitigation,RandomForestClassifier,,"['sex', 'race']",0.6374391092553932,0.6798,0.699515,0.05717,0.0618,0.09704,0.1441899999999999,,4.358418939945276e-06,6.812100000000006e-06,3.660249999999597e-07,3.999999999999952e-08,0.0001954403999999,1.6646400000000004e-05,2.246760000000008e-05,,0.10446,0.07399,0.11982,0.21683,2.560360000000002e-05,3.819240000000006e-05,3.271840000000012e-05,0.0001483523999999,0.227905,0.262005,0.689515,0.10679,0.12215,1.0920249999999798e-06,4.375822500000013e-05,1.0920249999999218e-06,2.5401600000000028e-05,6.972250000000004e-05
2023-03-06 18:23:58.544531,2,True,Compas Dataset,FairBalance Bias Mitigation,LogisticRegression,,"['sex', 'race']",0.6450939457202505,0.68,0.65385,0.00476,0.05747,0.01861,0.03466,,0.0,0.0,0.0,0.0,0.0,0.0,0.0,,0.0653,0.01387,0.08799,0.17902,0.0,0.0,0.0,0.0,0.12665,0.07098,0.66667,0.11797,0.08095,0.0,0.0,0.0,0.0,0.0
2023-03-06 18:23:57.603120,2,True,Compas Dataset,No Bias Mitigation,LogisticRegression,,"['sex', 'race']",0.6652748782185108,0.67008,0.75513,0.25212,0.16724,0.26836,0.32347,,0.0,0.0,0.0,0.0,0.0,0.0,0.0,,0.17677,0.13829,0.20298,0.37485,0.0,0.0,0.0,0.0,0.00209,0.14892,0.71007,0.26043,0.33895,0.0,0.0,0.0,0.0,0.0
2023-03-06 18:23:56.677523,2,True,Adult Dataset,FairMask Bias Mitigation,RandomForestClassifier,DecisionTreeRegressor,"['race', 'sex']",0.8265776140027636,0.7051000000000001,0.48152,0.0564599999999999,0.110655,0.09772,0.983065,,5.893561941296364e-09,2.788900000000016e-06,4.972900000000044e-06,8.8804e-06,2.555302499999997e-05,2.992899999999984e-06,0.000302238225,,0.011375,0.009675,0.06309,0.569355,2.4552025e-05,3.7149025e-05,3.8416e-06,0.0004131056249999,0.0,0.0,0.572235,0.32086,0.16291,0.0,0.0,1.0506249999999962e-06,7.310250000000004e-05,1.3468900000000048e-05
2023-03-06 18:23:42.509181,2,True,Adult Dataset,No Bias Mitigation,RandomForestClassifier,,"['race', 'sex']",0.8331030247197911,0.697705,0.542065,0.18967,0.293345,0.201455,3.810365,,9.429699106081001e-08,9.702250000000268e-07,9.922500000000613e-08,1.857610000000007e-05,4.6991025e-05,5.313025000000007e-06,0.0204218390249999,,0.03294,0.025045,0.08304,0.71279,8.236900000000006e-06,4.6854025e-05,3.239999999999986e-08,2.4024999999999867e-06,0.09005,0.13158,0.610115,0.363595,0.225675,2.915999999999987e-07,2.85609999999999e-06,3.30624999999991e-07,7.301702500000042e-05,1.4762250000000188e-06
2023-03-06 18:23:38.811731,2,True,Adult Dataset,FairBalance Bias Mitigation,LogisticRegression,,"['race', 'sex']",0.814985413787809,0.58167,0.81917,0.00681,0.06528,0.17407,0.78855,,0.0,0.0,0.0,0.0,0.0,0.0,0.0,,0.01298,0.0413,0.0681,0.2424,0.0,0.0,0.0,0.0,0.05067,0.05205,0.68029,0.07886,0.04074,0.0,0.0,0.0,0.0,0.0
2023-03-06 18:23:36.190717,2,True,Adult Dataset,No Bias Mitigation,LogisticRegression,,"['race', 'sex']",0.857362198679564,0.74883,0.6115,0.08055,0.09456,0.17047,2.10449,,0.0,0.0,0.0,0.0,0.0,0.0,0.0,,0.0467,0.06851,0.08587,0.6938,0.0,0.0,0.0,0.0,0.01904,0.0889,0.67323,0.10996,0.08972,0.0,0.0,0.0,0.0,0.0
2023-03-06 17:43:18.133997,2,True,MEPS Dataset,FairMask Bias Mitigation,RandomForestClassifier,DecisionTreeRegressor,"['race', 'sex']",1.0,1.0,1.0,0.0,0.0,0.07967,0.36229,,0.0,0.0,0.0,0.0,0.0,0.0,0.0,,0.0,0.0,0.0365,0.23444,0.0,0.0,0.0,0.0,0.0,0.0,1.0,0.0,0.0,0.0,0.0,0.0,0.0,0.0
2023-03-06 17:43:14.935717,2,True,MEPS Dataset,No Bias Mitigation,RandomForestClassifier,,"['race', 'sex']",1.0,1.0,1.0,0.0,0.0,0.07967,0.36229,,0.0,0.0,0.0,0.0,0.0,0.0,0.0,,0.0,0.0,0.0365,0.23444,0.0,0.0,0.0,0.0,0.0,0.0,1.0,0.0,0.0,0.0,0.0,0.0,0.0,0.0
2023-03-06 17:43:12.851532,2,True,MEPS Dataset,FairBalance Bias Mitigation,LogisticRegression,,"['race', 'sex']",1.0,1.0,1.0,0.0,0.0,0.0838,0.42241,,0.0,0.0,0.0,0.0,0.0,0.0,0.0,,0.0,0.0,0.04731,0.37971,0.0,0.0,0.0,0.0,0.0,0.0,1.0,0.0,0.0,0.0,0.0,0.0,0.0,0.0
2023-03-06 17:43:12.522848,2,True,MEPS Dataset,No Bias Mitigation,LogisticRegression,,"['race', 'sex']",1.0,1.0,1.0,0.0,0.0,0.0838,0.42241,,0.0,0.0,0.0,0.0,0.0,0.0,0.0,,0.0,0.0,0.04731,0.37971,0.0,0.0,0.0,0.0,0.0,0.0,1.0,0.0,0.0,0.0,0.0,0.0,0.0,0.0
2023-03-06 17:43:10.895282,2,True,Compas Dataset,FairMask Bias Mitigation,RandomForestClassifier,DecisionTreeRegressor,"['sex', 'race']",0.651704940848991,0.65593,0.75544,0.058405,0.03497,0.0887,0.127,,1.089604734986319e-06,2.073599999999991e-06,1.6383999999998664e-06,0.0001206702249999,2.8196100000000023e-05,9.58441e-05,0.0001697808999999,,0.103375,0.11554,0.126295,0.216455,3.074702500000002e-05,4.080400000000004e-06,2.7300625000000003e-05,0.000110355025,0.0,0.0,0.70217,0.13579,0.1512899999999999,0.0,0.0,7.289999999999593e-08,2.0520900000000056e-05,0.0003767480999999
2023-03-06 17:43:08.289998,2,True,Compas Dataset,No Bias Mitigation,RandomForestClassifier,,"['sex', 'race']",0.6555323590814196,0.6653199999999999,0.736875,0.075465,0.05167,0.10703,0.15539,,1.2106719277626023e-05,8.352100000000021e-06,1.027202499999973e-05,2.223122500000004e-05,6.068409999999998e-05,2.043039999999997e-05,3.294759999999994e-05,,0.0602049999999999,0.10622,0.08895,0.15545,3.422500000000042e-08,2.550249999999999e-05,0.0,0.0,0.2237299999999999,0.283225,0.6992700000000001,0.13406,0.110685,0.0001483524,0.000123988225,9.241599999999922e-06,6.0062499999999895e-05,1.0562499999999929e-07
2023-03-06 17:43:07.163784,2,True,Compas Dataset,FairBalance Bias Mitigation,LogisticRegression,,"['sex', 'race']",0.6617954070981211,0.71846,0.6638,0.01763,0.10229,0.00109,0.00208,,0.0,0.0,0.0,0.0,0.0,0.0,0.0,,0.02662,0.07358,0.0056,0.01065,0.0,0.0,0.0,0.0,0.16493,0.07307,0.69005,0.15663,0.07344,0.0,0.0,0.0,0.0,0.0
2023-03-06 17:43:06.600809,2,True,Compas Dataset,No Bias Mitigation,LogisticRegression,,"['sex', 'race']",0.6896311760612387,0.7128,0.75828,0.22439,0.14826,0.24535,0.30641,,0.0,0.0,0.0,0.0,0.0,0.0,0.0,,0.07569,0.01403,0.0963,0.16883,0.0,0.0,0.0,0.0,0.02088,0.1357,0.73484,0.16315,0.29652,0.0,0.0,0.0,0.0,0.0
2023-03-06 17:43:06.069462,2,True,Adult Dataset,FairMask Bias Mitigation,RandomForestClassifier,DecisionTreeRegressor,"['race', 'sex']",0.8291877782895747,0.717705,0.464495,0.029595,0.054375,0.093025,1.01803,,5.8935619413048865e-09,3.30624999999991e-07,1.056249999999948e-07,5.852250000000001e-07,5.22122500000001e-06,1.1902499999999869e-07,1.40624999999994e-05,,0.049815,0.0737,0.0697,0.73977,1.3110250000000005e-06,1.0824100000000009e-05,7.289999999999968e-08,8.122499999999792e-06,0.0,0.0,0.5639799999999999,0.156595,0.09472,0.0,0.0,3.6000000000005393e-09,1.7222499999999896e-07,2.8900000000001185e-08
2023-03-06 17:42:54.447471,2,True,Adult Dataset,No Bias Mitigation,RandomForestClassifier,,"['race', 'sex']",0.8390142791340396,0.716955,0.53389,0.15748,0.2389049999999999,0.187795,3.69651,,7.131209948973288e-07,7.102225000000152e-06,1.6641000000000344e-06,9.734399999999986e-06,1.4554224999999992e-05,4.347225000000015e-06,0.0159213924,,0.07541,0.12512,0.083645,0.793145,2.6010000000000003e-05,0.0001731855999999,1.260250000000008e-07,5.483402499999992e-05,0.09412,0.12828,0.6120300000000001,0.25521,0.1679749999999999,0.0,3.68640000000002e-06,3.312399999999957e-06,2.134440000000012e-05,7.480225000000007e-06
2023-03-06 17:42:51.126458,2,True,Adult Dataset,FairBalance Bias Mitigation,LogisticRegression,,"['race', 'sex']",0.8265008444649163,0.60459,0.79397,0.00977,0.06385,0.18134,0.93977,,0.0,0.0,0.0,0.0,0.0,0.0,0.0,,0.02645,0.07398,0.07189,0.28429,0.0,0.0,0.0,0.0,0.04299,0.05359,0.68646,0.09077,0.03634,0.0,0.0,0.0,0.0,0.0
2023-03-06 17:42:48.824768,2,True,Adult Dataset,No Bias Mitigation,LogisticRegression,,"['race', 'sex']",0.857362198679564,0.75842,0.59243,0.08143,0.10154,0.16745,2.23373,,0.0,0.0,0.0,0.0,0.0,0.0,0.0,,0.03532,0.04063,0.08736,0.77739,0.0,0.0,0.0,0.0,0.01628,0.08813,0.66523,0.15849,0.11143,0.0,0.0,0.0,0.0,0.0
2023-03-06 17:37:47.373830,2,True,MEPS Dataset,FairMask Bias Mitigation,RandomForestClassifier,DecisionTreeRegressor,"['race', 'sex']",1.0,1.0,1.0,0.0,0.0,0.07069,0.35345,,0.0,0.0,0.0,0.0,0.0,0.0,0.0,,0.0,0.0,0.00129,0.00772,0.0,0.0,0.0,0.0,0.0,0.0,1.0,0.0,0.0,0.0,0.0,0.0,0.0,0.0
2023-03-06 17:37:44.142275,2,True,MEPS Dataset,No Bias Mitigation,RandomForestClassifier,,"['race', 'sex']",1.0,1.0,1.0,0.0,0.0,0.07069,0.35345,,0.0,0.0,0.0,0.0,0.0,0.0,0.0,,0.0,0.0,0.00129,0.00772,0.0,0.0,0.0,0.0,0.0,0.0,1.0,0.0,0.0,0.0,0.0,0.0,0.0,0.0
2023-03-06 17:37:41.961292,2,True,MEPS Dataset,FairBalance Bias Mitigation,LogisticRegression,,"['race', 'sex']",1.0,1.0,1.0,0.0,0.0,0.0573,0.32169,,0.0,0.0,0.0,0.0,0.0,0.0,0.0,,0.0,0.0,0.03329,0.2589,0.0,0.0,0.0,0.0,0.0,0.0,1.0,0.0,0.0,0.0,0.0,0.0,0.0,0.0
2023-03-06 17:37:41.617569,2,True,MEPS Dataset,No Bias Mitigation,LogisticRegression,,"['race', 'sex']",1.0,1.0,1.0,0.0,0.0,0.0573,0.32169,,0.0,0.0,0.0,0.0,0.0,0.0,0.0,,0.0,0.0,0.03329,0.2589,0.0,0.0,0.0,0.0,0.0,0.0,1.0,0.0,0.0,0.0,0.0,0.0,0.0,0.0
2023-03-06 17:37:39.973907,2,True,Compas Dataset,FairMask Bias Mitigation,RandomForestClassifier,DecisionTreeRegressor,"['sex', 'race']",0.6471816283924843,0.6565300000000001,0.75975,0.02602,0.042815,0.0601499999999999,0.08718,,4.842687711050564e-07,9.80099999999982e-07,3.956410000000023e-05,8.93025e-05,6.682225000000003e-06,5.9289999999999976e-05,9.216000000000008e-05,,0.105595,0.113185,0.133495,0.224515,1.482250000000026e-07,3.312002500000004e-05,1.729225000000028e-06,2.2500000000003368e-10,0.0,0.0,0.704365,0.13654,0.135035,0.0,0.0,4.558224999999991e-06,2.4800399999999984e-05,2.0250000000003035e-09
2023-03-06 17:37:37.403093,2,True,Compas Dataset,No Bias Mitigation,RandomForestClassifier,,"['sex', 'race']",0.6638830897703549,0.67529,0.7559750000000001,0.05522,0.069165,0.09274,0.133645,,4.842687711050564e-07,2.4024999999999867e-06,6.325224999999948e-06,7.290000000000006e-06,4.671722499999996e-05,1.0000000000000573e-08,2.970250000000042e-07,,0.09868,0.100685,0.12963,0.225465,4.452100000000004e-06,2.030625000000008e-06,4.796099999999989e-06,2.9866224999999973e-05,0.229995,0.28984,0.713355,0.14707,0.11751,2.0475625000000013e-05,2.7248400000000025e-05,6.502500000000266e-08,0.0002322576,4.840000000000003e-06
2023-03-06 17:37:36.275118,2,True,Compas Dataset,FairBalance Bias Mitigation,LogisticRegression,,"['sex', 'race']",0.6492693110647182,0.68258,0.67217,0.01112,0.05241,0.00921,0.01684,,0.0,0.0,0.0,0.0,0.0,0.0,0.0,,0.03971,0.00038,0.05563,0.10687,0.0,0.0,0.0,0.0,0.13431,0.05706,0.67734,0.10094,0.05145,0.0,0.0,0.0,0.0,0.0
2023-03-06 17:37:35.696358,2,True,Compas Dataset,No Bias Mitigation,LogisticRegression,,"['sex', 'race']",0.6652748782185108,0.67191,0.75985,0.23446,0.17668,0.25132,0.30501,,0.0,0.0,0.0,0.0,0.0,0.0,0.0,,0.16394,0.1018,0.17721,0.31679,0.0,0.0,0.0,0.0,0.0174,0.14544,0.71318,0.22955,0.3249,0.0,0.0,0.0,0.0,0.0
2023-03-06 17:37:35.118233,2,True,Adult Dataset,FairMask Bias Mitigation,RandomForestClassifier,DecisionTreeRegressor,"['race', 'sex']",0.8359434976201443,0.73605,0.49553,0.056325,0.1029799999999999,0.109445,1.22343,,5.3042057471692843e-08,4.121639999999976e-05,5.867560000000001e-05,6.943224999999992e-06,1.7056900000000016e-05,6.175225000000006e-06,1.075839999999967e-05,,0.058465,0.11052,0.069115,0.671875,6.642249999999996e-07,9.672099999999968e-06,1.5721225000000023e-05,0.001232361025,0.0,0.0,0.59222,0.157335,0.086935,0.0,0.0,1.1560000000000096e-05,6.107422500000004e-05,4.192562500000002e-05
2023-03-06 17:37:23.909627,2,True,Adult Dataset,No Bias Mitigation,RandomForestClassifier,,"['race', 'sex']",0.8457699984646092,0.746385,0.543105,0.16207,0.25266,0.18954,3.830195,,5.304205747171841e-08,9.312249999999876e-07,8.265625000000094e-06,7.398400000000001e-06,4.1602499999999966e-05,1.3689999999999657e-07,0.003950751025,,0.083635,0.13978,0.09612,1.035495,1.2215024999999987e-05,4.914010000000003e-05,1.8225000000000107e-06,0.000210685225,0.07746,0.1226,0.6287149999999999,0.277375,0.1755999999999999,1.000000000000002e-06,1.4440000000000405e-07,2.5122250000000096e-06,5.17680250000001e-05,1.1356899999999986e-05
2023-03-06 17:37:20.431354,2,True,Adult Dataset,FairBalance Bias Mitigation,LogisticRegression,,"['race', 'sex']",0.8105327805926609,0.57982,0.79354,0.02061,0.06459,0.18739,0.9101,,0.0,0.0,0.0,0.0,0.0,0.0,0.0,,0.00602,0.01493,0.085,0.3283,0.0,0.0,0.0,0.0,0.04668,0.05405,0.67005,0.0769,0.04767,0.0,0.0,0.0,0.0,0.0
2023-03-06 17:37:18.014230,2,True,Adult Dataset,No Bias Mitigation,LogisticRegression,,"['race', 'sex']",0.8452326116996776,0.72218,0.58771,0.09068,0.09536,0.17803,2.29192,,0.0,0.0,0.0,0.0,0.0,0.0,0.0,,0.07076,0.09625,0.10804,1.03247,0.0,0.0,0.0,0.0,0.01551,0.09105,0.64804,0.20363,0.15637,0.0,0.0,0.0,0.0,0.0
2023-03-06 14:02:16.401618,2,True,MEPS Dataset,FairMask Bias Mitigation,RandomForestClassifier,DecisionTreeRegressor,"['race', 'sex']",1.0,1.0,1.0,0.0,0.0,0.06904,0.3419,,0.0,0.0,0.0,0.0,0.0,0.0,0.0,,0.0,0.0,0.05206,0.38325,0.0,0.0,0.0,0.0,0.0,0.0,1.0,0.0,0.0,0.0,0.0,0.0,0.0,0.0
2023-03-06 14:02:12.935827,2,True,MEPS Dataset,No Bias Mitigation,RandomForestClassifier,,"['race', 'sex']",1.0,1.0,1.0,0.0,0.0,0.06904,0.3419,,0.0,0.0,0.0,0.0,0.0,0.0,0.0,,0.0,0.0,0.05206,0.38325,0.0,0.0,0.0,0.0,0.0,0.0,1.0,0.0,0.0,0.0,0.0,0.0,0.0,0.0
2023-03-06 14:02:10.292243,2,True,MEPS Dataset,FairBalance Bias Mitigation,LogisticRegression,,"['race', 'sex']",1.0,1.0,1.0,0.0,0.0,0.07155,0.34897,,0.0,0.0,0.0,0.0,0.0,0.0,0.0,,0.0,0.0,0.02474,0.15941,0.0,0.0,0.0,0.0,0.0,0.0,1.0,0.0,0.0,0.0,0.0,0.0,0.0,0.0
2023-03-06 14:02:09.883019,2,True,MEPS Dataset,No Bias Mitigation,LogisticRegression,,"['race', 'sex']",1.0,1.0,1.0,0.0,0.0,0.07155,0.34897,,0.0,0.0,0.0,0.0,0.0,0.0,0.0,,0.0,0.0,0.02474,0.15941,0.0,0.0,0.0,0.0,0.0,0.0,1.0,0.0,0.0,0.0,0.0,0.0,0.0,0.0
2023-03-06 14:02:07.965123,2,True,Compas Dataset,FairMask Bias Mitigation,RandomForestClassifier,DecisionTreeRegressor,"['sex', 'race']",0.6666666666666667,0.6857800000000001,0.744705,0.04199,0.005225,0.078715,0.11741,,4.842687711050564e-07,1.2959999999997948e-07,1.5500249999999903e-06,3.3408400000000004e-05,2.673225e-06,1.2852224999999983e-05,2.2278400000000017e-05,,0.115235,0.11019,0.14751,0.26308,2.7722249999999995e-06,6.240999999999985e-07,1.020100000000022e-06,5.19840000000002e-06,0.0,0.0,0.7140299999999999,0.123275,0.13501,0.0,0.0,5.928999999999891e-07,6.076224999999975e-06,7.656249999999989e-05
2023-03-06 14:02:05.138708,2,True,Compas Dataset,No Bias Mitigation,RandomForestClassifier,,"['sex', 'race']",0.6708420320111343,0.695495,0.7310049999999999,0.11698,0.071285,0.15182,0.2139,,1.937075084420071e-06,1.4042249999999802e-06,1.5500249999999903e-06,2.8900000000001185e-08,0.000236390625,1.980249999999996e-05,2.69361e-05,,0.138595,0.09607,0.164515,0.306995,2.376562499999991e-05,1.2320099999999994e-05,2.3571024999999983e-05,9.8704225e-05,0.234865,0.2801,0.712815,0.1378849999999999,0.1701099999999999,3.4987225000000045e-05,2.7248400000000025e-05,1.4762250000000523e-06,0.0004086462249999,1.0240000000000053e-07
2023-03-06 14:02:03.790481,2,True,Compas Dataset,FairBalance Bias Mitigation,LogisticRegression,,"['sex', 'race']",0.6534446764091858,0.68649,0.69337,0.0135,0.04426,0.03375,0.05736,,0.0,0.0,0.0,0.0,0.0,0.0,0.0,,0.07251,0.02376,0.07939,0.1483,0.0,0.0,0.0,0.0,0.13709,0.07237,0.68991,0.06429,0.07761,0.0,0.0,0.0,0.0,0.0
2023-03-06 14:02:03.093308,2,True,Compas Dataset,No Bias Mitigation,LogisticRegression,,"['sex', 'race']",0.6722338204592901,0.67943,0.77722,0.21585,0.16892,0.23948,0.28974,,0.0,0.0,0.0,0.0,0.0,0.0,0.0,,0.17616,0.06713,0.18201,0.31606,0.0,0.0,0.0,0.0,0.00487,0.13013,0.72504,0.20862,0.33293,0.0,0.0,0.0,0.0,0.0
2023-03-06 14:02:02.404537,2,True,Adult Dataset,FairMask Bias Mitigation,RandomForestClassifier,DecisionTreeRegressor,"['race', 'sex']",0.8331797942576386,0.7000500000000001,0.49239,0.042435,0.07413,0.098445,1.009215,,5.3042057471692843e-08,1.392400000000034e-06,1.08899999999998e-07,9.333025000000014e-06,2.162250000000001e-05,3.404024999999998e-06,0.001267716025,,0.027895,0.03302,0.06428,0.5926400000000001,4.556250000000005e-07,1.3690000000000168e-07,1.904399999999998e-06,0.00044944,0.0,0.0,0.57814,0.18173,0.1049,0.0,0.0,2.8900000000001185e-08,1.8489999999999986e-07,1.345600000000003e-06
2023-03-06 14:01:50.506824,2,True,Adult Dataset,No Bias Mitigation,RandomForestClassifier,,"['race', 'sex']",0.8402425917395977,0.70743,0.531745,0.195525,0.302105,0.20065,4.94775,,1.4733904853253693e-07,2.116000000000147e-07,3.940225000000058e-06,4.431024999999982e-06,7.209224999999962e-06,1.6128999999999831e-06,0.0399720049,,0.072285,0.11052,0.089615,0.917675,9.457562499999996e-05,0.0002768895999999,2.3571024999999983e-05,0.0086778540249999,0.076845,0.1348099999999999,0.607135,0.40914,0.25522,4.064062499999999e-05,1.9044000000000173e-06,2.1462249999999826e-06,0.0002601768999999,7.621290000000027e-05
2023-03-06 14:01:45.905598,2,True,Adult Dataset,FairBalance Bias Mitigation,LogisticRegression,,"['race', 'sex']",0.8108398587440504,0.56691,0.82068,0.003,0.06807,0.16776,0.73779,,0.0,0.0,0.0,0.0,0.0,0.0,0.0,,0.00423,0.0185,0.08857,0.3362,0.0,0.0,0.0,0.0,0.04652,0.05727,0.67059,0.10576,0.05788,0.0,0.0,0.0,0.0,0.0
2023-03-06 14:01:42.738066,2,True,Adult Dataset,No Bias Mitigation,LogisticRegression,,"['race', 'sex']",0.852141870105942,0.71648,0.61191,0.09835,0.11763,0.18086,2.27927,,0.0,0.0,0.0,0.0,0.0,0.0,0.0,,0.07049,0.12553,0.10023,0.87795,0.0,0.0,0.0,0.0,0.00998,0.08921,0.66008,0.33209,0.21063,0.0,0.0,0.0,0.0,0.0
2023-03-06 13:59:28.824523,2,True,Compas Dataset,FairMask Bias Mitigation,RandomForestClassifier,DecisionTreeRegressor,"['sex', 'race']",0.651009046624913,0.652665,0.7525850000000001,0.0398349999999999,0.059145,0.075135,0.110135,,1.089604734986319e-06,8.556250000000169e-07,4.1602499999993697e-07,6.076224999999993e-06,6.806250000000046e-07,3.441025000000009e-06,5.880624999999983e-06,,0.134185,0.071245,0.146115,0.255385,2.3184225e-05,1.0302250000000042e-06,1.7347225000000018e-05,5.9985024999999815e-05,0.0,0.0,0.69907,0.12928,0.161825,0.0,0.0,6.560999999999634e-07,1.6640999999999986e-06,5.8905625000000016e-05
2023-03-06 13:59:25.926019,2,True,Compas Dataset,No Bias Mitigation,RandomForestClassifier,,"['sex', 'race']",0.6464857341684065,0.65647,0.72093,0.0811149999999999,0.14506,0.125245,0.18059,,4.842687711050564e-07,5.929000000000746e-07,0.0,3.4164024999999955e-05,5.73048999999999e-05,3.606002500000004e-05,5.198409999999992e-05,,0.1063149999999999,0.048525,0.1187,0.2152899999999999,0.000141015625,0.000497959225,0.0001695204,0.0006260004,0.233125,0.279745,0.687195,0.183535,0.13707,0.0002135982249999,5.8599024999999926e-05,1.806250000000074e-07,0.0001068122249999,0.0001684803999999
2023-03-06 13:59:24.684603,2,True,Compas Dataset,FairBalance Bias Mitigation,LogisticRegression,,"['sex', 'race']",0.651356993736952,0.68072,0.67985,0.0786,0.09819,0.05348,0.10657,,0.0,0.0,0.0,0.0,0.0,0.0,0.0,,0.02244,0.03376,0.00227,0.00418,0.0,0.0,0.0,0.0,0.1531,0.0849,0.68028,0.12237,0.11857,0.0,0.0,0.0,0.0,0.0
2023-03-06 13:59:24.072131,2,True,Compas Dataset,No Bias Mitigation,LogisticRegression,,"['sex', 'race']",0.6562282533054976,0.6583,0.76913,0.22412,0.13422,0.23197,0.28139,,0.0,0.0,0.0,0.0,0.0,0.0,0.0,,0.1227,0.0907,0.14267,0.24211,0.0,0.0,0.0,0.0,0.00139,0.13848,0.70941,0.17533,0.27876,0.0,0.0,0.0,0.0,0.0
2023-03-06 13:59:23.364025,2,True,Adult Dataset,FairMask Bias Mitigation,RandomForestClassifier,DecisionTreeRegressor,"['race', 'sex']",0.8337939505604176,0.7105600000000001,0.51572,0.05684,0.0882149999999999,0.117245,1.22933,,5.3042057471692843e-08,8.835999999999932e-07,0.0,1.512899999999996e-06,5.736025000000006e-06,1.1902499999999869e-07,1.3032100000000015e-05,,0.006215,0.037405,0.06639,0.5691200000000001,5.267025000000001e-06,1.7598024999999978e-05,1.000000000000002e-06,0.0001932099999999,0.0,0.0,0.5976600000000001,0.1696099999999999,0.08285,0.0,0.0,1.08899999999998e-07,2.143690000000009e-05,8.584899999999971e-06
2023-03-06 13:59:11.034053,2,True,Adult Dataset,No Bias Mitigation,RandomForestClassifier,,"['race', 'sex']",0.8352525717795178,0.705935,0.534315,0.20103,0.31652,0.20181,4.377825,,9.429699106081001e-08,2.970250000000193e-07,1.0272025000000086e-05,9.672099999999924e-06,1.1424400000000148e-05,5.382400000000012e-06,0.097809435025,,0.0195699999999999,0.000695,0.085845,0.801215,5.062500000000001e-06,1.0562500000000005e-07,9.09022499999998e-06,0.0031939452249999,0.07869,0.133345,0.6082449999999999,0.342595,0.21477,2.190239999999997e-05,1.482249999999973e-07,3.5156250000000583e-06,0.0005164256249999,0.0001838736
2023-03-06 13:59:06.559664,2,True,Adult Dataset,FairBalance Bias Mitigation,LogisticRegression,,"['race', 'sex']",0.8214340549669891,0.59182,0.81707,0.0276,0.0396,0.20208,1.03066,,0.0,0.0,0.0,0.0,0.0,0.0,0.0,,0.01277,0.01674,0.09808,0.39719,0.0,0.0,0.0,0.0,0.0367,0.05328,0.68644,0.06461,0.03026,0.0,0.0,0.0,0.0,0.0
2023-03-06 13:59:03.148820,2,True,Adult Dataset,No Bias Mitigation,LogisticRegression,,"['race', 'sex']",0.8552126516198373,0.73893,0.6104,0.09954,0.11391,0.19502,2.86382,,0.0,0.0,0.0,0.0,0.0,0.0,0.0,,0.08584,0.14805,0.09928,0.87651,0.0,0.0,0.0,0.0,0.01889,0.09028,0.66854,0.23349,0.16486,0.0,0.0,0.0,0.0,0.0
08:47.5,2,True,Compas Dataset,No Bias Mitigation,RandomForestClassifier,,"['sex', 'race']",0.66144746,0.67415,0.74367,0.084705,0.10746,0.125875,0.178275,,1.09e-06,6.55e-06,1.96e-05,4.26e-06,6.07e-05,9.15e-06,4.77e-06,,0.16448,0.141545,0.177115,0.321535,1.23e-05,0.000107433,1.84e-05,2.61e-05,0.24217,0.294015,0.707185,0.195605,0.19758,0.000108994,2.72e-05,3.54e-07,0.000463326,7.95e-06
08:46.2,2,True,Compas Dataset,FairBalance Bias Mitigation,LogisticRegression,,"['sex', 'race']",0.659707724,0.70063,0.68936,0.01394,0.08122,0.01296,0.023,,0.0,0.0,0.0,0.0,0.0,0.0,0.0,,0.00693,0.05309,0.01451,0.02645,0.0,0.0,0.0,0.0,0.16214,0.06611,0.69495,0.1704,0.02506,0.0,0.0,0.0,0.0,0.0
08:45.5,2,True,Compas Dataset,No Bias Mitigation,LogisticRegression,,"['sex', 'race']",0.681280445,0.6898,0.78713,0.21567,0.14909,0.24256,0.29047,,0.0,0.0,0.0,0.0,0.0,0.0,0.0,,0.13329,0.04591,0.14746,0.24769,0.0,0.0,0.0,0.0,0.00626,0.11552,0.73526,0.17898,0.3116,0.0,0.0,0.0,0.0,0.0
08:44.8,2,True,Adult Dataset,FairMask Bias Mitigation,RandomForestClassifier,DecisionTreeRegressor,"['race', 'sex']",0.83555965,0.72426,0.48959,0.02084,0.02061,0.10136,1.110035,,5.89e-07,8.07e-06,9.6e-07,4.84e-08,1.32e-06,1.21e-08,2.81e-06,,0.02542,0.0144,0.082485,0.929725,8.28e-07,1.04e-05,8.19e-07,0.000462895,0.0,0.0,0.58424,0.19134,0.109795,0.0,0.0,2.62e-06,2.27e-05,4.83e-07
08:29.9,2,True,Adult Dataset,No Bias Mitigation,RandomForestClassifier,,"['race', 'sex']",0.842085061,0.721185,0.53936,0.153495,0.233565,0.181685,3.351365,,7.13e-07,5.27e-06,3.8e-06,2.66e-05,0.000107019,8.74e-07,0.003686311,,0.06772,0.090115,0.10604,1.240655,2.28e-06,4.52e-06,1.82e-06,0.000992565,0.076695,0.135115,0.61716,0.286695,0.18719,4.95e-06,3.78e-07,4.49e-06,0.000479391,0.000121882
08:24.5,2,True,Adult Dataset,FairBalance Bias Mitigation,LogisticRegression,,"['race', 'sex']",0.812835867,0.5801,0.80955,0.00034,0.07991,0.17308,0.78335,,0.0,0.0,0.0,0.0,0.0,0.0,0.0,,0.00604,0.01227,0.07839,0.29134,0.0,0.0,0.0,0.0,0.04652,0.0585,0.67588,0.08433,0.01058,0.0,0.0,0.0,0.0,0.0
08:21.2,2,True,Adult Dataset,No Bias Mitigation,LogisticRegression,,"['race', 'sex']",0.845079073,0.71829,0.5879,0.07045,0.06525,0.16991,2.02394,,0.0,0.0,0.0,0.0,0.0,0.0,0.0,,0.08969,0.14623,0.1016,0.92341,0.0,0.0,0.0,0.0,0.01981,0.08199,0.64658,0.16639,0.10756,0.0,0.0,0.0,0.0,0.0
03:18.5,2,True,MEPS Dataset,FairBalance Bias Mitigation,LogisticRegression,,"['race', 'sex']",1.0,1.0,1.0,0.0,0.0,0.01552,0.08519,,0.0,0.0,0.0,0.0,0.0,0.0,0.0,,0.0,0.0,0.074,0.59019,0.0,0.0,0.0,0.0,0.0,0.0,1.0,0.0,0.0,0.0,0.0,0.0,0.0,0.0
03:17.9,2,True,MEPS Dataset,No Bias Mitigation,LogisticRegression,,"['race', 'sex']",1.0,1.0,1.0,0.0,0.0,0.01552,0.08519,,0.0,0.0,0.0,0.0,0.0,0.0,0.0,,0.0,0.0,0.074,0.59019,0.0,0.0,0.0,0.0,0.0,0.0,1.0,0.0,0.0,0.0,0.0,0.0,0.0,0.0
03:15.6,2,True,Compas Dataset,FairMask Bias Mitigation,RandomForestClassifier,DecisionTreeRegressor,"['sex', 'race']",0.648573417,0.653895,0.766455,0.04528,0.07248,0.08045,0.112905,,4.84e-07,2.36e-06,1e-05,0.00029929,0.000244297,0.000290021,0.000501536,,0.148635,0.12203,0.17204,0.29412,6.16e-07,2.69e-05,3.1e-06,2.93e-05,0.0,0.0,0.70571,0.150095,0.16832,0.0,0.0,2.03e-07,0.000257121,1.16e-07
03:11.8,2,True,Compas Dataset,No Bias Mitigation,RandomForestClassifier,,"['sex', 'race']",0.64091858,0.65693,0.72595,0.083755,0.041905,0.101345,0.14659,,4.84e-07,3.25e-07,3.97e-07,2.16e-05,0.00021712,5.15e-05,8.34e-05,,0.140365,0.127225,0.16525,0.300235,6.42e-05,2.64e-06,3.79e-05,0.000152399,0.24217,0.264785,0.68972,0.16584,0.17365,3.92e-05,0.000116316,3.6e-07,8.41e-06,0.000170825
03:10.2,2,True,Compas Dataset,FairBalance Bias Mitigation,LogisticRegression,,"['sex', 'race']",0.652748782,0.70912,0.65228,0.01441,0.03898,0.03796,0.06906,,0.0,0.0,0.0,0.0,0.0,0.0,0.0,,0.02259,0.02775,0.00175,0.00337,0.0,0.0,0.0,0.0,0.16006,0.06611,0.67951,0.07717,0.036,0.0,0.0,0.0,0.0,0.0
03:09.4,2,True,Compas Dataset,No Bias Mitigation,LogisticRegression,,"['sex', 'race']",0.679192763,0.70069,0.75339,0.23057,0.17562,0.25535,0.31444,,0.0,0.0,0.0,0.0,0.0,0.0,0.0,,0.11284,0.10911,0.13546,0.24313,0.0,0.0,0.0,0.0,0.0,0.12109,0.72608,0.2355,0.28912,0.0,0.0,0.0,0.0,0.0
03:08.8,2,True,Adult Dataset,FairMask Bias Mitigation,RandomForestClassifier,DecisionTreeRegressor,"['race', 'sex']",0.827959466,0.717215,0.477155,0.04607,0.082825,0.09804,1.019195,,1.47e-07,2.16e-07,3.63e-06,2.5e-07,2.25e-10,1.35e-06,0.000207792,,0.053105,0.08332,0.079035,0.851555,3.05e-05,0.000108368,3.78e-06,0.001697852,0.0,0.0,0.57306,0.245045,0.14081,0.0,0.0,2.31e-06,6.81e-07,6.4e-09
02:54.2,2,True,Adult Dataset,No Bias Mitigation,RandomForestClassifier,,"['race', 'sex']",0.837939506,0.72234,0.536485,0.165995,0.26184,0.18393,3.162525,,4.77e-07,3.35e-06,2.51e-06,9.77e-06,4.21e-05,1.3e-06,0.003200731,,0.057275,0.08558,0.09051,0.889365,3.91e-07,2.99e-06,8.1e-09,7.66e-07,0.08107,0.12828,0.61569,0.35284,0.22157,1.85e-05,4.76e-07,2.92e-06,0.000413309,9.76e-05
02:48.5,2,True,Adult Dataset,FairBalance Bias Mitigation,LogisticRegression,,"['race', 'sex']",0.814985414,0.59208,0.80125,0.00763,0.06487,0.17648,0.82741,,0.0,0.0,0.0,0.0,0.0,0.0,0.0,,0.01319,0.01999,0.09425,0.37403,0.0,0.0,0.0,0.0,0.03792,0.05573,0.68096,0.09474,0.05734,0.0,0.0,0.0,0.0,0.0
02:44.3,2,True,Adult Dataset,No Bias Mitigation,LogisticRegression,,"['race', 'sex']",0.846768002,0.73582,0.59003,0.09207,0.1081,0.17844,2.34566,,0.0,0.0,0.0,0.0,0.0,0.0,0.0,,0.09536,0.15231,0.10775,1.03186,0.0,0.0,0.0,0.0,0.01935,0.09043,0.65491,0.23123,0.16279,0.0,0.0,0.0,0.0,0.0
59:42.2,2,True,Compas Dataset,FairMask Bias Mitigation,RandomForestClassifier,DecisionTreeRegressor,"['sex', 'race']",0.649269311,0.666455,0.729505,0.010045,0.0373,0.052255,0.08081,,2.37e-05,1.07e-05,4.81e-05,7.06e-05,3.41e-05,1.17e-05,2.79e-05,,0.15136,0.134835,0.170565,0.312845,1.71e-05,2.43e-05,2.49e-05,7.28e-05,0.0,0.0,0.696555,0.16634,0.195395,0.0,0.0,2.45e-05,4.93e-06,6.68e-06
59:33.4,2,True,Compas Dataset,No Bias Mitigation,RandomForestClassifier,,"['sex', 'race']",0.661099513,0.67731,0.737075,0.01373,0.027605,0.05191,0.080535,,4.36e-06,8.82e-06,3.59e-06,7.78e-05,5.88e-06,7.6e-05,0.000147501,,0.12617,0.1039,0.146625,0.266615,4.54e-06,1.3e-07,1.76e-06,3.54e-07,0.25122,0.247045,0.70592,0.150765,0.19697,2.37e-05,1.74e-05,5.63e-07,8.85e-06,0.000203918
59:29.3,2,True,Compas Dataset,FairBalance Bias Mitigation,LogisticRegression,,"['sex', 'race']",0.669450244,0.68331,0.68966,0.04371,0.00106,0.07978,0.13415,,0.0,0.0,0.0,0.0,0.0,0.0,0.0,,0.0257,0.01293,0.04838,0.09441,0.0,0.0,0.0,0.0,0.1364,0.06959,0.68647,0.04821,0.0966,0.0,0.0,0.0,0.0,0.0
59:26.9,2,True,Compas Dataset,No Bias Mitigation,LogisticRegression,,"['sex', 'race']",0.676409186,0.6659,0.76923,0.22111,0.17439,0.25514,0.31329,,0.0,0.0,0.0,0.0,0.0,0.0,0.0,,0.12875,0.0848,0.14856,0.26846,0.0,0.0,0.0,0.0,0.00905,0.11621,0.71385,0.26691,0.34246,0.0,0.0,0.0,0.0,0.0
59:24.9,2,True,Adult Dataset,FairMask Bias Mitigation,RandomForestClassifier,DecisionTreeRegressor,"['race', 'sex']",0.834561646,0.73208,0.46936,0.035425,0.06369,0.095645,1.09563,,5.89e-09,1e-08,4.22e-07,2.09e-06,3.2e-06,1.07e-06,0.000546624,,0.052345,0.09151,0.06399,0.663445,1.81e-05,4.16e-05,7.51e-06,0.002104516,0.0,0.0,0.571995,0.10465,0.063065,0.0,0.0,2.07e-07,6.64e-05,5.23e-05
58:47.2,2,True,Adult Dataset,No Bias Mitigation,RandomForestClassifier,,"['race', 'sex']",0.843159834,0.726265,0.53618,0.152085,0.242035,0.175895,3.101485,,2.89e-07,1.98e-07,8.58e-06,8.67e-06,1.19e-05,8.97e-06,0.013346026,,0.081815,0.140725,0.08549,0.84468,1.64e-07,1.06e-07,4.41e-08,0.00011236,0.075545,0.122445,0.61691,0.320765,0.195495,2.36e-06,7.14e-07,4.41e-06,7.6e-05,1.43e-05
58:32.9,2,True,Adult Dataset,FairBalance Bias Mitigation,LogisticRegression,,"['race', 'sex']",0.814371257,0.58203,0.80703,0.02338,0.04098,0.18949,0.91657,,0.0,0.0,0.0,0.0,0.0,0.0,0.0,,0.00888,0.00609,0.07672,0.28611,0.0,0.0,0.0,0.0,0.03654,0.05036,0.67631,0.07024,0.04839,0.0,0.0,0.0,0.0,0.0
58:24.5,2,True,Adult Dataset,No Bias Mitigation,LogisticRegression,,"['race', 'sex']",0.84891755,0.72125,0.60511,0.08251,0.07334,0.19008,2.54266,,0.0,0.0,0.0,0.0,0.0,0.0,0.0,,0.0303,0.02658,0.08204,0.62121,0.0,0.0,0.0,0.0,0.02211,0.08921,0.6581,0.0872,0.09391,0.0,0.0,0.0,0.0,0.0
26:17.0,2,True,Compas Dataset,FairMask Bias Mitigation,RandomForestClassifier,DecisionTreeRegressor,"['sex', 'race']",0.651356994,0.66387,0.749055,0.11213,0.084005,0.1356,0.185075,,3.1e-05,1.53e-05,4.78e-05,4e-08,2.42e-06,2.99e-06,2.21e-06,,0.14241,0.11306,0.168825,0.29867,1.09e-07,1.02e-06,1.92e-06,2.56e-06,0.0,0.0,0.70389,0.14877,0.19004,0.0,0.0,2.76e-05,3.03e-07,3.13e-06
26:14.4,2,True,Compas Dataset,No Bias Mitigation,RandomForestClassifier,,"['sex', 'race']",0.665274878,0.67801,0.752205,0.17008,0.132745,0.194245,0.25249,,0.0,6.56e-07,6.33e-06,7.57e-05,1.42e-05,5.44e-05,4.54e-05,,0.13088,0.13144,0.166495,0.299665,4e-06,4.64e-05,9.92e-08,7.66e-07,0.229645,0.24878,0.713175,0.21646,0.226335,3.1e-05,1.22e-07,4.69e-07,1.35e-06,3.2e-05
26:13.3,2,True,Compas Dataset,FairBalance Bias Mitigation,LogisticRegression,,"['sex', 'race']",0.653444676,0.69526,0.67621,0.00285,0.00579,0.04234,0.07332,,0.0,0.0,0.0,0.0,0.0,0.0,0.0,,0.0218,0.00201,0.00204,0.00377,0.0,0.0,0.0,0.0,0.14962,0.05985,0.68561,0.00912,0.06075,0.0,0.0,0.0,0.0,0.0
26:12.6,2,True,Compas Dataset,No Bias Mitigation,LogisticRegression,,"['sex', 'race']",0.677800974,0.68931,0.77086,0.23559,0.21822,0.27439,0.32469,,0.0,0.0,0.0,0.0,0.0,0.0,0.0,,0.08692,0.1083,0.11262,0.19145,0.0,0.0,0.0,0.0,0.0,0.12665,0.72781,0.28204,0.27,0.0,0.0,0.0,0.0,0.0
26:12.1,2,True,Adult Dataset,FairMask Bias Mitigation,RandomForestClassifier,DecisionTreeRegressor,"['race', 'sex']",0.836941502,0.755815,0.476725,0.016565,0.026835,0.08783,0.94569,,9.43e-08,5.7e-07,9.12e-07,1.81e-06,1.29e-06,2.62e-06,0.000725764,,0.01492,0.02459,0.05106,0.470525,2.21e-07,1.12e-06,3.24e-08,2.77e-06,0.0,0.0,0.584665,0.09592,0.05429,0.0,0.0,8.93e-07,0.000228614,7.02e-05
25:59.5,2,True,Adult Dataset,No Bias Mitigation,RandomForestClassifier,,"['race', 'sex']",0.84216183,0.72861,0.54911,0.159395,0.241085,0.18764,3.37693,,1.51e-06,7.07e-05,3.29e-05,3.34e-05,4.67e-05,2.76e-05,0.004378469,,0.070825,0.126465,0.0818,0.731815,9.87e-05,0.000184009,5.91e-05,0.007258188,0.094735,0.132195,0.626175,0.312785,0.198975,1.47e-05,2.57e-05,3.91e-07,6.96e-05,7.35e-05
25:55.0,2,True,Adult Dataset,FairBalance Bias Mitigation,LogisticRegression,,"['race', 'sex']",0.817595578,0.59739,0.8179,0.02538,0.03246,0.198,0.9539,,0.0,0.0,0.0,0.0,0.0,0.0,0.0,,0.01229,0.03284,0.10707,0.43009,0.0,0.0,0.0,0.0,0.04453,0.0562,0.69046,0.11023,0.08011,0.0,0.0,0.0,0.0,0.0
25:51.6,2,True,Adult Dataset,No Bias Mitigation,LogisticRegression,,"['race', 'sex']",0.849531706,0.74024,0.60864,0.08863,0.10841,0.18479,2.29808,,0.0,0.0,0.0,0.0,0.0,0.0,0.0,,0.0792,0.10885,0.11468,1.07802,0.0,0.0,0.0,0.0,0.02318,0.0826,0.66802,0.28617,0.18626,0.0,0.0,0.0,0.0,0.0
25:45.3,2,True,Compas Dataset,FairMask Bias Mitigation,RandomForestClassifier,DecisionTreeRegressor,"['sex', 'race']",0.671537926,0.66269,0.791455,0.070995,0.09181,0.11762,0.159275,,0.0,1.22e-07,1.68e-06,4.63e-05,3.02e-05,4.16e-05,6.22e-05,,0.129945,0.11299,0.17355,0.29847,2.98e-05,4.84e-06,1.62e-05,4.77e-05,0.0,0.0,0.72137,0.1831,0.16615,0.0,0.0,1.09e-07,3.46e-06,4.94e-05
25:42.7,2,True,Compas Dataset,No Bias Mitigation,RandomForestClassifier,,"['sex', 'race']",0.654140571,0.65518,0.75194,0.05198,0.018725,0.08156,0.119225,,1.21e-05,4.49e-06,3.4e-05,3.24e-05,1.72e-05,3.75e-05,5.75e-05,,0.145735,0.110445,0.18116,0.327125,8.56e-07,6.64e-07,3.57e-06,4.6e-06,0.294365,0.291235,0.70023,0.142925,0.16979,0.000156876,8.83e-05,1.4e-05,2.58e-06,7.34e-06
25:41.0,2,True,Compas Dataset,FairBalance Bias Mitigation,LogisticRegression,,"['sex', 'race']",0.665274878,0.71353,0.66999,2e-05,0.01584,0.039,0.07016,,0.0,0.0,0.0,0.0,0.0,0.0,0.0,,0.0004,0.01977,0.0067,0.01283,0.0,0.0,0.0,0.0,0.14405,0.05915,0.69107,0.04712,0.08338,0.0,0.0,0.0,0.0,0.0
25:40.3,2,True,Compas Dataset,No Bias Mitigation,LogisticRegression,,"['sex', 'race']",0.680584551,0.69501,0.76339,0.26718,0.19964,0.29012,0.34286,,0.0,0.0,0.0,0.0,0.0,0.0,0.0,,0.15033,0.11321,0.15449,0.27481,0.0,0.0,0.0,0.0,0.02018,0.14057,0.7276,0.27039,0.33451,0.0,0.0,0.0,0.0,0.0
25:39.7,2,True,Adult Dataset,FairMask Bias Mitigation,RandomForestClassifier,DecisionTreeRegressor,"['race', 'sex']",0.834177798,0.74566,0.46765,0.01835,0.028885,0.09208,1.044545,,3.77e-07,4.16e-06,1.64e-06,9e-06,1.32e-05,4.41e-06,0.001643897,,0.02424,0.019335,0.06643,0.70585,1.59e-06,4.14e-06,3.48e-07,9.98e-05,0.0,0.0,0.574805,0.141085,0.08467,0.0,0.0,2.48e-06,1.02e-05,3.03e-07
25:25.2,2,True,Adult Dataset,No Bias Mitigation,RandomForestClassifier,,"['race', 'sex']",0.841547674,0.723205,0.549005,0.14822,0.224315,0.18408,3.18615,,2.12e-07,1.06e-07,6.58e-06,2.5e-09,1.89e-07,8.1e-09,0.001404001,,0.06047,0.075415,0.09558,0.945475,3.24e-08,3.66e-07,1.02e-07,2.27e-06,0.08813,0.122755,0.624175,0.29253,0.19323,0.0,4.83e-07,3.15e-06,6.25e-06,1.56e-06
25:21.8,2,True,Adult Dataset,FairBalance Bias Mitigation,LogisticRegression,,"['race', 'sex']",0.814524797,0.58059,0.82173,0.0101,0.07389,0.20225,0.98132,,0.0,0.0,0.0,0.0,0.0,0.0,0.0,,0.02565,0.06756,0.07919,0.2909,0.0,0.0,0.0,0.0,0.04529,0.05435,0.68042,0.13862,0.03834,0.0,0.0,0.0,0.0,0.0
25:19.3,2,True,Adult Dataset,No Bias Mitigation,LogisticRegression,,"['race', 'sex']",0.854291417,0.73158,0.62173,0.10461,0.1361,0.19423,2.57184,,0.0,0.0,0.0,0.0,0.0,0.0,0.0,,0.03358,0.02706,0.10324,0.89189,0.0,0.0,0.0,0.0,0.01965,0.08752,0.67219,0.2527,0.17059,0.0,0.0,0.0,0.0,0.0
