time,reps,data,bias mitigation,ML method,bias mit ML method,sensitive attrs,other,accuracy,precision,recall,sex|[AOD] Average Odds Difference,sex|[EOD] Equal Opportunity Difference,sex|[SPD] Statistical Parity Difference,sex|[DI] Disparate Impact,[SF] Statistical Parity Subgroup Fairness,[DF] Differential Fairness,VAR|accuracy,VAR|precision,VAR|recall,VAR|sex|[AOD] Average Odds Difference,VAR|sex|[EOD] Equal Opportunity Difference,VAR|sex|[SPD] Statistical Parity Difference,VAR|sex|[DI] Disparate Impact,VAR|[SF] Statistical Parity Subgroup Fairness,VAR|[DF] Differential Fairness
2024-01-06 19:59:29.768243,3,Compas Dataset,Reweighing Bias Mitigation,LogisticRegression,,['sex'],{},0.6522948539638387,0.6606457450828311,0.7533390842612818,0.023926015101175757,0.05596103102239628,0.033740675742042016,1.0546873694250656,0.0051544829622866585,0.05297889200863063,8.640239141186074e-05,0.00010233414909636259,0.0001332710572566688,0.00016517157483072128,3.364045475124938e-05,0.0002179945562806562,0.0005841224986162636,5.3506254157027236e-06,0.0005339385556944104
2024-01-06 19:59:29.743618,3,Compas Dataset,FairBalance Bias Mitigation,LogisticRegression,,['sex'],{},0.6578581363004172,0.6952071954162098,0.6705589799332778,0.0603707304945739,0.0167055343504296,0.026241164225983,0.9805279570662124,0.0038874628195679,0.0506454515509897,6.318980864449469e-05,0.000161653964685,5.847911559380775e-05,0.0014882210467653,7.095508210301668e-06,0.0004353020939207,0.0034931670243717,9.107488437415869e-06,0.0016955212627932
2024-01-06 19:59:29.699704,3,Compas Dataset,FairMask Bias Mitigation,LogisticRegression,DecisionTreeRegressor,['sex'],{},0.6532220676866017,0.6676005707211932,0.7330290477517639,0.0676853382283107,0.1110931445687082,0.1112623350535936,1.192173532906849,0.0168929571089502,0.1747741107675093,7.393637474049724e-05,0.0001564765247295,0.0001543910845155,0.0009577879882456,0.001101089809168,0.0008566206093999,0.0028206648674372,2.1008929813107625e-05,0.002019803861446
2024-01-06 19:59:29.677303,3,Compas Dataset,No Bias Mitigation,LogisticRegression,,['sex'],{},0.6518312471024571,0.6597639213158876,0.755012237809333,0.2191307916187908,0.2129764493524572,0.2489859810884098,1.428137619922153,0.0376624155400504,0.3563102957416609,5.9750907493774e-05,0.0001658196835232,0.0001546805207351,9.247884763919628e-05,0.000680015425702,3.645158449008066e-05,0.0002484746219517,1.7028734222142523e-06,0.0001218948107267
2024-01-06 19:59:29.633310,3,Compas Dataset,FYP VAE,LogisticRegression,,['sex'],"{'my model config': ""VAEMaskConfig(epochs=1250, latent_dim=10, mask_values=None vae_layers=(75, 60, 30, 15), lr=0.011, \nlosses_used=['z->s ADV loss', 'Sensitive KL loss', 'Reconstruction loss', 'KL divergence loss'])z->s ADV loss: {'weight': 0.11, 'lr': 0.05, 'optimizer': 'Adam', 'layers': (30, 30), 'input_dim': 9}, Sensitive KL loss: {'weight': 9000, 'sens_col_ids': [7]}, Reconstruction loss: {'weight': 15}, KL divergence loss: {'weight': 0.005}""}",0.6462679647658786,0.6561771571005757,0.7474934322109315,0.0645089347053442,0.0403075274423575,0.0319693361748525,0.9650739043464568,0.004750197145755,0.0532065261621334,3.3959148863368096e-05,0.0001485037415955,4.4143629126268646e-05,0.0009343705777197,0.0001872115635366,0.0005892623316464,0.0029442466485944,1.2255156048340926e-05,0.0017817712352432
2024-01-06 19:59:29.606023,1,Compas Dataset,Reweighing Bias Mitigation,LogisticRegression,,['sex'],{},0.6648122392211405,0.6688741721854304,0.7690355329949239,0.041981270081028,0.0576263164122589,0.0128754230118443,1.0205104447439353,0.0018840879679511,0.0203029381432989,0.0,0.0,0.0,0.0,0.0,0.0,0.0,0.0,0.0
2024-01-06 19:59:29.482710,1,Compas Dataset,FairBalance Bias Mitigation,LogisticRegression,,['sex'],{},0.6675938803894298,0.7034120734908137,0.6802030456852792,0.1122622396950226,0.0170394036208733,0.0553881133671743,0.8973844043887147,0.0081050601496051,0.108270964253272,0.0,0.0,0.0,0.0,0.0,0.0,0.0,0.0,0.0
2024-01-06 19:59:29.350136,1,Compas Dataset,FairMask Bias Mitigation,LogisticRegression,DecisionTreeRegressor,['sex'],{},0.6606397774687065,0.6704545454545454,0.748730964467005,0.0248719490559109,0.0987259890348282,0.0728902284263959,1.1216896186440677,0.0106661817816044,0.1148361366062143,0.0,0.0,0.0,0.0,0.0,0.0,0.0,0.0,0.0
2024-01-06 19:59:29.240643,1,Compas Dataset,No Bias Mitigation,LogisticRegression,,['sex'],{},0.655076495132128,0.658008658008658,0.7715736040609137,0.218725376951892,0.2098371001459392,0.2447652284263959,1.4086334745762712,0.0358170152100448,0.3426200674769263,0.0,0.0,0.0,0.0,0.0,0.0,0.0,0.0,0.0
2024-01-06 19:59:29.188333,1,Compas Dataset,FYP VAE,LogisticRegression,,['sex'],"{'my model config': ""VAEMaskConfig(epochs=1250, latent_dim=10, mask_values=None vae_layers=(75, 60, 30, 15), lr=0.011, \nlosses_used=['z->s ADV loss', 'Sensitive KL loss', 'Reconstruction loss', 'KL divergence loss'])z->s ADV loss: {'weight': 0.11, 'lr': 0.05, 'optimizer': 'Adam', 'layers': (30, 30), 'input_dim': 9}, Sensitive KL loss: {'weight': 9000, 'sens_col_ids': [7]}, Reconstruction loss: {'weight': 15}, KL divergence loss: {'weight': 0.005}""}",0.6522948539638387,0.6643835616438356,0.7385786802030457,0.1075559525340248,0.0594406973533704,0.0662938874788494,0.8932433583106266,0.0097009252148615,0.1128962175267739,0.0,0.0,0.0,0.0,0.0,0.0,0.0,0.0,0.0
2024-01-06 19:53:11.552606,1,Compas Dataset,Reweighing Bias Mitigation,LogisticRegression,,['sex'],{},0.6425591098748261,0.6463963963963963,0.7416020671834626,0.0130919579958283,0.048172757475083,0.0434857297111586,1.0714055448098,0.0068554494439619,0.0689713797451524,0.0,0.0,0.0,0.0,0.0,0.0,0.0,0.0,0.0
2024-01-06 19:53:11.436384,1,Compas Dataset,FairBalance Bias Mitigation,LogisticRegression,,['sex'],{},0.6481223922114048,0.6772486772486772,0.661498708010336,0.019837823162481,0.0132890365448504,0.0076934403298239,1.014675935678674,0.0012128574495948,0.0145692863211504,0.0,0.0,0.0,0.0,0.0,0.0,0.0,0.0,0.0
2024-01-06 19:53:11.312243,1,Compas Dataset,FairMask Bias Mitigation,LogisticRegression,DecisionTreeRegressor,['sex'],{},0.6411682892906815,0.6510538641686182,0.7183462532299741,0.0969623735344497,0.0780730897009966,0.1170090063559842,1.204943047496239,0.0184462657724664,0.1864323023370661,0.0,0.0,0.0,0.0,0.0,0.0,0.0,0.0,0.0
2024-01-06 19:53:11.224666,1,Compas Dataset,No Bias Mitigation,LogisticRegression,,['sex'],{},0.6411682892906815,0.6449438202247191,0.7416020671834626,0.2311061367479804,0.1827242524916943,0.2446685808240692,1.4285407264130667,0.0385715750317722,0.3566534521969333,0.0,0.0,0.0,0.0,0.0,0.0,0.0,0.0,0.0
2024-01-06 19:53:11.174683,1,Compas Dataset,FYP VAE,LogisticRegression,,['sex'],"{'my model config': ""VAEMaskConfig(epochs=1250, latent_dim=10, mask_values=None vae_layers=(75, 60, 30, 15), lr=0.011, \nlosses_used=['z->s ADV loss', 'Sensitive KL loss', 'Reconstruction loss', 'KL divergence loss'])z->s ADV loss: {'weight': 0.11, 'lr': 0.05, 'optimizer': 'Adam', 'layers': (30, 30), 'input_dim': 9}, Sensitive KL loss: {'weight': 9000, 'sens_col_ids': [7]}, Reconstruction loss: {'weight': 15}, KL divergence loss: {'weight': 0.005}""}",0.6383866481223922,0.6389496717724289,0.7545219638242894,0.0395544552836132,0.0282392026578073,0.0142948293209649,0.9776086413346404,0.0022535549103317,0.0226458512681115,0.0,0.0,0.0,0.0,0.0,0.0,0.0,0.0,0.0
2024-01-06 19:46:18.722715,1,Compas Dataset,Reweighing Bias Mitigation,LogisticRegression,,['sex'],{},0.6495132127955494,0.6666666666666666,0.749379652605459,0.0167048172266708,0.0620840191798468,0.0448608745031231,1.0721461187214611,0.0067239114749468,0.0696623581374405,0.0,0.0,0.0,0.0,0.0,0.0,0.0,0.0,0.0
2024-01-06 19:46:18.623771,1,Compas Dataset,FairBalance Bias Mitigation,LogisticRegression,,['sex'],{},0.6578581363004172,0.7049608355091384,0.6699751861042184,0.0490121286262182,0.019788162885565,0.0156419389809508,1.029523531131248,0.0023444708595039,0.0290961040785467,0.0,0.0,0.0,0.0,0.0,0.0,0.0,0.0,0.0
2024-01-06 19:46:18.522601,1,Compas Dataset,FairMask Bias Mitigation,LogisticRegression,DecisionTreeRegressor,['sex'],{},0.6578581363004172,0.6812933025404158,0.7320099255583127,0.0812216920945715,0.1564803549702998,0.1438877703784007,1.2498879325802403,0.0215664237727797,0.2230538933592477,0.0,0.0,0.0,0.0,0.0,0.0,0.0,0.0,0.0
2024-01-06 19:46:18.429953,1,Compas Dataset,No Bias Mitigation,LogisticRegression,,['sex'],{},0.6592489568845619,0.6763392857142857,0.7518610421836228,0.2075608611564999,0.246367995419738,0.2575241340147643,1.4472386587771204,0.0385986563783341,0.3696573675511231,0.0,0.0,0.0,0.0,0.0,0.0,0.0,0.0,0.0
2024-01-06 19:46:18.390060,1,Compas Dataset,FYP VAE,LogisticRegression,,['sex'],"{'my model config': ""VAEMaskConfig(epochs=1250, latent_dim=10, mask_values=None vae_layers=(75, 60, 30, 15), lr=0.011, \nlosses_used=['z->s ADV loss', 'Sensitive KL loss', 'Reconstruction loss', 'KL divergence loss'])z->s ADV loss: {'weight': 0.11, 'lr': 0.05, 'optimizer': 'Adam', 'layers': (30, 30), 'input_dim': 9}, Sensitive KL loss: {'weight': 9000, 'sens_col_ids': [7]}, Reconstruction loss: {'weight': 15}, KL divergence loss: {'weight': 0.005}""}",0.6481223922114048,0.6651982378854625,0.749379652605459,0.0464163962983946,0.033242682315895,0.0153192917247431,1.0243697133941034,0.0022961113120718,0.0240775096915147,0.0,0.0,0.0,0.0,0.0,0.0,0.0,0.0,0.0
2024-01-06 19:00:39.174710,3,Compas Dataset,Reweighing Bias Mitigation,LogisticRegression,,['sex'],{},0.6801112656467315,0.6980373653315214,0.7666023176110723,0.0548286349507261,0.0344951436591064,0.0468887746406884,1.0573604387337665,0.0066852238370012,0.0727368338357245,0.0002179403604269,0.0010110051217983,1.4977339386932107e-05,0.0003518818614584,0.0003786165084696,0.0009850113542325,0.0051889717465972,1.859244387390636e-05,0.0022025577397543
2024-01-06 19:00:39.154723,3,Compas Dataset,FairBalance Bias Mitigation,LogisticRegression,,['sex'],{},0.6694483078349559,0.7132974973810166,0.6953654132109555,0.060502245910156,0.0353081448629053,0.0389597267796798,1.0382733298306803,0.0055735990400307,0.0686754400102186,0.0001061760730285,0.0007999657424445,5.223616917050581e-05,0.0001723890851309,0.0009262456242931,0.000535246591533,0.0053627666561339,9.996572980879029e-06,0.0014849254685342
2024-01-06 19:00:39.134724,3,Compas Dataset,FairMask Bias Mitigation,LogisticRegression,DecisionTreeRegressor,['sex'],{},0.6801112656467315,0.7027649886399551,0.7545568804204891,0.0661995319065939,0.0814614211487088,0.1089098587425837,1.185782664862158,0.0156742965136635,0.1690370445211804,0.000290157284592,0.0011314093187563,0.0001931942593044,0.0024067623586546,0.0010580462833083,0.0012005558621714,0.0038504923050896,2.1162255175413618e-05,0.0027287291803528
2024-01-06 19:00:39.116494,3,Compas Dataset,No Bias Mitigation,LogisticRegression,,['sex'],{},0.6810384793694947,0.6968525819075456,0.774253394788255,0.1992841894180021,0.1772123302880029,0.2289839405565596,1.3886845396096597,0.0332094684125108,0.3280252469968452,0.0003279851972499,0.00125581633132,0.0002541247815447,0.0002501058818759,0.0009502291143497,0.00044321233992,0.0012741803378805,9.25617558943627e-06,0.0006646688902456
2024-01-06 19:00:39.095472,3,Compas Dataset,FYP VAE,LogisticRegression,,['sex'],"{'my model config': ""VAEMaskConfig(epochs=1250, latent_dim=10, mask_values=None vae_layers=(75, 60, 30, 15), lr=0.011, \nlosses_used=['z->s ADV loss', 'POS Y VEC loss', 'Reconstruction loss', 'KL divergence loss'])z->s ADV loss: {'weight': 0.11, 'lr': 0.05, 'optimizer': 'Adam', 'layers': (30, 30), 'input_dim': 9}, POS Y VEC loss: {'weight': 1200000}, Reconstruction loss: {'weight': 15}, KL divergence loss: {'weight': 0.005}""}",0.6764024107556792,0.6948499341346643,0.7654076412024443,0.0636401538625112,0.0495084018083844,0.0794248171686126,1.1301850220140406,0.0115340744595175,0.121030876880245,0.0001242303040697,0.0009540502475674,4.60791612802564e-05,0.0003587648096664,0.0004358873057916,0.0012608434803639,0.0033934188568323,2.7633592101034097e-05,0.0027231423481261
2024-01-06 19:00:39.068135,1,Compas Dataset,Reweighing Bias Mitigation,LogisticRegression,,['sex'],{},0.6592489568845619,0.6531531531531531,0.7611548556430446,0.0593022111589147,0.0489205142718525,0.017694864205224,0.9714943009515844,0.0026365625259932,0.0289198764179946,0.0,0.0,0.0,0.0,0.0,0.0,0.0,0.0,0.0
2024-01-06 19:00:38.935284,1,Compas Dataset,FairBalance Bias Mitigation,LogisticRegression,,['sex'],{},0.6578581363004172,0.6735218508997429,0.6876640419947506,0.0638086249185587,0.0781919624807956,0.0268343978812899,0.9508454020118428,0.0039983673816787,0.0504037932564338,0.0,0.0,0.0,0.0,0.0,0.0,0.0,0.0,0.0
2024-01-06 19:00:38.814504,1,Compas Dataset,FairMask Bias Mitigation,LogisticRegression,DecisionTreeRegressor,['sex'],{},0.6592489568845619,0.6552511415525114,0.7532808398950132,0.0258359171469492,0.0381660871674617,0.067183361894376,1.112546486592288,0.0100104263184263,0.1066515198861932,0.0,0.0,0.0,0.0,0.0,0.0,0.0,0.0,0.0
2024-01-06 19:00:38.726465,1,Compas Dataset,No Bias Mitigation,LogisticRegression,,['sex'],{},0.6564673157162726,0.6469298245614035,0.7742782152230971,0.1781953548979532,0.1345516293361364,0.2045879420470477,1.3427285183010371,0.0304839243192426,0.2947037513891329,0.0,0.0,0.0,0.0,0.0,0.0,0.0,0.0,0.0
2024-01-06 19:00:38.683311,1,Compas Dataset,FYP VAE,LogisticRegression,,['sex'],"{'my model config': ""VAEMaskConfig(epochs=1250, latent_dim=10, mask_values=None vae_layers=(75, 60, 30, 15), lr=0.011, \nlosses_used=['z->s ADV loss', 'POS Y VEC loss', 'Reconstruction loss', 'KL divergence loss'])z->s ADV loss: {'weight': 0.11, 'lr': 0.05, 'optimizer': 'Adam', 'layers': (30, 30), 'input_dim': 9}, POS Y VEC loss: {'weight': 1200000}, Reconstruction loss: {'weight': 15}, KL divergence loss: {'weight': 0.005}""}",0.6606397774687065,0.6512141280353201,0.7742782152230971,0.079715146166708,0.0729360394598528,0.1163473022796904,1.1910955691074243,0.0173359305634274,0.1748735298973159,0.0,0.0,0.0,0.0,0.0,0.0,0.0,0.0,0.0
2024-01-06 18:53:09.054091,1,Compas Dataset,Reweighing Bias Mitigation,LogisticRegression,,['sex'],{},0.6898470097357441,0.7228381374722838,0.7688679245283019,0.0752372245012384,0.0475767007558914,0.0904392050637109,1.1477667886013638,0.0126585951358032,0.1378181314428408,0.0,0.0,0.0,0.0,0.0,0.0,0.0,0.0,0.0
2024-01-06 18:53:08.933709,1,Compas Dataset,FairBalance Bias Mitigation,LogisticRegression,,['sex'],{},0.6675938803894298,0.7295285359801489,0.6933962264150944,0.074672599659157,0.0170446124203349,0.0713397274662097,1.1300645031243703,0.0099852793537617,0.1222747135060575,0.0,0.0,0.0,0.0,0.0,0.0,0.0,0.0,0.0
2024-01-06 18:53:08.794148,1,Compas Dataset,FairMask Bias Mitigation,LogisticRegression,DecisionTreeRegressor,['sex'],{},0.6801112656467315,0.7245370370370371,0.7382075471698113,0.135250833765419,0.1165703275529865,0.152021891152326,1.2642706131078223,0.021278200870085,0.2344953654586988,0.0,0.0,0.0,0.0,0.0,0.0,0.0,0.0,0.0
2024-01-06 18:53:08.711804,1,Compas Dataset,No Bias Mitigation,LogisticRegression,,['sex'],{},0.6870653685674548,0.7256235827664399,0.7547169811320755,0.2033784425907023,0.2063139172965763,0.2264020564415821,1.3935710167211226,0.0316890442412484,0.3318695294838752,0.0,0.0,0.0,0.0,0.0,0.0,0.0,0.0,0.0
2024-01-06 18:53:08.662731,1,Compas Dataset,FYP VAE,LogisticRegression,,['sex'],"{'my model config': ""VAEMaskConfig(epochs=1250, latent_dim=10, mask_values=None vae_layers=(75, 60, 30, 15), lr=0.011, \nlosses_used=['z->s ADV loss', 'POS Y VEC loss', 'Reconstruction loss', 'KL divergence loss'])z->s ADV loss: {'weight': 0.11, 'lr': 0.05, 'optimizer': 'Adam', 'layers': (30, 30), 'input_dim': 9}, POS Y VEC loss: {'weight': 1200000}, Reconstruction loss: {'weight': 15}, KL divergence loss: {'weight': 0.005}""}",0.6842837273991655,0.7184035476718403,0.7641509433962265,0.0741591439433891,0.0533570475767007,0.0904392050637109,1.1477667886013638,0.0126585951358032,0.1378181314428408,0.0,0.0,0.0,0.0,0.0,0.0,0.0,0.0,0.0
2024-01-06 18:47:37.544472,1,Compas Dataset,Reweighing Bias Mitigation,LogisticRegression,,['sex'],{},0.6912378303198887,0.7181208053691275,0.7697841726618705,0.0299464691920252,0.0069882159495752,0.0325322546531302,1.0528202266483515,0.0047605138492071,0.0514724936463382,0.0,0.0,0.0,0.0,0.0,0.0,0.0,0.0,0.0
2024-01-06 18:47:37.444332,1,Compas Dataset,FairBalance Bias Mitigation,LogisticRegression,,['sex'],{},0.6828929068150209,0.7368421052631579,0.7050359712230215,0.0430255131527525,0.0106878596875855,0.0187050549915397,1.0339100843558282,0.0027371503846518,0.0333478132681645,0.0,0.0,0.0,0.0,0.0,0.0,0.0,0.0,0.0
2024-01-06 18:47:37.333613,1,Compas Dataset,FairMask Bias Mitigation,LogisticRegression,DecisionTreeRegressor,['sex'],{},0.7009735744089013,0.7285067873303167,0.7721822541966427,0.0375118448074135,0.0896478487256782,0.1075243231810491,1.1805308948863638,0.0157342623524792,0.1659642482186491,0.0,0.0,0.0,0.0,0.0,0.0,0.0,0.0,0.0
2024-01-06 18:47:37.262918,1,Compas Dataset,No Bias Mitigation,LogisticRegression,,['sex'],{},0.6995827538247567,0.7180043383947939,0.7937649880095923,0.2162787707653507,0.1907714442312962,0.2559618231810491,1.4297540838068183,0.0374554366770414,0.3575024601175277,0.0,0.0,0.0,0.0,0.0,0.0,0.0,0.0,0.0
2024-01-06 18:47:37.124401,1,Compas Dataset,FYP VAE,LogisticRegression,,['sex'],"{'my model config': ""VAEMaskConfig(epochs=1250, latent_dim=10, mask_values=None vae_layers=(75, 60, 30, 15), lr=0.011, \nlosses_used=['z->s ADV loss', 'POS Y VEC loss', 'Reconstruction loss', 'KL divergence loss'])z->s ADV loss: {'weight': 0.11, 'lr': 0.05, 'optimizer': 'Adam', 'layers': (30, 30), 'input_dim': 9}, POS Y VEC loss: {'weight': 1200000}, Reconstruction loss: {'weight': 15}, KL divergence loss: {'weight': 0.005}""}",0.6842837273991655,0.7149321266968326,0.7577937649880095,0.0370461714774365,0.0222321183885996,0.0314879441624365,1.0516927083333332,0.004607697679322,0.0504009693005783,0.0,0.0,0.0,0.0,0.0,0.0,0.0,0.0,0.0
2024-01-06 00:48:01.551768,3,Compas Dataset,Reweighing Bias Mitigation,LogisticRegression,,['sex'],{},0.6903106165971256,0.6889099271272324,0.7850940675388544,0.0349713794945963,0.0240842917489374,0.0348065112943014,1.056199201086886,0.0052441093235273,0.0538728941665226,3.1379973000326935e-05,0.0001082792863752,0.0001059096228136,0.0001929746235942,0.0002109016658922,0.0006983225203786,0.0017826329391241,1.5382260206350925e-05,0.001612749802368
2024-01-06 00:48:01.517112,3,Compas Dataset,FairBalance Bias Mitigation,LogisticRegression,,['sex'],{},0.6833565136764025,0.7106066849602604,0.7049947576637708,0.0619730690974916,0.0770921569889497,0.0438179947044662,0.9591497694398984,0.006642667435261,0.0828794004345612,3.0090385068806653e-06,8.259349624777189e-05,0.0001445263383994,0.0009712787411281,0.0030433053668603,9.132762679535306e-05,0.0051023943072297,1.9969441031887582e-06,0.0004082811750215
2024-01-06 00:48:01.500454,3,Compas Dataset,FairMask Bias Mitigation,LogisticRegression,DecisionTreeRegressor,['sex'],{},0.6893834028743626,0.6943316818216122,0.7664088069106736,0.0547347623214911,0.0349787163481799,0.092394595738855,1.1579826552245114,0.0140042801423447,0.1465381972784118,3.0090385068806653e-06,7.843731270408689e-05,0.0002424785833863,0.0007752369438369,0.0005618957296167,0.0001884382243495,0.0003798807079595,3.44947474017739e-06,0.0002819616567011
2024-01-06 00:48:01.469739,3,Compas Dataset,No Bias Mitigation,LogisticRegression,,['sex'],{},0.6879925822902179,0.6857289948408333,0.786798451538466,0.193709385509422,0.1280353886731449,0.2187664525454944,1.3749664692181467,0.0332217194978602,0.3181419498193455,3.137997300032752e-05,8.033691836094763e-05,0.0003077011707967,0.0004850168746899,0.0011020525388472,0.0004333812588978,0.0010774750981309,9.803626592777522e-06,0.0005772199791805
2024-01-06 00:48:01.439736,3,Compas Dataset,FYP VAE,LogisticRegression,,['sex'],"{'my model config': ""VAEMaskConfig(epochs=1250, latent_dim=10, mask_values=None vae_layers=(75, 60, 30, 15), lr=0.011, \nlosses_used=['Flipped ADV loss', 'POS Y VEC loss', 'Reconstruction loss', 'KL divergence loss'])Flipped ADV loss: {'weight': 0.01, 'lr': 0.05, 'optimizer': 'Adam', 'layers': (50, 30, 10), 'input_dim': 10, 'sens_col_ids': [7]}, POS Y VEC loss: {'weight': 1200000}, Reconstruction loss: {'weight': 15}, KL divergence loss: {'weight': 0.005}""}",0.6791840519239685,0.676325645654225,0.7870435669019917,0.0581892942385734,0.0243293818297289,0.0889511227710378,1.1445956587904822,0.0135110127585381,0.1349505598606711,1.2036154027522934e-05,4.8706784002088846e-05,0.0004509407531745,0.0001348334535178,0.0001845812689542,7.917421220379719e-05,0.0002635637003539,1.886787856188772e-06,0.0002020458817794
2024-01-06 00:48:01.413096,1,Compas Dataset,Reweighing Bias Mitigation,LogisticRegression,,['sex'],{},0.6981919332406119,0.7036199095022625,0.783375314861461,0.0160121563876257,0.0040939452704158,0.0373543864900596,1.061481299010551,0.005793473782355,0.0596653844935496,0.0,0.0,0.0,0.0,0.0,0.0,0.0,0.0,0.0
2024-01-06 00:48:01.296508,1,Compas Dataset,FairBalance Bias Mitigation,LogisticRegression,,['sex'],{},0.6856745479833102,0.7232375979112271,0.6977329974811083,0.0218559135204942,0.0070387129210658,0.0312928733567812,1.059415553661078,0.0048533641802766,0.0577173915960097,0.0,0.0,0.0,0.0,0.0,0.0,0.0,0.0,0.0
2024-01-06 00:48:01.196149,1,Compas Dataset,FairMask Bias Mitigation,LogisticRegression,DecisionTreeRegressor,['sex'],{},0.6912378303198887,0.706855791962175,0.7531486146095718,0.030579944322122,0.0636357106945342,0.0879917184265011,1.153985507246377,0.0136470642853136,0.1432216092950681,0.0,0.0,0.0,0.0,0.0,0.0,0.0,0.0,0.0
2024-01-06 00:48:01.113089,1,Compas Dataset,No Bias Mitigation,LogisticRegression,,['sex'],{},0.6912378303198887,0.6975169300225733,0.7783375314861462,0.1919079779905812,0.173525820584644,0.2329192546583851,1.407608695652174,0.0361245819317125,0.3418923040905522,0.0,0.0,0.0,0.0,0.0,0.0,0.0,0.0,0.0
2024-01-06 00:48:01.076171,1,Compas Dataset,FYP VAE,LogisticRegression,,['sex'],"{'my model config': ""VAEMaskConfig(epochs=1250, latent_dim=10, mask_values=None vae_layers=(75, 60, 30, 15), lr=0.011, \nlosses_used=['Flipped ADV loss', 'POS Y VEC loss', 'Reconstruction loss', 'KL divergence loss'])Flipped ADV loss: {'weight': 0.01, 'lr': 0.05, 'optimizer': 'Adam', 'layers': (50, 30, 10), 'input_dim': 10, 'sens_col_ids': [7]}, POS Y VEC loss: {'weight': 1200000}, Reconstruction loss: {'weight': 15}, KL divergence loss: {'weight': 0.005}""}",0.674547983310153,0.6856492027334852,0.7581863979848866,0.0570113310413685,0.0428427781368957,0.0963231809224475,1.162685372430064,0.0149392313926969,0.1507323059218489,0.0,0.0,0.0,0.0,0.0,0.0,0.0,0.0,0.0
2024-01-06 00:37:40.491225,1,Compas Dataset,Reweighing Bias Mitigation,LogisticRegression,,['sex'],{},0.6870653685674548,0.681917211328976,0.798469387755102,0.048908886266282,0.0381589299763964,0.065822123547081,1.1050656660412757,0.0097492847622934,0.099904759485742,0.0,0.0,0.0,0.0,0.0,0.0,0.0,0.0,0.0
2024-01-06 00:37:40.336160,1,Compas Dataset,FairBalance Bias Mitigation,LogisticRegression,,['sex'],{},0.6815020862308763,0.7022332506203474,0.7219387755102041,0.0662241017571466,0.1418568056648308,0.0456836881285098,0.9196785304247992,0.006766467876687,0.0837310934529554,0.0,0.0,0.0,0.0,0.0,0.0,0.0,0.0,0.0
2024-01-06 00:37:40.186597,1,Compas Dataset,FairMask Bias Mitigation,LogisticRegression,DecisionTreeRegressor,['sex'],{},0.6898470097357441,0.688195991091314,0.7882653061224489,0.0937428971063904,0.0055861526357199,0.1109703539245134,1.183599827139153,0.016436442981192,0.1685604954972298,0.0,0.0,0.0,0.0,0.0,0.0,0.0,0.0,0.0
2024-01-06 00:37:40.110186,1,Compas Dataset,No Bias Mitigation,LogisticRegression,,['sex'],{},0.6926286509040334,0.6838709677419355,0.8112244897959183,0.2215376125535448,0.1153422501966955,0.2340472770014365,1.387229904926534,0.034666057981163,0.3273088845731175,0.0,0.0,0.0,0.0,0.0,0.0,0.0,0.0,0.0
2024-01-06 00:37:40.064119,1,Compas Dataset,FYP VAE,LogisticRegression,,['sex'],"{'my model config': ""VAEMaskConfig(epochs=1250, latent_dim=10, mask_values=None vae_layers=(75, 60, 30, 15), lr=0.011, \nlosses_used=['Flipped ADV loss', 'POS Y VEC loss', 'Reconstruction loss', 'KL divergence loss'])Flipped ADV loss: {'weight': 0.01, 'lr': 0.05, 'optimizer': 'Adam', 'layers': (50, 30, 10), 'input_dim': 10, 'sens_col_ids': [7]}, POS Y VEC loss: {'weight': 1200000}, Reconstruction loss: {'weight': 15}, KL divergence loss: {'weight': 0.005}""}",0.6828929068150209,0.674468085106383,0.8086734693877551,0.0729631086633447,0.0106215578284815,0.0940969047929998,1.1477948717948716,0.0139372215699056,0.1378425988261342,0.0,0.0,0.0,0.0,0.0,0.0,0.0,0.0,0.0
2024-01-06 00:27:51.941279,1,Compas Dataset,Reweighing Bias Mitigation,LogisticRegression,,['sex'],{},0.6856745479833102,0.6811926605504587,0.7734375,0.0399930958298812,0.03,0.0012430238457635,1.0020506382088303,0.0001895694259334,0.0020485385202763,0.0,0.0,0.0,0.0,0.0,0.0,0.0,0.0,0.0
2024-01-06 00:27:51.772556,1,Compas Dataset,FairBalance Bias Mitigation,LogisticRegression,,['sex'],{},0.6828929068150209,0.7063492063492064,0.6953125,0.0978391920148341,0.0823809523809524,0.0544774226281075,0.8983552242338184,0.0083081702488195,0.1071897162547185,0.0,0.0,0.0,0.0,0.0,0.0,0.0,0.0,0.0
2024-01-06 00:27:51.601733,1,Compas Dataset,FairMask Bias Mitigation,LogisticRegression,DecisionTreeRegressor,['sex'],{},0.6870653685674548,0.6879432624113475,0.7578125,0.0398814455359608,0.0357142857142857,0.0782217148655505,1.1363626312880044,0.0119293331605285,0.1278324870429376,0.0,0.0,0.0,0.0,0.0,0.0,0.0,0.0,0.0
2024-01-06 00:27:51.420604,1,Compas Dataset,No Bias Mitigation,LogisticRegression,,['sex'],{},0.6801112656467315,0.6757990867579908,0.7708333333333334,0.1676825659841401,0.0952380952380952,0.1893328259766615,1.3300608070757325,0.0288745185807053,0.285224660794367,0.0,0.0,0.0,0.0,0.0,0.0,0.0,0.0,0.0
2024-01-06 00:27:51.391982,1,Compas Dataset,FYP VAE,LogisticRegression,,['sex'],"{'my model config': ""VAEMaskConfig(epochs=1250, latent_dim=10, mask_values=None vae_layers=(75, 60, 30, 15), lr=0.011, \nlosses_used=['Flipped ADV loss', 'POS Y VEC loss', 'Reconstruction loss', 'KL divergence loss'])Flipped ADV loss: {'weight': 0.01, 'lr': 0.05, 'optimizer': 'Adam', 'layers': (50, 30, 10), 'input_dim': 10, 'sens_col_ids': [7]}, POS Y VEC loss: {'weight': 1200000}, Reconstruction loss: {'weight': 15}, KL divergence loss: {'weight': 0.005}""}",0.6801112656467315,0.668859649122807,0.7942708333333334,0.0445934430110071,0.0195238095238095,0.0764332825976661,1.1233067321465111,0.011656585313012,0.1162767748340304,0.0,0.0,0.0,0.0,0.0,0.0,0.0,0.0,0.0
2024-01-05 19:16:33.923345,3,Compas Dataset,Reweighing Bias Mitigation,LogisticRegression,,['sex'],{},0.6944830783495597,0.700991909727798,0.7795901833743789,0.0305699666569943,0.0214266762182062,0.0691739098525632,1.115565191032063,0.0105881617117474,0.1087576080878957,0.0003563561317434,6.793734964800293e-05,0.00042316014225,0.0011458178233678,0.0001304587058255,0.0004989399909254,0.0014950544584632,1.2196391803256802e-05,0.0012100294317874
2024-01-05 19:16:33.809677,3,Compas Dataset,FairBalance Bias Mitigation,LogisticRegression,,['sex'],{},0.6903106165971256,0.7253601343040641,0.7073293411527845,0.0429017829102371,0.0252134568595675,0.0505743459324934,1.0955970572181697,0.0077555818201631,0.0901373090813647,0.0002918767351674,6.792468649445407e-05,0.0003627876920124,0.0008717205043902,0.000956128394648,0.0013802616959186,0.0054307566137248,3.295813361239071e-05,0.0044418484250094
2024-01-05 19:16:33.687981,3,Compas Dataset,FairMask Bias Mitigation,LogisticRegression,DecisionTreeRegressor,['sex'],{},0.6935558646267964,0.7061257866348128,0.762704391782946,0.086175654830074,0.051021031098291,0.1243760893195857,1.2173736449254158,0.0190078813166434,0.1966458100915451,0.0001706554696045,1.446305266650224e-05,0.0003278386376614,0.0006426663252961,0.0001302279476248,2.271551828121501e-05,0.0001475306314627,7.488689020892734e-07,0.0001001600862619
2024-01-05 19:16:33.565311,3,Compas Dataset,No Bias Mitigation,LogisticRegression,,['sex'],{},0.6944830783495596,0.6995461396929855,0.7837687725802072,0.2170897206459281,0.1463964455712489,0.2424522781814344,1.423497343240834,0.0370659811217223,0.3526312179890649,0.0001564700023577,6.125603641708714e-05,0.0003916451608786,0.0010949835095216,0.0007914340305413,0.0005960823409464,0.0019744245743349,1.592955654724806e-05,0.0009694401758009
2024-01-05 19:16:33.459726,3,Compas Dataset,FYP VAE,LogisticRegression,,['sex'],"{'my model config': ""VAEMaskConfig(epochs=1250, latent_dim=10, mask_values=None vae_layers=(75, 60, 30, 15), lr=0.011, \nlosses_used=['Sensitive KL loss', 'POS Y VEC loss', 'Reconstruction loss', 'KL divergence loss'])Sensitive KL loss: {'weight': 9000, 'sens_col_ids': [7]}, POS Y VEC loss: {'weight': 1200000}, Reconstruction loss: {'weight': 15}, KL divergence loss: {'weight': 0.005}""}",0.6791840519239685,0.6894831422811208,0.7626599338859897,0.0327107167087718,0.063874174444738,0.0346065095707718,1.0257716267882735,0.0052892449011305,0.056133185820792,0.0001061760730285,4.08504983537016e-06,0.0004492018893248,0.0002659129515434,0.0018856008219107,1.9613015427930336e-05,0.0026403589725279,4.822383321612876e-07,3.770208530598967e-05
2024-01-05 19:16:33.355375,1,Compas Dataset,Reweighing Bias Mitigation,LogisticRegression,,['sex'],{},0.6912378303198887,0.6948775055679287,0.7858942065491183,0.0127042746262163,0.0098717034925159,0.0732890246093048,1.1199647162599236,0.0110491893972659,0.1132971814714086,0.0,0.0,0.0,0.0,0.0,0.0,0.0,0.0,0.0
2024-01-05 19:16:32.732191,1,Compas Dataset,FairBalance Bias Mitigation,LogisticRegression,,['sex'],{},0.6884561891515995,0.7178841309823678,0.7178841309823678,0.0039662581509249,0.0006414825374198,0.0605481279991787,1.11192808519722,0.0091283481732664,0.1060955221518596,0.0,0.0,0.0,0.0,0.0,0.0,0.0,0.0,0.0
2024-01-05 19:16:32.088058,1,Compas Dataset,FairMask Bias Mitigation,LogisticRegression,DecisionTreeRegressor,['sex'],{},0.694019471488178,0.7015945330296127,0.7758186397984886,0.0511601888719988,0.0654312188168211,0.1180297159280453,1.200479459518361,0.0177943790730828,0.1827210265939029,0.0,0.0,0.0,0.0,0.0,0.0,0.0,0.0,0.0
2024-01-05 19:16:31.626562,1,Compas Dataset,No Bias Mitigation,LogisticRegression,,['sex'],{},0.6870653685674548,0.6885964912280702,0.7909319899244333,0.2179152259875873,0.1306486101211689,0.2458492648002258,1.4175874468780647,0.0370646915337907,0.3489564456362333,0.0,0.0,0.0,0.0,0.0,0.0,0.0,0.0,0.0
2024-01-05 19:16:31.452604,1,Compas Dataset,FYP VAE,LogisticRegression,,['sex'],"{'my model config': ""VAEMaskConfig(epochs=1250, latent_dim=10, mask_values=None vae_layers=(75, 60, 30, 15), lr=0.011, \nlosses_used=['Sensitive KL loss', 'POS Y VEC loss', 'Reconstruction loss', 'KL divergence loss'])Sensitive KL loss: {'weight': 9000, 'sens_col_ids': [7]}, POS Y VEC loss: {'weight': 1200000}, Reconstruction loss: {'weight': 15}, KL divergence loss: {'weight': 0.005}""}",0.6842837273991655,0.6872246696035242,0.7858942065491183,0.0174149031397807,0.0325730577334283,0.0370807564987554,1.0593697358149472,0.0055903636831405,0.057674142432099,0.0,0.0,0.0,0.0,0.0,0.0,0.0,0.0,0.0
2024-01-05 19:07:01.265321,1,Compas Dataset,Reweighing Bias Mitigation,LogisticRegression,,['sex'],{},0.6731571627260083,0.6954545454545454,0.7518427518427518,0.0010406296707926,0.0369791312623206,0.0399923896499239,1.0661630468995908,0.0060991061221252,0.0640662661110846,0.0,0.0,0.0,0.0,0.0,0.0,0.0,0.0,0.0
2024-01-05 19:07:01.153639,1,Compas Dataset,FairBalance Bias Mitigation,LogisticRegression,,['sex'],{},0.6703755215577191,0.7213541666666666,0.6805896805896806,0.0493081732190444,0.0688260485351098,0.0009132420091324,0.9982905982905982,0.0001392754966042,0.0017108644036296,0.0,0.0,0.0,0.0,0.0,0.0,0.0,0.0,0.0
2024-01-05 19:07:01.028648,1,Compas Dataset,FairMask Bias Mitigation,LogisticRegression,DecisionTreeRegressor,['sex'],{},0.6773296244784422,0.7058823529411765,0.7371007371007371,0.0970172535659147,0.0375229420161783,0.1295154743784881,1.2285106859124986,0.0197519735531307,0.2058026112827386,0.0,0.0,0.0,0.0,0.0,0.0,0.0,0.0,0.0
2024-01-05 19:07:00.938623,1,Compas Dataset,No Bias Mitigation,LogisticRegression,,['sex'],{},0.6842837273991655,0.7064220183486238,0.7567567567567568,0.1761558109089349,0.1226293249949017,0.2109969558599695,1.3722725746894933,0.0321784428612603,0.3164681791702581,0.0,0.0,0.0,0.0,0.0,0.0,0.0,0.0,0.0
2024-01-05 19:07:00.887788,1,Compas Dataset,FYP VAE,LogisticRegression,,['sex'],"{'my model config': ""VAEMaskConfig(epochs=1250, latent_dim=10, mask_values=None vae_layers=(75, 60, 30, 15), lr=0.011, \nlosses_used=['Sensitive KL loss', 'POS Y VEC loss', 'Reconstruction loss', 'KL divergence loss'])Sensitive KL loss: {'weight': 9000, 'sens_col_ids': [7]}, POS Y VEC loss: {'weight': 1200000}, Reconstruction loss: {'weight': 15}, KL divergence loss: {'weight': 0.005}""}",0.6648122392211405,0.6921296296296297,0.7346437346437347,0.0553051278592454,0.1252804024199578,0.028386605783866,0.9531701192718142,0.0043291466861136,0.0479618820543851,0.0,0.0,0.0,0.0,0.0,0.0,0.0,0.0,0.0
2024-01-05 18:59:30.041771,1,Compas Dataset,Reweighing Bias Mitigation,LogisticRegression,,['sex'],{},0.7190542420027817,0.7126436781609196,0.8010335917312662,0.0779649956739739,0.017429193899782,0.094240315298461,1.160567809936674,0.0146161896158511,0.1489093766811938,0.0,0.0,0.0,0.0,0.0,0.0,0.0,0.0,0.0
2024-01-05 18:59:29.930446,1,Compas Dataset,FairBalance Bias Mitigation,LogisticRegression,,['sex'],{},0.7121001390820584,0.7368421052631579,0.7235142118863049,0.0754309173607419,0.0061728395061728,0.0902616677891691,1.176572488166691,0.0139991217906186,0.1626055406886049,0.0,0.0,0.0,0.0,0.0,0.0,0.0,0.0,0.0
2024-01-05 18:59:29.811493,1,Compas Dataset,FairMask Bias Mitigation,LogisticRegression,DecisionTreeRegressor,['sex'],{},0.7093184979137691,0.7109004739336493,0.7751937984496124,0.1103495220523084,0.0501089324618736,0.1255830776522237,1.2231307893453884,0.0194772913237168,0.2014137923979939,0.0,0.0,0.0,0.0,0.0,0.0,0.0,0.0,0.0
2024-01-05 18:59:29.725711,1,Compas Dataset,No Bias Mitigation,LogisticRegression,,['sex'],{},0.7121001390820584,0.7036199095022625,0.8036175710594315,0.2571981250412622,0.1859114015976761,0.2705106138841079,1.480632008154944,0.0419548089701157,0.3924690291607033,0.0,0.0,0.0,0.0,0.0,0.0,0.0,0.0,0.0
2024-01-05 18:59:29.682344,1,Compas Dataset,FYP VAE,LogisticRegression,,['sex'],"{'my model config': ""VAEMaskConfig(epochs=1250, latent_dim=10, mask_values=None vae_layers=(75, 60, 30, 15), lr=0.011, \nlosses_used=['Sensitive KL loss', 'POS Y VEC loss', 'Reconstruction loss', 'KL divergence loss'])Sensitive KL loss: {'weight': 9000, 'sens_col_ids': [7]}, POS Y VEC loss: {'weight': 1200000}, Reconstruction loss: {'weight': 15}, KL divergence loss: {'weight': 0.005}""}",0.6884561891515995,0.6890951276102089,0.7674418604651163,0.0254121191272893,0.0337690631808279,0.0383521664296939,1.0647750252780588,0.0059482243341374,0.062763532975892,0.0,0.0,0.0,0.0,0.0,0.0,0.0,0.0,0.0
2024-01-05 17:55:18.739502,3,Compas Dataset,Reweighing Bias Mitigation,LogisticRegression,,['sex'],{},0.678720445062587,0.6882838964217733,0.7638681261978476,0.0433586452905727,0.0291415117613546,0.0558057695768045,1.0476133621843102,0.0087401822058788,0.0896317732023785,0.0001250900293574,0.0002285238488877,1.1289978214956449e-05,0.0006669908345809,0.0001979907811787,0.000101310497286,0.006575397241464,2.781056086083942e-06,0.0002111912088704
2024-01-05 17:55:18.709436,3,Compas Dataset,FairBalance Bias Mitigation,LogisticRegression,,['sex'],{},0.6685210941121928,0.7055095197499289,0.6857191946191138,0.0580997246921708,0.0470754022559926,0.045853632406068,0.9872163057463068,0.0072042829794381,0.0868192208138713,5.9750907493774e-05,0.0002354878201483,4.672415355003154e-05,0.0023237245295964,4.413548035851084e-05,0.0006538085976998,0.0088420510342209,1.5761505823532382e-05,0.0025292756563922
2024-01-05 17:55:18.679251,3,Compas Dataset,FairMask Bias Mitigation,LogisticRegression,DecisionTreeRegressor,['sex'],{},0.6782568382012054,0.6938855678994891,0.7462234123245026,0.0569360399001911,0.0418846238351713,0.090138850245263,1.1578390834397132,0.0141751505432711,0.1445412501150945,6.361967128833482e-05,0.0001712662526049,7.49053635311486e-07,0.0015268087049285,7.852455661641947e-06,0.0016466922806457,0.0052306503363294,4.3203210059536266e-05,0.004091787982474
2024-01-05 17:55:18.649374,3,Compas Dataset,No Bias Mitigation,LogisticRegression,,['sex'],{},0.6805748725081132,0.6867423668174614,0.7748098987878903,0.2126415111125268,0.1673854512892258,0.2399374966471703,1.4178583739865227,0.037655322806427,0.3480551762375372,9.843854543938274e-05,0.0002157908893418,4.225883464391615e-06,0.0014749347892733,1.2210729506323142e-05,0.0011691215880336,0.0042955064363113,4.1324398960476966e-05,0.002208784722807
2024-01-05 17:55:18.629295,3,Compas Dataset,FYP VAE,LogisticRegression,,['sex'],"{'my model config': ""VAEMaskConfig(epochs=1250, latent_dim=10, mask_values=None vae_layers=(75, 60, 30, 15), lr=0.011, \nlosses_used=['POS Y VEC loss', 'Reconstruction loss', 'KL divergence loss'])POS Y VEC loss: {'weight': 1200000}, Reconstruction loss: {'weight': 15}, KL divergence loss: {'weight': 0.005}""}",0.6801112656467315,0.6833402418294984,0.7831857724020196,0.0727113373412288,0.027735853710339,0.0830177794630044,1.127007348238518,0.0130751320376843,0.1245050752365766,6.318980864449469e-05,0.0001287882036455,1.097062460136773e-05,0.0007324061313804,0.0001214134526887,0.0027833116796887,0.0098740436795224,7.123895943895734e-05,0.0061683371218087
2024-01-05 17:55:18.598662,1,Compas Dataset,Reweighing Bias Mitigation,LogisticRegression,,['sex'],{},0.694019471488178,0.7073732718894009,0.7675,0.0120725508700146,0.0188951913002637,0.0640334179357021,1.108125,0.0093701459104265,0.1026693978463353,0.0,0.0,0.0,0.0,0.0,0.0,0.0,0.0,0.0
2024-01-05 17:55:18.478856,1,Compas Dataset,FairBalance Bias Mitigation,LogisticRegression,,['sex'],{},0.6759388038942976,0.7226666666666667,0.6775,0.0342662882837744,0.047653455688428,0.021296002538071,1.0411305147058822,0.0031162892365188,0.0403071561313596,0.0,0.0,0.0,0.0,0.0,0.0,0.0,0.0,0.0
2024-01-05 17:55:18.322935,1,Compas Dataset,FairMask Bias Mitigation,LogisticRegression,DecisionTreeRegressor,['sex'],{},0.6884561891515995,0.7095238095238096,0.745,0.0645281919208,0.03894649373171,0.1162357233502537,1.2062922297297296,0.017009020022787,0.1875513821606208,0.0,0.0,0.0,0.0,0.0,0.0,0.0,0.0,0.0
2024-01-05 17:55:18.220386,1,Compas Dataset,No Bias Mitigation,LogisticRegression,,['sex'],{},0.694019471488178,0.7054794520547946,0.7725,0.2160695344733785,0.1625419993496875,0.2568607233502538,1.4558699324324325,0.0375869746460564,0.3756036136635606,0.0,0.0,0.0,0.0,0.0,0.0,0.0,0.0,0.0
2024-01-05 17:55:18.165635,1,Compas Dataset,FYP VAE,LogisticRegression,,['sex'],"{'my model config': ""VAEMaskConfig(epochs=1250, latent_dim=10, mask_values=None vae_layers=(75, 60, 30, 15), lr=0.011, \nlosses_used=['POS Y VEC loss', 'Reconstruction loss', 'KL divergence loss'])POS Y VEC loss: {'weight': 1200000}, Reconstruction loss: {'weight': 15}, KL divergence loss: {'weight': 0.005}""}",0.6898470097357441,0.695364238410596,0.7875,0.0667408061307768,0.0420896708696123,0.1174254441624365,1.1927734375,0.0171831143935422,0.1762812151895812,0.0,0.0,0.0,0.0,0.0,0.0,0.0,0.0,0.0
2024-01-05 17:49:01.783084,1,Compas Dataset,Reweighing Bias Mitigation,LogisticRegression,,['sex'],{},0.6675938803894298,0.6704035874439462,0.7647058823529411,0.0426808017836655,0.0194915254237287,0.0617515228134696,1.101718980727727,0.0103934339340878,0.0968716697965075,0.0,0.0,0.0,0.0,0.0,0.0,0.0,0.0,0.0
2024-01-05 17:49:01.672907,1,Compas Dataset,FairBalance Bias Mitigation,LogisticRegression,,['sex'],{},0.6578581363004172,0.6854219948849105,0.6854219948849105,0.0147031327791847,0.0386652542372881,0.0351453855878634,1.0655351249410654,0.0059153398418836,0.0634771377016489,0.0,0.0,0.0,0.0,0.0,0.0,0.0,0.0,0.0
2024-01-05 17:49:01.550013,1,Compas Dataset,FairMask Bias Mitigation,LogisticRegression,DecisionTreeRegressor,['sex'],{},0.6689847009735744,0.6774941995359629,0.7468030690537084,0.1005423106478775,0.045656779661017,0.1213538673715663,1.2116201699535032,0.0204251384533842,0.1919584474023885,0.0,0.0,0.0,0.0,0.0,0.0,0.0,0.0,0.0
2024-01-05 17:49:01.472433,1,Compas Dataset,No Bias Mitigation,LogisticRegression,,['sex'],{},0.6703755215577191,0.6696035242290749,0.7774936061381074,0.2578698968547741,0.170656779661017,0.2707045167222157,1.4720618887285553,0.0455624312085437,0.3866640633960647,0.0,0.0,0.0,0.0,0.0,0.0,0.0,0.0,0.0
2024-01-05 17:49:01.431038,1,Compas Dataset,FYP VAE,LogisticRegression,,['sex'],"{'my model config': ""VAEMaskConfig(epochs=1250, latent_dim=10, mask_values=None vae_layers=(75, 60, 30, 15), lr=0.011, \nlosses_used=['POS Y VEC loss', 'Reconstruction loss', 'KL divergence loss'])POS Y VEC loss: {'weight': 1200000}, Reconstruction loss: {'weight': 15}, KL divergence loss: {'weight': 0.005}""}",0.6703755215577191,0.6681222707423581,0.782608695652174,0.1084360862177198,0.0258121468926554,0.1231467647396851,1.2016751364577452,0.02072690202936,0.1837165304137926,0.0,0.0,0.0,0.0,0.0,0.0,0.0,0.0,0.0
2024-01-05 17:44:24.310920,1,Compas Dataset,Reweighing Bias Mitigation,LogisticRegression,,['sex'],{},0.674547983310153,0.6870748299319728,0.7593984962406015,0.075322583218038,0.0490378185600713,0.0416323679812417,0.9329961058252038,0.0064569667731221,0.0693542519642927,0.0,0.0,0.0,0.0,0.0,0.0,0.0,0.0,0.0
2024-01-05 17:44:24.200466,1,Compas Dataset,FairBalance Bias Mitigation,LogisticRegression,,['sex'],{},0.6717663421418637,0.7084398976982097,0.6942355889724311,0.1253297530135533,0.0549074968422615,0.0811195090922697,0.8549832775919732,0.012581219859912,0.1566733686086054,0.0,0.0,0.0,0.0,0.0,0.0,0.0,0.0,0.0
2024-01-05 17:44:24.074093,1,Compas Dataset,FairMask Bias Mitigation,LogisticRegression,DecisionTreeRegressor,['sex'],{},0.6773296244784422,0.6946386946386947,0.7468671679197995,0.0057376171318958,0.0410505981127869,0.0328269600139689,1.0556048506359066,0.0050912931536421,0.0541139207822744,0.0,0.0,0.0,0.0,0.0,0.0,0.0,0.0,0.0
2024-01-05 17:44:23.985860,1,Compas Dataset,No Bias Mitigation,LogisticRegression,,['sex'],{},0.6773296244784422,0.6851441241685144,0.7744360902255639,0.1639851020094279,0.1689575748569729,0.1922472498690414,1.3256433007985804,0.0298165625646809,0.2818978516529863,0.0,0.0,0.0,0.0,0.0,0.0,0.0,0.0,0.0
2024-01-05 17:44:23.948296,1,Compas Dataset,FYP VAE,LogisticRegression,,['sex'],"{'my model config': ""VAEMaskConfig(epochs=1250, latent_dim=10, mask_values=None vae_layers=(75, 60, 30, 15), lr=0.011, \nlosses_used=['POS Y VEC loss', 'Reconstruction loss', 'KL divergence loss'])POS Y VEC loss: {'weight': 1200000}, Reconstruction loss: {'weight': 15}, KL divergence loss: {'weight': 0.005}""}",0.6801112656467315,0.6865342163355408,0.7794486215538847,0.0429571196751898,0.0153057433687494,0.0084811294868917,0.986573470757809,0.0013153796901507,0.0135174801063561,0.0,0.0,0.0,0.0,0.0,0.0,0.0,0.0,0.0
2024-01-05 16:54:50.507922,3,Compas Dataset,Reweighing Bias Mitigation,LogisticRegression,,['sex'],{},0.683820120537784,0.6758216549883217,0.7784533730803834,0.0611968251848682,0.0287666345848438,0.0698275640969225,1.120676010093936,0.0105752658324322,0.1082542363332225,1.848409368512436e-05,6.62687559653972e-05,0.0001334713426037,0.0046817010567962,2.215310854494333e-05,0.0047373274004053,0.0147168811618305,0.0001056290535832,0.0111728569750655
2024-01-05 16:54:50.487913,3,Compas Dataset,FairBalance Bias Mitigation,LogisticRegression,,['sex'],{},0.6759388038942976,0.6967882483606612,0.6911419314871061,0.0497462451899078,0.0261725707173782,0.0391739885881021,1.0781101158020856,0.0058992199927396,0.0719351263523204,9.413991900098256e-05,0.0002695911567958,8.642170497961061e-05,0.000827414068054,2.5900128558802244e-05,0.0019291689347151,0.0078701824662516,4.3142680500641786e-05,0.0064373545548336
2024-01-05 16:54:50.477919,3,Compas Dataset,FairMask Bias Mitigation,LogisticRegression,DecisionTreeRegressor,['sex'],{},0.674547983310153,0.6739415360497764,0.750399585418764,0.1189100844662061,0.0581675657557146,0.1404491641644419,1.251916387971318,0.0212472507597285,0.2194755979282407,7.35065120966578e-05,0.0001172933632956,0.0001975581161207,0.0063320620792217,0.0002894760748949,0.0045979779122977,0.0166770071664874,0.0001045322224536,0.0102783296927229
2024-01-05 16:54:50.457874,3,Compas Dataset,No Bias Mitigation,LogisticRegression,,['sex'],{},0.6736207695873899,0.6669496924057364,0.7704350368419096,0.2458503035728528,0.1498861135718234,0.2610446836961317,1.4640220535961284,0.03938401542863,0.3795389717305368,0.0002738225041261,0.000322593152769,0.0004149492808479,0.002122845749898,0.0003682234122556,0.0015856488202665,0.0071926935194403,4.0124504436782754e-05,0.003267546547107
2024-01-05 16:54:50.448762,3,Compas Dataset,FYP VAE,LogisticRegression,,['sex'],"{'my model config': ""VAEMaskConfig(epochs=1250, latent_dim=10, mask_values=None vae_layers=(75, 60, 30, 15), lr=0.011, \nlosses_used=['Reconstruction loss', 'KL divergence loss'])Reconstruction loss: {'weight': 15}, KL divergence loss: {'weight': 0.005}""}",0.6764024107556792,0.6659812094746593,0.7833981230155603,0.1119059100561348,0.045538058747735,0.1322599895312941,1.221648380688951,0.0201491666360389,0.1951782259628487,0.0002273973385914,0.0002200742803373,0.0004244988809329,0.0057025071470929,0.0006533152917263,0.0050183751262749,0.0145584437590032,0.0001172808439971,0.0101921379651233
2024-01-05 16:54:50.431701,1,Compas Dataset,Reweighing Bias Mitigation,LogisticRegression,,['sex'],{},0.6801112656467315,0.6644144144144144,0.7845744680851063,0.0239915827408146,0.0346339717200644,0.0018469445113626,1.002992453812126,0.0002669447018247,0.0029879853344729,0.0,0.0,0.0,0.0,0.0,0.0,0.0,0.0,0.0
2024-01-05 16:54:50.328663,1,Compas Dataset,FairBalance Bias Mitigation,LogisticRegression,,['sex'],{},0.6634214186369958,0.6735751295336787,0.6914893617021277,0.0223343685998154,0.0196885627349203,0.0034262159051365,1.00638913846461,0.0004952017657037,0.0063688144421771,0.0,0.0,0.0,0.0,0.0,0.0,0.0,0.0,0.0
2024-01-05 16:54:50.207973,1,Compas Dataset,FairMask Bias Mitigation,LogisticRegression,DecisionTreeRegressor,['sex'],{},0.6634214186369958,0.6587677725118484,0.7393617021276596,0.040903547380983,0.0553069625917308,0.0678149843411226,1.117930456640134,0.00980151307352,0.1114791694351694,0.0,0.0,0.0,0.0,0.0,0.0,0.0,0.0,0.0
2024-01-05 16:54:50.125959,1,Compas Dataset,No Bias Mitigation,LogisticRegression,,['sex'],{},0.650904033379694,0.6417233560090703,0.7526595744680851,0.2093027157801514,0.1228745301592983,0.2186086351347733,1.3801610575804124,0.0315961939101789,0.322200200750822,0.0,0.0,0.0,0.0,0.0,0.0,0.0,0.0,0.0
2024-01-05 16:54:50.092603,1,Compas Dataset,FYP VAE,LogisticRegression,,['sex'],"{'my model config': ""VAEMaskConfig(epochs=1250, latent_dim=10, mask_values=None vae_layers=(75, 60, 30, 15), lr=0.011, \nlosses_used=['Reconstruction loss', 'KL divergence loss'])Reconstruction loss: {'weight': 15}, KL divergence loss: {'weight': 0.005}""}",0.655076495132128,0.6454545454545455,0.7553191489361702,0.0132724276234893,0.0186146411311974,0.0374608528065526,1.0618782331874257,0.005414334930488,0.0600392582304074,0.0,0.0,0.0,0.0,0.0,0.0,0.0,0.0,0.0
2024-01-05 16:52:48.721493,1,Compas Dataset,Reweighing Bias Mitigation,LogisticRegression,,['sex'],{},0.6815020862308763,0.6828703703703703,0.7622739018087855,0.1571582147282931,0.0231107556977209,0.1641500180682463,1.2876300316598823,0.02460340335151,0.252803343920042,0.0,0.0,0.0,0.0,0.0,0.0,0.0,0.0,0.0
2024-01-05 16:52:48.601177,1,Compas Dataset,FairBalance Bias Mitigation,LogisticRegression,,['sex'],{},0.6773296244784422,0.7088948787061995,0.6795865633074936,0.0894822212958788,0.0267093162734906,0.1010402147540137,1.2031185139061853,0.0151442758738086,0.1849169474404654,0.0,0.0,0.0,0.0,0.0,0.0,0.0,0.0,0.0
2024-01-05 16:52:48.469663,1,Compas Dataset,FairMask Bias Mitigation,LogisticRegression,DecisionTreeRegressor,['sex'],{},0.6759388038942976,0.6833333333333333,0.7416020671834626,0.2281581268201939,0.0802878848460616,0.2309896236642403,1.426386506575186,0.0346215671975255,0.3551443277458199,0.0,0.0,0.0,0.0,0.0,0.0,0.0,0.0,0.0
2024-01-05 16:52:48.368786,1,Compas Dataset,No Bias Mitigation,LogisticRegression,,['sex'],{},0.6801112656467315,0.6821345707656613,0.7596899224806202,0.3108410536494622,0.1656537385045982,0.3143229569975737,1.5802125023823137,0.0471118711082654,0.4575593331738894,0.0,0.0,0.0,0.0,0.0,0.0,0.0,0.0,0.0
2024-01-05 16:52:48.330698,1,Compas Dataset,FYP VAE,LogisticRegression,,['sex'],"{'my model config': ""VAEMaskConfig(epochs=1250, latent_dim=10, mask_values=None vae_layers=(75, 60, 30, 15), lr=0.011, \nlosses_used=['Reconstruction loss', 'KL divergence loss'])Reconstruction loss: {'weight': 15}, KL divergence loss: {'weight': 0.005}""}",0.6870653685674548,0.68,0.7906976744186046,0.1966816110435258,0.0798880447820871,0.2077203035465386,1.353425559947299,0.0311338766367288,0.3026388303678892,0.0,0.0,0.0,0.0,0.0,0.0,0.0,0.0,0.0
2024-01-05 16:50:21.039929,1,Compas Dataset,Reweighing Bias Mitigation,LogisticRegression,,['sex'],{},0.6898470097357441,0.6801801801801802,0.7885117493472585,0.0024406780854968,0.0285551763367462,0.0434857297111586,1.0714055448098,0.0068554494439619,0.0689713797451524,0.0,0.0,0.0,0.0,0.0,0.0,0.0,0.0,0.0
2024-01-05 16:50:20.903166,1,Compas Dataset,FairBalance Bias Mitigation,LogisticRegression,,['sex'],{},0.6870653685674548,0.7078947368421052,0.7023498694516971,0.0374221456740291,0.0321198331437239,0.013055535105156,1.024822695035461,0.0020581823387064,0.0245196171743186,0.0,0.0,0.0,0.0,0.0,0.0,0.0,0.0,0.0
2024-01-05 16:50:20.743920,1,Compas Dataset,FairMask Bias Mitigation,LogisticRegression,DecisionTreeRegressor,['sex'],{},0.6842837273991655,0.6797235023041475,0.7702349869451697,0.0876685791974415,0.0389078498293515,0.1225428844879629,1.2114322006986344,0.0193186720081398,0.1918032966037327,0.0,0.0,0.0,0.0,0.0,0.0,0.0,0.0,0.0
2024-01-05 16:50:20.616700,1,Compas Dataset,No Bias Mitigation,LogisticRegression,,['sex'],{},0.6898470097357441,0.6769911504424779,0.7989556135770235,0.2174071412889447,0.1611300720515738,0.250202458956048,1.431692600825659,0.0394439812674457,0.3588573812668989,0.0,0.0,0.0,0.0,0.0,0.0,0.0,0.0,0.0
2024-01-05 16:50:20.584349,1,Compas Dataset,FYP VAE,LogisticRegression,,['sex'],"{'my model config': ""VAEMaskConfig(epochs=1250, latent_dim=10, mask_values=None vae_layers=(75, 60, 30, 15), lr=0.011, \nlosses_used=['Reconstruction loss', 'KL divergence loss'])Reconstruction loss: {'weight': 15}, KL divergence loss: {'weight': 0.005}""}",0.6870653685674548,0.6724890829694323,0.804177545691906,0.1257636915013895,0.0381114903299204,0.1515988122407912,1.2496413489321292,0.0238992883409,0.2228565892902496,0.0,0.0,0.0,0.0,0.0,0.0,0.0,0.0,0.0
