time,reps,data,bias mitigation,ML method,bias mit ML method,sensitive attrs,other,accuracy,precision,recall,sex|[AOD] Average Odds Difference,race|[AOD] Average Odds Difference,sex|[EOD] Equal Opportunity Difference,race|[EOD] Equal Opportunity Difference,sex|[SPD] Statistical Parity Difference,race|[SPD] Statistical Parity Difference,sex|[DI] Disparate Impact,race|[DI] Disparate Impact,[SF] Statistical Parity Subgroup Fairness,[DF] Differential Fairness,VAR|accuracy,VAR|precision,VAR|recall,VAR|sex|[AOD] Average Odds Difference,VAR|race|[AOD] Average Odds Difference,VAR|sex|[EOD] Equal Opportunity Difference,VAR|race|[EOD] Equal Opportunity Difference,VAR|sex|[SPD] Statistical Parity Difference,VAR|race|[SPD] Statistical Parity Difference,VAR|sex|[DI] Disparate Impact,VAR|race|[DI] Disparate Impact,VAR|[SF] Statistical Parity Subgroup Fairness,VAR|[DF] Differential Fairness
2024-01-04 17:40:54.602875,1,Compas Dataset,Reweighing Bias Mitigation,LogisticRegression,,"['sex', 'race']",{},0.6856745479833102,0.6924778761061947,0.7825,0.009386850795206625,0.01684351818722879,0.06347067128738293,0.019335142469470767,0.02230681894076003,0.022377647079602325,1.035767830370529,0.9652400548696843,0.011526981725894165,0.12578924165724326,0.0,0.0,0.0,0.0,0.0,0.0,0.0,0.0,0.0,0.0,0.0,0.0,0.0
2024-01-04 17:40:54.552056,1,Compas Dataset,FairBalance Bias Mitigation,LogisticRegression,,"['sex', 'race']",{},0.6801112656467315,0.7135678391959799,0.71,0.0409538686829792,0.0289565414161572,0.067513797972019,0.0420624151967435,0.0009684098043143,0.0252477083664495,0.9982512211300733,1.0470617283950618,0.003862960648869,0.0608586641791707,0.0,0.0,0.0,0.0,0.0,0.0,0.0,0.0,0.0,0.0,0.0,0.0,0.0
2024-01-04 17:40:54.510933,1,Compas Dataset,FairMask Bias Mitigation,LogisticRegression,DecisionTreeRegressor,"['sex', 'race']",{},0.6801112656467315,0.6888888888888889,0.775,0.0634312901833117,0.1579577853718549,0.0019252984212552,0.1322930800542741,0.0899174068879538,0.1598315053250675,1.1484435297144326,0.782217890405025,0.0364553612361473,0.3478321984111518,0.0,0.0,0.0,0.0,0.0,0.0,0.0,0.0,0.0,0.0,0.0,0.0,0.0
2024-01-04 17:40:54.468364,1,Compas Dataset,No Bias Mitigation,LogisticRegression,,"['sex', 'race']",{},0.6898470097357441,0.6886993603411514,0.8075,0.1857151608499317,0.1457378330603154,0.1335515338210756,0.1063998190863863,0.2159331240677664,0.1461346897684522,1.3575391193763018,0.8054320987654322,0.0506788713268505,0.4449959468647997,0.0,0.0,0.0,0.0,0.0,0.0,0.0,0.0,0.0,0.0,0.0,0.0,0.0
2024-01-04 17:40:54.436357,1,Compas Dataset,FYP VAE,LogisticRegression,,"['sex', 'race']","{'my model config': ""VAEMaskConfig(epochs=1000, latent_dim=30, vae_layers=(75, 60, 30, 15), lr=0.011, losses_used=['z->s ADV loss', 'POS Y VEC loss', 'Reconstruction loss', 'KL divergence loss'])z->s ADV loss: {'weight': 0.1, 'lr': 0.05, 'optimizer': 'Adam', 'layers': (30, 30), 'input_dim': 28}, POS Y VEC loss: {'weight': 1200000}, Reconstruction loss: {'weight': 15}, KL divergence loss: {'weight': 0.005}""}",0.3198887343532684,0.3357933579335793,0.2275,0.0108522654344756,0.0186526543247231,0.088371197535618,0.0229534147444595,0.0134686880829937,0.0242586410922128,0.9645493964607994,1.0672888496962571,0.0099233791330487,0.1605007653415377,0.0,0.0,0.0,0.0,0.0,0.0,0.0,0.0,0.0,0.0,0.0,0.0,0.0
2024-01-04 17:29:29.662789,1,Compas Dataset,Reweighing Bias Mitigation,LogisticRegression,,"['sex', 'race']",{},0.6634214186369958,0.6748878923766816,0.7562814070351759,0.0231372094292262,0.0129813156428847,0.043048128342246,0.050268186841325,0.0160859812022603,0.0063463360027555,0.974176638176638,0.9898375665315352,0.008118600822886,0.2811673914305873,0.0,0.0,0.0,0.0,0.0,0.0,0.0,0.0,0.0,0.0,0.0,0.0,0.0
2024-01-04 17:29:29.631373,1,Compas Dataset,FairBalance Bias Mitigation,LogisticRegression,,"['sex', 'race']",{},0.6592489568845619,0.7018469656992085,0.6683417085427136,0.0544820200807595,0.0453454365560676,0.0788770053475935,0.0491630953343575,0.0477042337507453,0.0194695599758891,0.910813823857302,1.0378574777308955,0.0098537413847466,0.4672168183385563,0.0,0.0,0.0,0.0,0.0,0.0,0.0,0.0,0.0,0.0,0.0,0.0,0.0
2024-01-04 17:29:29.600298,1,Compas Dataset,FairMask Bias Mitigation,LogisticRegression,DecisionTreeRegressor,"['sex', 'race']",{},0.6731571627260083,0.6882217090069284,0.7487437185929648,0.0352629688238931,0.1638261547307799,0.0369875222816399,0.154874531683782,0.0463412556435812,0.1885559287005942,1.0779257985961896,0.740470772294126,0.0432315010223208,0.3340235159437201,0.0,0.0,0.0,0.0,0.0,0.0,0.0,0.0,0.0,0.0,0.0,0.0,0.0
2024-01-04 17:29:29.567634,1,Compas Dataset,No Bias Mitigation,LogisticRegression,,"['sex', 'race']",{},0.6578581363004172,0.6704035874439462,0.7512562814070352,0.2214476699770817,0.1211270641851522,0.1403743315508021,0.107948572814749,0.2187011954453814,0.1425557564798071,1.374028749028749,0.80042194092827,0.0532148459941852,0.4457275055237214,0.0,0.0,0.0,0.0,0.0,0.0,0.0,0.0,0.0,0.0,0.0,0.0,0.0
2024-01-04 17:29:29.531659,1,Compas Dataset,FYP VAE,LogisticRegression,,"['sex', 'race']","{'my model config': ""VAEMaskConfig(epochs=50, latent_dim=10, vae_layers=(75, 60, 30, 15), lr=0.011, losses_used=['z->s ADV loss', 'POS Y VEC loss', 'Reconstruction loss', 'KL divergence loss'])z->s ADV loss: {'weight': 0.1, 'lr': 0.05, 'optimizer': 'Adam', 'layers': (30, 30), 'input_dim': 8}, POS Y VEC loss: {'weight': 1200000}, Reconstruction loss: {'weight': 15}, KL divergence loss: {'weight': 0.005}""}",0.3477051460361613,0.3812709030100334,0.2864321608040201,0.1357588489941431,0.019519313270981,0.0971479500891265,0.0141775154308509,0.1393929068347673,0.0054766210281581,0.6821419321419322,1.0132848727910766,0.0193399502090099,0.602815967840808,0.0,0.0,0.0,0.0,0.0,0.0,0.0,0.0,0.0,0.0,0.0,0.0,0.0
2024-01-04 17:28:59.577578,1,Adult Dataset,Reweighing Bias Mitigation,LogisticRegression,,"['sex', 'race']",{},0.8474055879643844,0.7326732673267327,0.5699614890885751,0.060231268266339,0.035732501099405,0.1303648781524887,0.0752682403433475,0.0914489908903316,0.0333146424432731,0.577048417132216,0.8255695607922963,0.0205341246067019,0.5756872769992029,0.0,0.0,0.0,0.0,0.0,0.0,0.0,0.0,0.0,0.0,0.0,0.0,0.0
2024-01-04 17:28:59.486405,1,Adult Dataset,FairBalance Bias Mitigation,LogisticRegression,,"['sex', 'race']",{},0.8173165489714461,0.5840950639853748,0.8202824133504493,0.0086097177822871,0.0074705556602608,0.0549443248558293,0.0470493562231759,0.1788545481377599,0.0728077455048409,0.547053969159246,0.7899776571975743,0.0399456111109592,0.6934205265903852,0.0,0.0,0.0,0.0,0.0,0.0,0.0,0.0,0.0,0.0,0.0,0.0,0.0
2024-01-04 17:28:59.401785,1,Adult Dataset,FairMask Bias Mitigation,LogisticRegression,DecisionTreeRegressor,"['sex', 'race']",{},0.8517040221062327,0.7276923076923076,0.6071887034659821,0.0661383411489929,0.0144317817434941,0.0580934917218103,0.0059191702432046,0.175507199273888,0.0735209898695375,0.3182700782653068,0.6506494060137555,0.0393069451319465,1.3996949897996385,0.0,0.0,0.0,0.0,0.0,0.0,0.0,0.0,0.0,0.0,0.0,0.0,0.0
2024-01-04 17:28:59.331283,1,Adult Dataset,No Bias Mitigation,LogisticRegression,,"['sex', 'race']",{},0.8504758980657047,0.7267080745341615,0.6007702182284981,0.0792813565475774,0.0513794494742047,0.0816391612851789,0.0565808297567953,0.1797046075523492,0.0932742701207431,0.3007216429825697,0.5590526412520234,0.0419246743675486,1.650613221561891,0.0,0.0,0.0,0.0,0.0,0.0,0.0,0.0,0.0,0.0,0.0,0.0,0.0
2024-01-04 17:28:59.233661,1,Adult Dataset,FYP VAE,LogisticRegression,,"['sex', 'race']","{'my model config': ""VAEMaskConfig(epochs=50, latent_dim=30, vae_layers=(75, 60, 30, 15), lr=0.011, losses_used=['z->s ADV loss', 'POS Y VEC loss', 'Reconstruction loss', 'KL divergence loss'])z->s ADV loss: {'weight': 0.1, 'lr': 0.05, 'optimizer': 'Adam', 'layers': (30, 30), 'input_dim': 28}, POS Y VEC loss: {'weight': 1200000}, Reconstruction loss: {'weight': 15}, KL divergence loss: {'weight': 0.005}""}",0.2391771568928462,0.2391771568928462,1.0,0.0,0.0,0.0,0.0,0.0,0.0,1.0,1.0,0.0,0.0,0.0,0.0,0.0,0.0,0.0,0.0,0.0,0.0,0.0,0.0,0.0,0.0,0.0
2024-01-04 17:26:28.575469,1,Compas Dataset,Reweighing Bias Mitigation,LogisticRegression,,"['sex', 'race']",{},0.6606397774687065,0.6513761467889908,0.7553191489361702,0.0091484534634535,0.0643737145955812,0.0006415396952687,0.0084745762711864,0.052672534762087,0.076042643923241,1.0882906384980542,0.8840813354828643,0.0268182706238961,0.2166294680018188,0.0,0.0,0.0,0.0,0.0,0.0,0.0,0.0,0.0,0.0,0.0,0.0,0.0
2024-01-04 17:26:28.547989,1,Compas Dataset,FairBalance Bias Mitigation,LogisticRegression,,"['sex', 'race']",{},0.6495132127955494,0.6684782608695652,0.6542553191489362,0.0104256713287029,0.0131592819779333,0.0190858059342421,0.0523002421307505,0.0313305268529149,0.0248017057569296,1.0619201290843083,0.9530270724300576,0.0133336944179541,0.207114535721541,0.0,0.0,0.0,0.0,0.0,0.0,0.0,0.0,0.0,0.0,0.0,0.0,0.0
2024-01-04 17:26:28.518562,1,Compas Dataset,FairMask Bias Mitigation,LogisticRegression,DecisionTreeRegressor,"['sex', 'race']",{},0.6578581363004172,0.6490825688073395,0.7526595744680851,0.0802382780820862,0.2500681848885092,0.0493183640737769,0.1664648910411621,0.1168771526980482,0.2600085287846482,1.199921445404556,0.6649374629063812,0.0629796058116569,0.4813589721940339,0.0,0.0,0.0,0.0,0.0,0.0,0.0,0.0,0.0,0.0,0.0,0.0,0.0
2024-01-04 17:26:28.491648,1,Compas Dataset,No Bias Mitigation,LogisticRegression,,"['sex', 'race']",{},0.6689847009735744,0.6547085201793722,0.776595744680851,0.1793152719068136,0.2154717109470874,0.1539695268644747,0.1283292978208232,0.2190202831993876,0.2264221748400853,1.377955355963545,0.705179459843639,0.0704850075731051,0.504889469604228,0.0,0.0,0.0,0.0,0.0,0.0,0.0,0.0,0.0,0.0,0.0,0.0,0.0
2024-01-04 17:26:28.432010,1,Compas Dataset,FYP VAE,LogisticRegression,,"['sex', 'race']","{'my model config': ""VAEMaskConfig(epochs=50, latent_dim=10, vae_layers=(75, 60, 30, 15), lr=0.011, losses_used=['Flipped ADV loss', 'Sensitive KL loss', 'Reconstruction loss', 'KL divergence loss'])Flipped ADV loss: {'weight': 0.01, 'lr': 0.05, 'optimizer': 'Adam', 'layers': (50, 30, 10), 'input_dim': 10, 'sens_col_ids': [7, 8]}, Sensitive KL loss: {'weight': 10000, 'sens_col_ids': [7, 8]}, Reconstruction loss: {'weight': 15}, KL divergence loss: {'weight': 0.005}""}",0.3574408901251738,0.2932692307692308,0.1622340425531915,0.0442504949732465,0.1003757372328696,0.0746591820368885,0.0650121065375302,0.0895649955351448,0.1123582089552238,0.7072875844242473,1.5201768933112216,0.0358208839738394,0.5881087779665889,0.0,0.0,0.0,0.0,0.0,0.0,0.0,0.0,0.0,0.0,0.0,0.0,0.0
2024-01-04 17:26:06.992133,1,Adult Dataset,Reweighing Bias Mitigation,LogisticRegression,,"['sex', 'race']",{},0.8504758980657047,0.7387543252595156,0.5596330275229358,0.084045638364091,0.0455023120912157,0.1863400725764644,0.0698742847596374,0.0776351658337119,0.0295741710798986,0.6168721973094171,0.8375486650461453,0.0167765062171187,0.6086422605112919,0.0,0.0,0.0,0.0,0.0,0.0,0.0,0.0,0.0,0.0,0.0,0.0,0.0
2024-01-04 17:26:06.972076,1,Adult Dataset,FairBalance Bias Mitigation,LogisticRegression,,"['sex', 'race']",{},0.8145532698802579,0.5742296918767507,0.8060288335517694,0.0210597901040746,0.0069230600424959,0.0521772939346811,0.025748653050996,0.1811117191910013,0.0657588360580244,0.532676560446197,0.8060361020024832,0.0414165696255739,0.6763036248675429,0.0,0.0,0.0,0.0,0.0,0.0,0.0,0.0,0.0,0.0,0.0,0.0,0.0
2024-01-04 17:26:06.875516,1,Adult Dataset,FairMask Bias Mitigation,LogisticRegression,DecisionTreeRegressor,"['sex', 'race']",{},0.8529321461467608,0.7253968253968254,0.598951507208388,0.0986506495808059,0.029629165328675,0.1273068947641265,0.0530217600133651,0.1699249136067627,0.0742487911581855,0.3162619106974683,0.6377080261217611,0.0378539918131976,1.666733671450454,0.0,0.0,0.0,0.0,0.0,0.0,0.0,0.0,0.0,0.0,0.0,0.0,0.0
2024-01-04 17:26:06.849249,1,Adult Dataset,No Bias Mitigation,LogisticRegression,,"['sex', 'race']",{},0.854467301197421,0.7312,0.598951507208388,0.1019902999147734,0.0512967860961936,0.1371954380508035,0.0848891116401453,0.1690545275563449,0.0888369214828459,0.3147531949327529,0.568057936535703,0.0396711025750352,1.672825060843856,0.0,0.0,0.0,0.0,0.0,0.0,0.0,0.0,0.0,0.0,0.0,0.0,0.0
2024-01-04 17:26:06.808656,1,Adult Dataset,FYP VAE,LogisticRegression,,"['sex', 'race']","{'my model config': ""VAEMaskConfig(epochs=50, latent_dim=30, vae_layers=(75, 60, 30, 15), lr=0.011, losses_used=['Flipped ADV loss', 'Sensitive KL loss', 'Reconstruction loss', 'KL divergence loss'])Flipped ADV loss: {'weight': 0.01, 'lr': 0.05, 'optimizer': 'Adam', 'layers': (50, 30, 10), 'input_dim': 44, 'sens_col_ids': [43, 42]}, Sensitive KL loss: {'weight': 10000, 'sens_col_ids': [43, 42]}, Reconstruction loss: {'weight': 15}, KL divergence loss: {'weight': 0.005}""}",0.2342646607307338,0.2342646607307338,1.0,0.0,0.0,0.0,0.0,0.0,0.0,1.0,1.0,0.0,0.0,0.0,0.0,0.0,0.0,0.0,0.0,0.0,0.0,0.0,0.0,0.0,0.0,0.0
2024-01-04 17:13:51.214463,1,Compas Dataset,Reweighing Bias Mitigation,LogisticRegression,,"['sex', 'race']",{},0.6592489568845619,0.6764705882352942,0.7095115681233933,0.0373603559070687,0.0080905377251642,0.0275778546712802,0.0818129661503155,0.0832454598711188,0.0015191235958957,1.1513312034078806,0.9973276730904316,0.0181715835430525,0.3127157491655133,0.0,0.0,0.0,0.0,0.0,0.0,0.0,0.0,0.0,0.0,0.0,0.0,0.0
2024-01-04 17:13:51.173887,1,Compas Dataset,FairBalance Bias Mitigation,LogisticRegression,,"['sex', 'race']",{},0.650904033379694,0.6927374301675978,0.6375321336760925,0.0106450815620365,0.0222759806326595,0.0101384083044983,0.0921113023522661,0.0531810193321617,0.0124654941926075,1.1092418772563175,1.0254591872916814,0.0121092306769756,0.2616545772070054,0.0,0.0,0.0,0.0,0.0,0.0,0.0,0.0,0.0,0.0,0.0,0.0,0.0
2024-01-04 17:13:51.148397,1,Compas Dataset,FairMask Bias Mitigation,LogisticRegression,DecisionTreeRegressor,"['sex', 'race']",{},0.6773296244784422,0.6900726392251816,0.7326478149100257,0.0760430054374691,0.1568106815754894,0.0906574394463668,0.1163798049340217,0.133427065026362,0.1720602788242851,1.2441157556270095,0.7502016433936584,0.0496536489212919,0.4126217979255297,0.0,0.0,0.0,0.0,0.0,0.0,0.0,0.0,0.0,0.0,0.0,0.0,0.0
2024-01-04 17:13:51.115903,1,Compas Dataset,No Bias Mitigation,LogisticRegression,,"['sex', 'race']",{},0.674547983310153,0.6806526806526807,0.7506426735218509,0.2145032130499258,0.1389260444432406,0.1875778546712803,0.0771084337349398,0.2569420035149385,0.1510703310821368,1.473139158576052,0.7832860131500299,0.0613837407464006,0.515275951985613,0.0,0.0,0.0,0.0,0.0,0.0,0.0,0.0,0.0,0.0,0.0,0.0,0.0
2024-01-04 17:13:51.072807,1,Compas Dataset,FYP VAE,LogisticRegression,,"['sex', 'race']","{'my model config': ""VAEMaskConfig(epochs=50, latent_dim=10, vae_layers=(75, 60, 30, 15), lr=0.011, losses_used=['Sensitive KL loss', 'POS Y VEC loss', 'Reconstruction loss', 'KL divergence loss'])Sensitive KL loss: {'weight': 10000, 'sens_col_ids': [7, 8]}, POS Y VEC loss: {'weight': 1200000}, Reconstruction loss: {'weight': 15}, KL divergence loss: {'weight': 0.005}""}",0.3435326842837274,0.3523131672597864,0.2544987146529563,0.0098133959466139,0.0528872523626931,0.0060553633217992,0.004130808950086,0.0557937902753368,0.0635861733710654,0.86136826783115,1.1824317593146043,0.0262572998736848,0.3743800758067633,0.0,0.0,0.0,0.0,0.0,0.0,0.0,0.0,0.0,0.0,0.0,0.0,0.0
2024-01-04 17:13:25.212264,1,Adult Dataset,Reweighing Bias Mitigation,LogisticRegression,,"['sex', 'race']",{},0.8523180841264968,0.7346938775510204,0.570673712021136,0.0634241004431379,0.0138848140635813,0.1298592295912357,0.0203276455980133,0.0876426907584005,0.0386300454744258,0.5808808143470823,0.7925783244932182,0.0188182577210946,0.7625784006333204,0.0,0.0,0.0,0.0,0.0,0.0,0.0,0.0,0.0,0.0,0.0,0.0,0.0
2024-01-04 17:13:25.182202,1,Adult Dataset,FairBalance Bias Mitigation,LogisticRegression,,"['sex', 'race']",{},0.8173165489714461,0.576271186440678,0.808454425363276,0.0444653239364498,0.026186645217543,0.0120302744728472,0.0305815909637106,0.1904147844999549,0.0825392284326002,0.5094360892284024,0.7559862639734845,0.0417547090892962,0.8766054099910485,0.0,0.0,0.0,0.0,0.0,0.0,0.0,0.0,0.0,0.0,0.0,0.0,0.0
2024-01-04 17:13:25.164921,1,Adult Dataset,FairMask Bias Mitigation,LogisticRegression,DecisionTreeRegressor,"['sex', 'race']",{},0.8581516733190052,0.7315541601255887,0.6155878467635403,0.0923334787142523,0.024805544673587,0.1228501590293321,0.029379956741168,0.1756345743836574,0.0733559706902646,0.3053731697799494,0.6446140058705504,0.0384756895447975,1.6140905292073002,0.0,0.0,0.0,0.0,0.0,0.0,0.0,0.0,0.0,0.0,0.0,0.0,0.0
2024-01-04 17:13:25.134303,1,Adult Dataset,No Bias Mitigation,LogisticRegression,,"['sex', 'race']",{},0.8569235492784771,0.7328,0.6050198150594451,0.1144701828060006,0.069341407564766,0.1663329014018141,0.1086477609548985,0.1799480071554509,0.0934255303851845,0.2818438623523369,0.5457981219802586,0.0412684745328759,1.936520408705474,0.0,0.0,0.0,0.0,0.0,0.0,0.0,0.0,0.0,0.0,0.0,0.0,0.0
2024-01-04 17:13:25.105393,1,Adult Dataset,FYP VAE,LogisticRegression,,"['sex', 'race']","{'my model config': ""VAEMaskConfig(epochs=50, latent_dim=30, vae_layers=(75, 60, 30, 15), lr=0.011, losses_used=['Sensitive KL loss', 'POS Y VEC loss', 'Reconstruction loss', 'KL divergence loss'])Sensitive KL loss: {'weight': 10000, 'sens_col_ids': [43, 42]}, POS Y VEC loss: {'weight': 1200000}, Reconstruction loss: {'weight': 15}, KL divergence loss: {'weight': 0.005}""}",0.2361068467915259,0.2102443923669233,0.8295904887714664,0.048002510742762,0.0153247343391849,0.0588261279302626,0.0218296883761915,0.0153160109648275,0.0216460364154889,0.9833899979902192,1.0236852176150562,0.0044631204097944,0.0400782235674105,0.0,0.0,0.0,0.0,0.0,0.0,0.0,0.0,0.0,0.0,0.0,0.0,0.0
2024-01-04 17:11:53.746134,1,Compas Dataset,Reweighing Bias Mitigation,LogisticRegression,,"['sex', 'race']",{},0.6884561891515995,0.7018348623853211,0.765,0.0164588086876756,0.0361783915058508,0.0477131564088085,0.0120879120879121,0.0165987258036955,0.0196097154464487,1.0275214505423345,1.0330485414167423,0.0100742609210366,0.3035651186247841,0.0,0.0,0.0,0.0,0.0,0.0,0.0,0.0,0.0,0.0,0.0,0.0,0.0
2024-01-04 17:11:53.708404,1,Compas Dataset,FairBalance Bias Mitigation,LogisticRegression,,"['sex', 'race']",{},0.6828929068150209,0.7299465240641712,0.6825,0.0366017246047955,0.0703008477579283,0.0535008469791078,0.082967032967033,0.0011960846535015,0.0584211531450198,1.002300469483568,1.1213749819650844,0.0107725727859548,0.467194542406586,0.0,0.0,0.0,0.0,0.0,0.0,0.0,0.0,0.0,0.0,0.0,0.0,0.0
2024-01-04 17:11:53.671773,1,Compas Dataset,FairMask Bias Mitigation,LogisticRegression,DecisionTreeRegressor,"['sex', 'race']",{},0.694019471488178,0.7083333333333334,0.765,0.1115356665316258,0.1385974412543583,0.0511010728402032,0.1307692307692307,0.1376107598799033,0.1510356082570877,1.239883409216629,0.7846178604144488,0.0416220952837834,0.3995645113080491,0.0,0.0,0.0,0.0,0.0,0.0,0.0,0.0,0.0,0.0,0.0,0.0,0.0
2024-01-04 17:11:53.629410,1,Compas Dataset,No Bias Mitigation,LogisticRegression,,"['sex', 'race']",{},0.6926286509040334,0.701123595505618,0.78,0.221202521415872,0.1237425123699989,0.1304347826086956,0.1186813186813185,0.237935411428711,0.1363218111425546,1.4160264618011098,0.8078739386821306,0.05145455846766,0.4670057921035815,0.0,0.0,0.0,0.0,0.0,0.0,0.0,0.0,0.0,0.0,0.0,0.0,0.0
2024-01-04 17:11:53.594223,1,Compas Dataset,FYP VAE,LogisticRegression,,"['sex', 'race']","{'my model config': ""VAEMaskConfig(epochs=50, latent_dim=10, vae_layers=(75, 60, 30, 15), lr=0.011, losses_used=['POS Y VEC loss', 'Reconstruction loss', 'KL divergence loss'])POS Y VEC loss: {'weight': 1200000}, Reconstruction loss: {'weight': 15}, KL divergence loss: {'weight': 0.005}""}",0.3101529902642559,0.3356164383561644,0.245,0.058336646382549,0.1320998104448008,0.0358554488989271,0.1131868131868131,0.0936241365001098,0.1427715758954148,0.779505605058925,1.4587726638772662,0.0378403786746002,0.4917835767205253,0.0,0.0,0.0,0.0,0.0,0.0,0.0,0.0,0.0,0.0,0.0,0.0,0.0
2024-01-04 17:11:37.251786,1,Adult Dataset,Reweighing Bias Mitigation,LogisticRegression,,"['sex', 'race']",{},0.8578446423088733,0.7558528428093646,0.58777633289987,0.0452199152317927,0.1222558793630201,0.116548204847822,0.2299585921325051,0.1079874056244416,0.0131867857677528,0.5091688236985907,0.9289507293137058,0.0197024919473882,0.923110458097993,0.0,0.0,0.0,0.0,0.0,0.0,0.0,0.0,0.0,0.0,0.0,0.0,0.0
2024-01-04 17:11:37.223098,1,Adult Dataset,FairBalance Bias Mitigation,LogisticRegression,,"['sex', 'race']",{},0.8173165489714461,0.5790909090909091,0.8283485045513654,0.04617594358031,0.019365588862937,0.0025514853289593,0.0612008281573499,0.2017361137475944,0.0824685979986086,0.5027987790170588,0.7645214825742208,0.0439116561395974,0.9130261411540708,0.0,0.0,0.0,0.0,0.0,0.0,0.0,0.0,0.0,0.0,0.0,0.0,0.0
2024-01-04 17:11:37.192669,1,Adult Dataset,FairMask Bias Mitigation,LogisticRegression,DecisionTreeRegressor,"['sex', 'race']",{},0.8636782315013817,0.7511591962905718,0.6319895968790638,0.1070182033682641,0.0423079889566907,0.1358926293316671,0.0858592132505176,0.1925096874944633,0.0524264449030273,0.2695458430570361,0.746222953218971,0.0395308317297554,1.6880498992316075,0.0,0.0,0.0,0.0,0.0,0.0,0.0,0.0,0.0,0.0,0.0,0.0,0.0
2024-01-04 17:11:37.168907,1,Adult Dataset,No Bias Mitigation,LogisticRegression,,"['sex', 'race']",{},0.8624501074608536,0.749611197511664,0.6267880364109233,0.1156402194658987,0.0076365083301764,0.1497695852534561,0.0278881987577639,0.196152674744008,0.070100803433305,0.2557229793105214,0.6630284857571215,0.0417782760995919,2.016375378829296,0.0,0.0,0.0,0.0,0.0,0.0,0.0,0.0,0.0,0.0,0.0,0.0,0.0
2024-01-04 17:11:37.130871,1,Adult Dataset,FYP VAE,LogisticRegression,,"['sex', 'race']","{'my model config': ""VAEMaskConfig(epochs=50, latent_dim=30, vae_layers=(75, 60, 30, 15), lr=0.011, losses_used=['POS Y VEC loss', 'Reconstruction loss', 'KL divergence loss'])POS Y VEC loss: {'weight': 1200000}, Reconstruction loss: {'weight': 15}, KL divergence loss: {'weight': 0.005}""}",0.2066318698188517,0.1785334750265675,0.6553966189856957,0.2069888287597903,0.0843756228668089,0.3069593064125595,0.1238302277432712,0.1831579755519953,0.0877032433812888,1.2275247809072254,1.102760391990624,0.0433797958512446,0.2287583193792476,0.0,0.0,0.0,0.0,0.0,0.0,0.0,0.0,0.0,0.0,0.0,0.0,0.0
2024-01-04 17:10:36.187594,1,Compas Dataset,Reweighing Bias Mitigation,LogisticRegression,,"['sex', 'race']",{},0.6675938803894298,0.6735159817351598,0.7544757033248082,0.0247487410867638,0.0299889048613017,0.0549480378470607,0.0649390931648995,0.0616565195332318,0.0034716715129087,1.1031730871272418,1.0057209234790183,0.0131905501575554,0.263657806179782,0.0,0.0,0.0,0.0,0.0,0.0,0.0,0.0,0.0,0.0,0.0,0.0,0.0
2024-01-04 17:10:36.155654,1,Compas Dataset,FairBalance Bias Mitigation,LogisticRegression,,"['sex', 'race']",{},0.6522948539638387,0.6931506849315069,0.6470588235294118,0.0223602258551794,0.0268548655645429,0.1007833100666977,0.0830137604331152,0.0680999492643328,0.0050048462419596,1.13761373830578,1.009924864581513,0.0116875354233685,0.2300005449364019,0.0,0.0,0.0,0.0,0.0,0.0,0.0,0.0,0.0,0.0,0.0,0.0,0.0
2024-01-04 17:10:36.122116,1,Compas Dataset,FairMask Bias Mitigation,LogisticRegression,DecisionTreeRegressor,"['sex', 'race']",{},0.674547983310153,0.6847058823529412,0.7442455242966752,0.1354031317250615,0.1736619172307208,0.1741119900729021,0.1827205053011504,0.1751141552511415,0.2070578905630451,1.3137014314928424,0.7166576234400435,0.0578264124373018,0.4566467268018136,0.0,0.0,0.0,0.0,0.0,0.0,0.0,0.0,0.0,0.0,0.0,0.0,0.0
2024-01-04 17:10:36.082613,1,Compas Dataset,No Bias Mitigation,LogisticRegression,,"['sex', 'race']",{},0.6675938803894298,0.6751152073732719,0.7493606138107417,0.2462595264001954,0.1535322493621799,0.2585698774623856,0.1415801939995488,0.278259766615931,0.18216582958851,1.5046698872785829,0.7492540933899332,0.0649120533270401,0.533186803924148,0.0,0.0,0.0,0.0,0.0,0.0,0.0,0.0,0.0,0.0,0.0,0.0,0.0
2024-01-04 17:10:36.049368,1,Compas Dataset,FYP VAE,LogisticRegression,,"['sex', 'race']","{'my model config': ""VAEMaskConfig(epochs=50, latent_dim=10, vae_layers=(75, 60, 30, 15), lr=0.011, losses_used=['Flipped ADV loss', 'Reconstruction loss', 'KL divergence loss'])Flipped ADV loss: {'weight': 0.01, 'lr': 0.05, 'optimizer': 'Adam', 'layers': (50, 30, 10), 'input_dim': 10, 'sens_col_ids': [7, 8]}, Reconstruction loss: {'weight': 15}, KL divergence loss: {'weight': 0.005}""}",0.4255910987482614,0.4466019417475728,0.2352941176470588,0.2096741829412064,0.0332470204356688,0.1935396308360478,0.0038912700203022,0.2159436834094368,0.0382853114811877,0.3397324025596277,1.1468649653540643,0.031141614164318,1.4906101051496334,0.0,0.0,0.0,0.0,0.0,0.0,0.0,0.0,0.0,0.0,0.0,0.0,0.0
2024-01-04 17:10:17.230148,1,Adult Dataset,Reweighing Bias Mitigation,LogisticRegression,,"['sex', 'race']",{},0.8388087196806877,0.7412587412587412,0.529338327091136,0.0519576174237191,0.0339442434515495,0.1295295295295295,0.0807617040493752,0.0852283897190797,0.0485619051928268,0.5819201963780277,0.7342478416613019,0.0197148410607831,0.7916853134187108,0.0,0.0,0.0,0.0,0.0,0.0,0.0,0.0,0.0,0.0,0.0,0.0,0.0
2024-01-04 17:10:17.209692,1,Adult Dataset,FairBalance Bias Mitigation,LogisticRegression,,"['sex', 'race']",{},0.8114829597789377,0.5882908404154863,0.7777777777777778,0.0124346955914752,0.0185187039155466,0.1069069069069069,0.0184216468463043,0.1979543518426322,0.108302791728881,0.493367123016154,0.6824032056895682,0.0449251318503525,1.107538262837188,0.0,0.0,0.0,0.0,0.0,0.0,0.0,0.0,0.0,0.0,0.0,0.0,0.0
2024-01-04 17:10:17.179348,1,Adult Dataset,FairMask Bias Mitigation,LogisticRegression,DecisionTreeRegressor,"['sex', 'race']",{},0.8461774639238563,0.7265861027190332,0.6004993757802747,0.082177561944511,0.0116340695329109,0.0807807807807807,0.0175372572632847,0.1750579346417243,0.0883044507789994,0.3299188371710446,0.5915368166961424,0.0409509797701726,1.4145632981321,0.0,0.0,0.0,0.0,0.0,0.0,0.0,0.0,0.0,0.0,0.0,0.0,0.0
2024-01-04 17:10:17.151185,1,Adult Dataset,No Bias Mitigation,LogisticRegression,,"['sex', 'race']",{},0.8467915259441203,0.7315950920245399,0.5955056179775281,0.0939951907112924,0.0374396556461095,0.1015015015015015,0.0221850067740478,0.180168012588604,0.1043565147881694,0.3067033013816614,0.5156742719347059,0.0433674467378497,1.6595494513873916,0.0,0.0,0.0,0.0,0.0,0.0,0.0,0.0,0.0,0.0,0.0,0.0,0.0
2024-01-04 17:10:17.105235,1,Adult Dataset,FYP VAE,LogisticRegression,,"['sex', 'race']","{'my model config': ""VAEMaskConfig(epochs=50, latent_dim=30, vae_layers=(75, 60, 30, 15), lr=0.011, losses_used=['Flipped ADV loss', 'Reconstruction loss', 'KL divergence loss'])Flipped ADV loss: {'weight': 0.01, 'lr': 0.05, 'optimizer': 'Adam', 'layers': (50, 30, 10), 'input_dim': 44, 'sens_col_ids': [43, 42]}, Reconstruction loss: {'weight': 15}, KL divergence loss: {'weight': 0.005}""}",0.2459318391157507,0.2459318391157507,1.0,0.0,0.0,0.0,0.0,0.0,0.0,1.0,1.0,0.0,0.0,0.0,0.0,0.0,0.0,0.0,0.0,0.0,0.0,0.0,0.0,0.0,0.0,0.0
2024-01-04 17:06:23.065287,1,Compas Dataset,Reweighing Bias Mitigation,LogisticRegression,,"['sex', 'race']",{},0.6801112656467315,0.6834862385321101,0.764102564102564,0.0035431675080832,0.0184410806577011,0.0007714561234328,0.058241852732953,0.0600404040404041,0.0140512265512265,1.1007457627118646,0.9771922119748206,0.0131325187006369,0.1786563113956586,0.0,0.0,0.0,0.0,0.0,0.0,0.0,0.0,0.0,0.0,0.0,0.0,0.0
2024-01-04 17:06:23.027446,1,Compas Dataset,FairBalance Bias Mitigation,LogisticRegression,,"['sex', 'race']",{},0.6648122392211405,0.6965699208443272,0.676923076923077,0.0397129729423109,0.0676378907477698,0.0219864995178399,0.1239932356903322,0.0882154882154881,0.0393939393939394,1.1723684210526315,1.0787878787878789,0.0135967703559842,0.2622600272234294,0.0,0.0,0.0,0.0,0.0,0.0,0.0,0.0,0.0,0.0,0.0,0.0,0.0
2024-01-04 17:06:22.987577,1,Compas Dataset,FairMask Bias Mitigation,LogisticRegression,DecisionTreeRegressor,"['sex', 'race']",{},0.6870653685674548,0.6862302483069977,0.7794871794871795,0.0789842021668841,0.1768614095956557,0.0412729026036644,0.1302416234343202,0.1257239057239056,0.2074134199134198,1.211558073654391,0.7267023172905526,0.0534953313692909,0.3834766310497856,0.0,0.0,0.0,0.0,0.0,0.0,0.0,0.0,0.0,0.0,0.0,0.0,0.0
2024-01-04 17:06:22.952395,1,Compas Dataset,No Bias Mitigation,LogisticRegression,,"['sex', 'race']",{},0.6856745479833102,0.6863636363636364,0.7743589743589744,0.1785218957399739,0.1097020622753085,0.1230472516875602,0.0711399008283413,0.2179259259259259,0.1421446608946609,1.3796129032258064,0.7997458865383393,0.0510986321985603,0.4158372079082518,0.0,0.0,0.0,0.0,0.0,0.0,0.0,0.0,0.0,0.0,0.0,0.0,0.0
2024-01-04 17:06:22.913923,1,Compas Dataset,FYP VAE,LogisticRegression,,"['sex', 'race']","{'my model config': ""VAEMaskConfig(epochs=50, latent_dim=10, vae_layers=(75, 60, 30, 15), lr=0.011, losses_used=['Sensitive KL loss', 'POS Y VEC loss', 'Reconstruction loss', 'KL divergence loss'])Sensitive KL loss: {'weight': 10000, 'sens_col_ids': [7, 8]}, POS Y VEC loss: {'weight': 1200000}, Reconstruction loss: {'weight': 15}, KL divergence loss: {'weight': 0.005}""}",0.6662030598052852,0.6630434782608695,0.782051282051282,0.0072572182199784,0.017149530403531,0.0379942140790742,0.0032961678465992,0.0583703703703702,0.0498647186147186,1.092705882352941,0.926028496889424,0.0170070856408897,0.1303505260199064,0.0,0.0,0.0,0.0,0.0,0.0,0.0,0.0,0.0,0.0,0.0,0.0,0.0
2024-01-04 17:05:47.537635,1,Adult Dataset,Reweighing Bias Mitigation,LogisticRegression,,"['sex', 'race']",{},0.8394227817009517,0.726962457337884,0.5399239543726235,0.1078713306274693,0.0388899469694915,0.240807640916514,0.0832963582374824,0.075449720417888,0.0322391414152441,0.6307993680884676,0.8255925663438066,0.0150242518676148,0.7417151471948559,0.0,0.0,0.0,0.0,0.0,0.0,0.0,0.0,0.0,0.0,0.0,0.0,0.0
2024-01-04 17:05:47.507531,1,Adult Dataset,FairBalance Bias Mitigation,LogisticRegression,,"['sex', 'race']",{},0.8093337427080135,0.5769230769230769,0.7984790874524715,0.0002842781031903,0.0029173828591308,0.0818404513287475,0.0367077374654425,0.1706488285100576,0.082891915614615,0.5630596274661083,0.7617720883534137,0.038455327647902,0.716138305405206,0.0,0.0,0.0,0.0,0.0,0.0,0.0,0.0,0.0,0.0,0.0,0.0,0.0
2024-01-04 17:05:47.477151,1,Adult Dataset,FairMask Bias Mitigation,LogisticRegression,DecisionTreeRegressor,"['sex', 'race']",{},0.8461774639238563,0.7201834862385321,0.596958174904943,0.0492964811995886,0.0163910193982804,0.0120255357054485,0.0073722652650261,0.1708227333186978,0.0687381639643023,0.333064434808914,0.6747022394896912,0.0367393664942535,1.4407970632746157,0.0,0.0,0.0,0.0,0.0,0.0,0.0,0.0,0.0,0.0,0.0,0.0,0.0
2024-01-04 17:05:47.448090,1,Adult Dataset,No Bias Mitigation,LogisticRegression,,"['sex', 'race']",{},0.8455634019035922,0.7213622291021672,0.5906210392902408,0.065821622395775,0.0448420127816321,0.0435863809570939,0.0541486057544626,0.1756016718967246,0.0848024209924147,0.3119664029953956,0.5986794519415569,0.0391152039361809,1.687858842218692,0.0,0.0,0.0,0.0,0.0,0.0,0.0,0.0,0.0,0.0,0.0,0.0,0.0
2024-01-04 17:05:47.413808,1,Adult Dataset,FYP VAE,LogisticRegression,,"['sex', 'race']","{'my model config': ""VAEMaskConfig(epochs=50, latent_dim=30, vae_layers=(75, 60, 30, 15), lr=0.011, losses_used=['Sensitive KL loss', 'POS Y VEC loss', 'Reconstruction loss', 'KL divergence loss'])Sensitive KL loss: {'weight': 10000, 'sens_col_ids': [43, 42]}, POS Y VEC loss: {'weight': 1200000}, Reconstruction loss: {'weight': 15}, KL divergence loss: {'weight': 0.005}""}",0.7586736260362297,0.5017502917152858,0.5449936628643853,0.1375669709832946,0.0997744495601201,0.2055352105705944,0.1584183760537902,0.0159863286714792,0.0283591779222726,1.0619751685468262,1.1095839942402663,0.005087269110465,0.1418672249332139,0.0,0.0,0.0,0.0,0.0,0.0,0.0,0.0,0.0,0.0,0.0,0.0,0.0
2024-01-04 17:04:15.349805,1,Compas Dataset,Reweighing Bias Mitigation,LogisticRegression,,"['sex', 'race']",{},0.6592489568845619,0.6704288939051919,0.75,0.0446445185756969,0.0188171605332058,0.0033670033670033,0.0370733112487398,0.0749751502816301,0.0065746753246752,1.124812859506737,1.0107498341074983,0.0130686840980267,0.1954323388005622,0.0,0.0,0.0,0.0,0.0,0.0,0.0,0.0,0.0,0.0,0.0,0.0,0.0
2024-01-04 17:04:15.322580,1,Compas Dataset,FairBalance Bias Mitigation,LogisticRegression,,"['sex', 'race']",{},0.6439499304589708,0.6842105263157895,0.6565656565656566,0.0644205850149541,0.0137789367060718,0.0134680134680134,0.0343367420423448,0.0917191271832251,0.0025072150072149,1.1799712083217235,1.004759458996747,0.0125444666038637,0.2199734477166799,0.0,0.0,0.0,0.0,0.0,0.0,0.0,0.0,0.0,0.0,0.0,0.0,0.0
2024-01-04 17:04:15.293757,1,Compas Dataset,FairMask Bias Mitigation,LogisticRegression,DecisionTreeRegressor,"['sex', 'race']",{},0.6620305980528511,0.6808510638297872,0.7272727272727273,0.1390359727168903,0.1698795380294641,0.1212121212121212,0.1565893705890826,0.1780659819188715,0.182972582972583,1.3227799227799228,0.7438383838383837,0.0515067867788866,0.4583883420969539,0.0,0.0,0.0,0.0,0.0,0.0,0.0,0.0,0.0,0.0,0.0,0.0,0.0
2024-01-04 17:04:15.265129,1,Compas Dataset,No Bias Mitigation,LogisticRegression,,"['sex', 'race']",{},0.6620305980528511,0.6766743648960739,0.73989898989899,0.2595687246365036,0.1646765248069215,0.2121212121212121,0.1377214460607807,0.2881739006957921,0.1757395382395382,1.530797733217088,0.7570021199650829,0.0593990649197908,0.594520516421534,0.0,0.0,0.0,0.0,0.0,0.0,0.0,0.0,0.0,0.0,0.0,0.0,0.0
2024-01-04 17:04:15.230663,1,Compas Dataset,FYP VAE,LogisticRegression,,"['sex', 'race']","{'my model config': ""VAEMaskConfig(epochs=50, latent_dim=10, vae_layers=(75, 60, 30, 15), lr=0.011, losses_used=['POS Y VEC loss', 'Reconstruction loss', 'KL divergence loss'])POS Y VEC loss: {'weight': 1200000}, Reconstruction loss: {'weight': 15}, KL divergence loss: {'weight': 0.005}""}",0.6203059805285118,0.6023294509151415,0.914141414141414,0.0618595960097524,0.0028140181348463,0.0336700336700337,0.0028229871813336,0.0790339376153737,0.0114267676767676,1.096428158928159,0.986457164234942,0.0083603985600461,0.1431256818816305,0.0,0.0,0.0,0.0,0.0,0.0,0.0,0.0,0.0,0.0,0.0,0.0,0.0
2024-01-04 17:04:00.939890,1,Adult Dataset,Reweighing Bias Mitigation,LogisticRegression,,"['sex', 'race']",{},0.8461774639238563,0.7231040564373897,0.5437665782493368,0.0987526839756621,0.0227954785894814,0.206692644762179,0.0256794629472723,0.0858588481892948,0.0318052427077222,0.5779919457117916,0.8221214853402792,0.0194164827104399,0.5897382312094421,0.0,0.0,0.0,0.0,0.0,0.0,0.0,0.0,0.0,0.0,0.0,0.0,0.0
2024-01-04 17:04:00.925441,1,Adult Dataset,FairBalance Bias Mitigation,LogisticRegression,,"['sex', 'race']",{},0.8139392078599939,0.5695488721804511,0.8037135278514589,0.0136644365465517,0.0020485584029676,0.100890027747032,0.0188576766820918,0.1813465577459408,0.0772703050061126,0.5334625771313912,0.7714841939371466,0.0417008820377809,0.723536682187802,0.0,0.0,0.0,0.0,0.0,0.0,0.0,0.0,0.0,0.0,0.0,0.0,0.0
2024-01-04 17:04:00.902339,1,Adult Dataset,FairMask Bias Mitigation,LogisticRegression,DecisionTreeRegressor,"['sex', 'race']",{},0.8578446423088733,0.7328,0.6074270557029178,0.0364836926934628,0.0400233082817923,0.0040028505147605,0.0605705098959351,0.1729529820692983,0.0843151655195164,0.3110813372221073,0.5874951161355578,0.0404710611725115,1.5560393836582584,0.0,0.0,0.0,0.0,0.0,0.0,0.0,0.0,0.0,0.0,0.0,0.0,0.0
2024-01-04 17:04:00.875733,1,Adult Dataset,No Bias Mitigation,LogisticRegression,,"['sex', 'race']",{},0.8575376112987412,0.7338709677419355,0.603448275862069,0.0572093826213548,0.0811961913471508,0.0451382044789472,0.1381085837189598,0.1774413124104114,0.0995288996762304,0.2932030994507218,0.5147747492058641,0.0419698287592751,2.09909268508656,0.0,0.0,0.0,0.0,0.0,0.0,0.0,0.0,0.0,0.0,0.0,0.0,0.0
2024-01-04 17:04:00.846648,1,Adult Dataset,FYP VAE,LogisticRegression,,"['sex', 'race']","{'my model config': ""VAEMaskConfig(epochs=50, latent_dim=30, vae_layers=(75, 60, 30, 15), lr=0.011, losses_used=['POS Y VEC loss', 'Reconstruction loss', 'KL divergence loss'])POS Y VEC loss: {'weight': 1200000}, Reconstruction loss: {'weight': 15}, KL divergence loss: {'weight': 0.005}""}",0.8087196806877495,0.6252390057361377,0.4336870026525199,0.1564910161968087,0.1240877938598665,0.2378208724394644,0.1975059201807555,0.1662852039666535,0.110748132988815,0.2353021628743807,0.3743068820550447,0.041018287151577,3.917813348042635,0.0,0.0,0.0,0.0,0.0,0.0,0.0,0.0,0.0,0.0,0.0,0.0,0.0
2024-01-04 17:03:06.342698,1,Compas Dataset,Reweighing Bias Mitigation,LogisticRegression,,"['sex', 'race']",{},0.6828929068150209,0.6960352422907489,0.7783251231527094,0.0362069507741998,0.0001929981131577,0.0543243834588816,0.0649511978704525,0.0027159999109508,0.0154008051180115,1.004305477131564,0.9759820777326248,0.0114186563396465,0.2248671943723748,0.0,0.0,0.0,0.0,0.0,0.0,0.0,0.0,0.0,0.0,0.0,0.0,0.0
2024-01-04 17:03:06.321614,1,Compas Dataset,FairBalance Bias Mitigation,LogisticRegression,,"['sex', 'race']",{},0.6717663421418637,0.7093596059113301,0.7093596059113301,0.0302599340592026,0.0097554406877964,0.0748913824899196,0.0330079858030168,0.0007012622720896,0.0123440292648704,1.0012422360248443,0.978439095550693,0.0055303978443248,0.085212083897323,0.0,0.0,0.0,0.0,0.0,0.0,0.0,0.0,0.0,0.0,0.0,0.0,0.0
2024-01-04 17:03:06.295888,1,Compas Dataset,FairMask Bias Mitigation,LogisticRegression,DecisionTreeRegressor,"['sex', 'race']",{},0.6759388038942976,0.6901098901098901,0.7733990147783252,0.0665554201718362,0.1445012838914267,0.0285062357390678,0.0770186335403726,0.0969634230503795,0.1573320861242421,1.1586674195369846,0.7853072574762946,0.0413280692353968,0.3232184810501737,0.0,0.0,0.0,0.0,0.0,0.0,0.0,0.0,0.0,0.0,0.0,0.0,0.0
2024-01-04 17:03:06.270323,1,Compas Dataset,No Bias Mitigation,LogisticRegression,,"['sex', 'race']",{},0.6842837273991655,0.6908315565031983,0.7980295566502463,0.1742014663591258,0.1271145503661547,0.1473447316600505,0.0464951197870452,0.2079298292482022,0.1387074682212237,1.3432687713624167,0.8126734192063886,0.0511585980373761,0.4167445390609972,0.0,0.0,0.0,0.0,0.0,0.0,0.0,0.0,0.0,0.0,0.0,0.0,0.0
2024-01-04 17:03:06.237899,1,Compas Dataset,FYP VAE,LogisticRegression,,"['sex', 'race']","{'my model config': ""VAEMaskConfig(epochs=50, latent_dim=10, vae_layers=(75, 60, 30, 15), lr=0.011, losses_used=['Flipped ADV loss', 'Reconstruction loss', 'KL divergence loss'])Flipped ADV loss: {'weight': 0.01, 'lr': 0.05, 'optimizer': 'Adam', 'layers': (50, 30, 10), 'input_dim': 10, 'sens_col_ids': [7, 8]}, Reconstruction loss: {'weight': 15}, KL divergence loss: {'weight': 0.005}""}",0.6703755215577191,0.6840958605664488,0.7733990147783252,0.0763683116385269,0.1578155264087457,0.0411965117369423,0.1078970718722271,0.1058015539081458,0.1725992616967612,1.172120312188762,0.7692805787522886,0.0455276123343927,0.3476491087308197,0.0,0.0,0.0,0.0,0.0,0.0,0.0,0.0,0.0,0.0,0.0,0.0,0.0
2024-01-04 17:02:52.900895,1,Adult Dataset,Reweighing Bias Mitigation,LogisticRegression,,"['sex', 'race']",{},0.8486337120049124,0.7453625632377741,0.5637755102040817,0.0202954684324897,0.0526436846592664,0.0571603495296932,0.0946216674372014,0.1120798065916918,0.0385166609720614,0.4878023034880721,0.7946268115344665,0.0244690611817498,0.7518547813867235,0.0,0.0,0.0,0.0,0.0,0.0,0.0,0.0,0.0,0.0,0.0,0.0,0.0
2024-01-04 17:02:52.880766,1,Adult Dataset,FairBalance Bias Mitigation,LogisticRegression,,"['sex', 'race']",{},0.8191587350322382,0.5885558583106267,0.826530612244898,0.0494600047674352,0.012622173525764,0.0066789113374519,0.0678070580983202,0.2117991215868241,0.1045189398448696,0.4802373574511681,0.7038276694456735,0.0475561528797614,1.004534660759694,0.0,0.0,0.0,0.0,0.0,0.0,0.0,0.0,0.0,0.0,0.0,0.0,0.0
2024-01-04 17:02:52.866314,1,Adult Dataset,FairMask Bias Mitigation,LogisticRegression,DecisionTreeRegressor,"['sex', 'race']",{},0.8590727663494013,0.7450980392156863,0.6301020408163265,0.1347479433030662,0.005959150172651,0.1831691434296209,0.0397595931576513,0.2123226791088572,0.086229980628035,0.2227853769744341,0.6004534562608126,0.047623083189001,1.684674815212089,0.0,0.0,0.0,0.0,0.0,0.0,0.0,0.0,0.0,0.0,0.0,0.0,0.0
2024-01-04 17:02:52.832420,1,Adult Dataset,No Bias Mitigation,LogisticRegression,,"['sex', 'race']",{},0.8578446423088733,0.7457886676875957,0.6211734693877551,0.1630209613238614,0.0360864269578774,0.2382979907608393,0.0368315611034056,0.2188996566078605,0.1027927787251608,0.1960212276600557,0.5221247524823638,0.0503682628162822,2.008578151098188,0.0,0.0,0.0,0.0,0.0,0.0,0.0,0.0,0.0,0.0,0.0,0.0,0.0
2024-01-04 17:02:52.788331,1,Adult Dataset,FYP VAE,LogisticRegression,,"['sex', 'race']","{'my model config': ""VAEMaskConfig(epochs=50, latent_dim=30, vae_layers=(75, 60, 30, 15), lr=0.011, losses_used=['Flipped ADV loss', 'Reconstruction loss', 'KL divergence loss'])Flipped ADV loss: {'weight': 0.01, 'lr': 0.05, 'optimizer': 'Adam', 'layers': (50, 30, 10), 'input_dim': 44, 'sens_col_ids': [43, 42]}, Reconstruction loss: {'weight': 15}, KL divergence loss: {'weight': 0.005}""}",0.7592876880564937,0.0,0.0,0.0,0.0,0.0,0.0,0.0,0.0,1.0,1.0,0.0,0.0,0.0,0.0,0.0,0.0,0.0,0.0,0.0,0.0,0.0,0.0,0.0,0.0,0.0
2024-01-04 16:59:52.017406,1,Compas Dataset,Reweighing Bias Mitigation,LogisticRegression,,"['sex', 'race']",{},0.6898470097357441,0.7136363636363636,0.7639902676399026,0.1233835621962151,0.0602577739594093,0.088785046728972,0.0919732441471571,0.1521037231359097,0.0483438739414727,1.2608131487889276,1.0835030549898166,0.0251566365741322,0.3324156109994732,0.0,0.0,0.0,0.0,0.0,0.0,0.0,0.0,0.0,0.0,0.0,0.0,0.0
2024-01-04 16:59:51.997339,1,Compas Dataset,FairBalance Bias Mitigation,LogisticRegression,,"['sex', 'race']",{},0.6731571627260083,0.7244897959183674,0.6909975669099757,0.0751067630437712,0.0390623713918488,0.0257528556593977,0.0693581780538302,0.0984133790737564,0.0276556972880266,1.1868892508143325,1.0525458248472506,0.0157110497697118,0.2401797384667776,0.0,0.0,0.0,0.0,0.0,0.0,0.0,0.0,0.0,0.0,0.0,0.0,0.0
2024-01-04 16:59:51.976944,1,Compas Dataset,FairMask Bias Mitigation,LogisticRegression,DecisionTreeRegressor,"['sex', 'race']",{},0.6828929068150209,0.7093821510297483,0.754257907542579,0.1348188827989753,0.1231790546908217,0.115472481827622,0.0754100971492276,0.1663177277772172,0.1311769750241183,1.288581057422969,0.8118971678899436,0.045757803780169,0.3486535404257909,0.0,0.0,0.0,0.0,0.0,0.0,0.0,0.0,0.0,0.0,0.0,0.0,0.0
2024-01-04 16:59:51.946425,1,Compas Dataset,No Bias Mitigation,LogisticRegression,,"['sex', 'race']",{},0.6926286509040334,0.7111111111111111,0.7785888077858881,0.2556522462889266,0.1143473731427461,0.240809968847352,0.0715082019429845,0.2891105841993745,0.1239682709829563,1.506160572337043,0.8255261371350985,0.0557662957166981,0.5205037973524501,0.0,0.0,0.0,0.0,0.0,0.0,0.0,0.0,0.0,0.0,0.0,0.0,0.0
2024-01-04 16:59:51.925996,1,Compas Dataset,FYP VAE,LogisticRegression,,"['sex', 'race']","{'my model config': ""VAEMaskConfig(epochs=50, latent_dim=10, vae_layers=(75, 60, 30, 15), lr=0.011, losses_used=['Sensitive KL loss', 'POS Y VEC loss', 'Reconstruction loss', 'KL divergence loss'])Sensitive KL loss: {'weight': 10000, 'sens_col_ids': [7, 8]}, POS Y VEC loss: {'weight': 1200000}, Reconstruction loss: {'weight': 15}, KL divergence loss: {'weight': 0.005}""}",0.6592489568845619,0.6590038314176245,0.8369829683698297,0.1053264514207902,0.0230926543650915,0.1233644859813084,0.0164038859691033,0.138406820704268,0.0287097581019759,1.197772491349481,0.96149514795735,0.0235762465640541,0.2300770805090662,0.0,0.0,0.0,0.0,0.0,0.0,0.0,0.0,0.0,0.0,0.0,0.0,0.0
2024-01-04 16:59:24.811696,1,Adult Dataset,Reweighing Bias Mitigation,LogisticRegression,,"['sex', 'race']",{},0.8375805956401596,0.7328881469115192,0.5433168316831684,0.0750988291117558,0.0196854230211843,0.1642237807216099,0.0717405913978495,0.0807773891854462,0.0813115172248229,0.6138909837439248,0.5849226409313726,0.0204136500500704,0.99997501952207,0.0,0.0,0.0,0.0,0.0,0.0,0.0,0.0,0.0,0.0,0.0,0.0,0.0
2024-01-04 16:59:24.786470,1,Adult Dataset,FairBalance Bias Mitigation,LogisticRegression,,"['sex', 'race']",{},0.8047282775560332,0.5747826086956521,0.818069306930693,0.0285810197800058,0.0722092402570165,0.032839808527218,0.0399865591397849,0.1886297299429382,0.1771028387948625,0.542337629194845,0.5329396169673948,0.0473393363850412,1.2068740511165827,0.0,0.0,0.0,0.0,0.0,0.0,0.0,0.0,0.0,0.0,0.0,0.0,0.0
2024-01-04 16:59:24.761317,1,Adult Dataset,FairMask Bias Mitigation,LogisticRegression,DecisionTreeRegressor,"['sex', 'race']",{},0.8409579367516119,0.7170658682634731,0.5928217821782178,0.0707139550107914,0.0257088872621595,0.0735586972924164,0.001008064516129,0.165864208893213,0.1134887768575201,0.3547161125319693,0.488379329004329,0.0394529663277384,1.621598784422493,0.0,0.0,0.0,0.0,0.0,0.0,0.0,0.0,0.0,0.0,0.0,0.0,0.0
2024-01-04 16:59:24.730815,1,Adult Dataset,No Bias Mitigation,LogisticRegression,,"['sex', 'race']",{},0.842800122812404,0.7228915662650602,0.594059405940594,0.0874431228747983,0.0578441746897856,0.1049884349450196,0.0512432795698925,0.1726406163717163,0.1315958468371144,0.3306810072382506,0.4105779569892472,0.042349540429159,1.9222801114179136,0.0,0.0,0.0,0.0,0.0,0.0,0.0,0.0,0.0,0.0,0.0,0.0,0.0
2024-01-04 16:59:24.700343,1,Adult Dataset,FYP VAE,LogisticRegression,,"['sex', 'race']","{'my model config': ""VAEMaskConfig(epochs=50, latent_dim=30, vae_layers=(75, 60, 30, 15), lr=0.011, losses_used=['Sensitive KL loss', 'POS Y VEC loss', 'Reconstruction loss', 'KL divergence loss'])Sensitive KL loss: {'weight': 10000, 'sens_col_ids': [43, 42]}, POS Y VEC loss: {'weight': 1200000}, Reconstruction loss: {'weight': 15}, KL divergence loss: {'weight': 0.005}""}",0.7519189438133251,0.0,0.0,0.0,0.0,0.0,0.0,0.0,0.0,1.0,1.0,0.0,0.0,0.0,0.0,0.0,0.0,0.0,0.0,0.0,0.0,0.0,0.0,0.0,0.0,0.0
2024-01-04 16:57:47.510247,1,Compas Dataset,Reweighing Bias Mitigation,LogisticRegression,,"['sex', 'race']",{},0.6675938803894298,0.6885964912280702,0.7639902676399026,0.0025857485248385,0.0377331818621121,0.0305665824612053,0.0267389112903225,0.048970796862871,0.0579275053304904,1.078274076926368,0.9137983551629608,0.0146239271434402,0.1579210356219277,0.0,0.0,0.0,0.0,0.0,0.0,0.0,0.0,0.0,0.0,0.0,0.0,0.0
2024-01-04 16:57:47.494203,1,Compas Dataset,FairBalance Bias Mitigation,LogisticRegression,,"['sex', 'race']",{},0.6606397774687065,0.7041564792176039,0.7007299270072993,0.0091567579456768,0.0147784232097451,0.0213280404186214,0.0040070564516129,0.0512460183623759,0.0354968017057568,1.091532797858099,0.9400391863078432,0.0079193594874661,0.1939183779926075,0.0,0.0,0.0,0.0,0.0,0.0,0.0,0.0,0.0,0.0,0.0,0.0,0.0
2024-01-04 16:57:47.463975,1,Compas Dataset,FairMask Bias Mitigation,LogisticRegression,DecisionTreeRegressor,"['sex', 'race']",{},0.6884561891515995,0.7045951859956237,0.7834549878345499,0.0686404627235645,0.1902138344711733,0.0801876578852399,0.1922883064516128,0.1146443962632832,0.2152324093816631,1.1862578821482932,0.7226386477040424,0.0473768814281928,0.4763860892683299,0.0,0.0,0.0,0.0,0.0,0.0,0.0,0.0,0.0,0.0,0.0,0.0,0.0
2024-01-04 16:57:47.338775,1,Compas Dataset,No Bias Mitigation,LogisticRegression,,"['sex', 'race']",{},0.6898470097357441,0.7,0.8004866180048662,0.2118876366912959,0.1572785209773069,0.1922049801515697,0.154586693548387,0.2466875451698386,0.1813816631130064,1.404104183109708,0.7650496591800435,0.0573099324707279,0.5189457036871259,0.0,0.0,0.0,0.0,0.0,0.0,0.0,0.0,0.0,0.0,0.0,0.0,0.0
2024-01-04 16:57:47.308724,1,Compas Dataset,FYP VAE,LogisticRegression,,"['sex', 'race']","{'my model config': ""VAEMaskConfig(epochs=50, latent_dim=10, vae_layers=(75, 60, 30, 15), lr=0.011, losses_used=['POS Y VEC loss', 'Reconstruction loss', 'KL divergence loss'])POS Y VEC loss: {'weight': 1200000}, Reconstruction loss: {'weight': 15}, KL divergence loss: {'weight': 0.005}""}",0.6522948539638387,0.6527514231499051,0.8369829683698297,0.1309492833107465,0.1186010041039957,0.1313605196679899,0.1374243951612903,0.1601889772210177,0.1395650319829423,1.2272537404116353,0.8306249611857496,0.0368847940173437,0.3873136468662557,0.0,0.0,0.0,0.0,0.0,0.0,0.0,0.0,0.0,0.0,0.0,0.0,0.0
2024-01-04 16:57:30.152470,1,Adult Dataset,Reweighing Bias Mitigation,LogisticRegression,,"['sex', 'race']",{},0.842493091802272,0.705511811023622,0.5788113695090439,0.0465422915426827,0.0152866150293284,0.0790074441687345,0.036268445607887,0.0724841145186351,0.0568670287165697,0.6697605353326452,0.7202947384011552,0.0182657527317228,0.6745851626998858,0.0,0.0,0.0,0.0,0.0,0.0,0.0,0.0,0.0,0.0,0.0,0.0,0.0
2024-01-04 16:57:30.129438,1,Adult Dataset,FairBalance Bias Mitigation,LogisticRegression,,"['sex', 'race']",{},0.8041142155357691,0.5596491228070175,0.8242894056847545,0.0234954148265374,0.0224045662208833,0.0267741935483871,0.0037155101437649,0.1737894821059368,0.1061849104385702,0.5748963292414371,0.7095591869008006,0.0409029973372106,0.8881592629979449,0.0,0.0,0.0,0.0,0.0,0.0,0.0,0.0,0.0,0.0,0.0,0.0,0.0
2024-01-04 16:57:30.101321,1,Adult Dataset,FairMask Bias Mitigation,LogisticRegression,DecisionTreeRegressor,"['sex', 'race']",{},0.8520110531163647,0.7109826589595376,0.6356589147286822,0.0908956304335977,0.0210029521904507,0.1231265508684863,0.0096265490088454,0.1702510937717123,0.0920893551607167,0.3696029088006186,0.5924899395037709,0.039761317090447,1.583825336577374,0.0,0.0,0.0,0.0,0.0,0.0,0.0,0.0,0.0,0.0,0.0,0.0,0.0
2024-01-04 16:57:30.070962,1,Adult Dataset,No Bias Mitigation,LogisticRegression,,"['sex', 'race']",{},0.8520110531163647,0.7140762463343109,0.6291989664082688,0.0949913246868313,0.0606027832018686,0.1346401985111662,0.0679136143891574,0.1683536788206214,0.1179136410105076,0.3679404566926146,0.4798698279869828,0.0427663937072689,1.5913441689914014,0.0,0.0,0.0,0.0,0.0,0.0,0.0,0.0,0.0,0.0,0.0,0.0,0.0
2024-01-04 16:57:30.040704,1,Adult Dataset,FYP VAE,LogisticRegression,,"['sex', 'race']","{'my model config': ""VAEMaskConfig(epochs=50, latent_dim=30, vae_layers=(75, 60, 30, 15), lr=0.011, losses_used=['POS Y VEC loss', 'Reconstruction loss', 'KL divergence loss'])POS Y VEC loss: {'weight': 1200000}, Reconstruction loss: {'weight': 15}, KL divergence loss: {'weight': 0.005}""}",0.7623579981578139,0.0,0.0,0.0,0.0,0.0,0.0,0.0,0.0,1.0,1.0,0.0,0.0,0.0,0.0,0.0,0.0,0.0,0.0,0.0,0.0,0.0,0.0,0.0,0.0,0.0
2024-01-04 16:56:28.375549,1,Compas Dataset,Reweighing Bias Mitigation,LogisticRegression,,"['sex', 'race']",{},0.6842837273991655,0.6783369803063457,0.7948717948717948,0.0292887848490565,0.0056151577890707,0.0412729444987509,0.0142857142857143,0.0263501141294805,0.0256363319386332,1.041786829491438,0.9607238247863248,0.0115927507104017,0.1166871451357462,0.0,0.0,0.0,0.0,0.0,0.0,0.0,0.0,0.0,0.0,0.0,0.0,0.0
2024-01-04 16:56:28.345543,1,Compas Dataset,FairBalance Bias Mitigation,LogisticRegression,,"['sex', 'race']",{},0.6842837273991655,0.7073791348600509,0.7128205128205128,0.0484051036682615,0.0143697848045674,0.0606060606060606,0.02,0.0100709860285449,0.0085512552301255,1.0184899491123445,0.9845170454545452,0.0069502341569287,0.166126870873974,0.0,0.0,0.0,0.0,0.0,0.0,0.0,0.0,0.0,0.0,0.0,0.0,0.0
2024-01-04 16:56:28.324991,1,Compas Dataset,FairMask Bias Mitigation,LogisticRegression,DecisionTreeRegressor,"['sex', 'race']",{},0.6981919332406119,0.6952595936794582,0.7897435897435897,0.0496062778320842,0.1587016123972645,0.0219398283914412,0.1385714285714285,0.1045099957358216,0.1801516736401673,1.1752876585540295,0.7553622159090909,0.0453477148179456,0.3519380261552115,0.0,0.0,0.0,0.0,0.0,0.0,0.0,0.0,0.0,0.0,0.0,0.0,0.0
2024-01-04 16:56:28.304960,1,Compas Dataset,No Bias Mitigation,LogisticRegression,,"['sex', 'race']",{},0.7009735744089013,0.690631808278867,0.8128205128205128,0.2047765430193273,0.1343616287094548,0.1469534050179211,0.0914285714285714,0.2483507662979406,0.1530857740585773,1.420174842980818,0.7932909604519774,0.0576349086294711,0.4570046402679392,0.0,0.0,0.0,0.0,0.0,0.0,0.0,0.0,0.0,0.0,0.0,0.0,0.0
2024-01-04 16:56:28.284811,1,Compas Dataset,FYP VAE,LogisticRegression,,"['sex', 'race']","{'my model config': ""VAEMaskConfig(epochs=50, latent_dim=10, vae_layers=(75, 60, 30, 15), lr=0.011, losses_used=['Flipped ADV loss', 'Reconstruction loss', 'KL divergence loss'])Flipped ADV loss: {'weight': 0.01, 'lr': 0.05, 'optimizer': 'Adam', 'layers': (50, 30, 10), 'input_dim': 10, 'sens_col_ids': [7, 8]}, Reconstruction loss: {'weight': 15}, KL divergence loss: {'weight': 0.005}""}",0.6648122392211405,0.671264367816092,0.7487179487179487,0.0191464732211761,0.1198614718614718,0.0371456500488758,0.1245714285714286,0.0551333182832919,0.1404114365411436,1.0927387030083118,0.7990518962075849,0.0336408355756043,0.255836498380283,0.0,0.0,0.0,0.0,0.0,0.0,0.0,0.0,0.0,0.0,0.0,0.0,0.0
2024-01-04 16:56:14.709516,1,Adult Dataset,Reweighing Bias Mitigation,LogisticRegression,,"['sex', 'race']",{},0.8470985569542524,0.717607973421927,0.5684210526315789,0.0814966615120524,0.0518282580190524,0.1791021611764249,0.092060264349755,0.0812053421216187,0.0826741755971908,0.6173774491300149,0.5799910495208408,0.0212325565238245,1.0119447842691394,0.0,0.0,0.0,0.0,0.0,0.0,0.0,0.0,0.0,0.0,0.0,0.0,0.0
2024-01-04 16:56:14.689401,1,Adult Dataset,FairBalance Bias Mitigation,LogisticRegression,,"['sex', 'race']",{},0.815474362910654,0.5718157181571816,0.8328947368421052,0.0170424677569284,0.0055562763550355,0.0611363313027846,0.0238931509381643,0.1888737844919258,0.1032994337926174,0.5320440563334374,0.7089214335236368,0.0439553965107061,0.8429931658297818,0.0,0.0,0.0,0.0,0.0,0.0,0.0,0.0,0.0,0.0,0.0,0.0,0.0
2024-01-04 16:56:14.669150,1,Adult Dataset,FairMask Bias Mitigation,LogisticRegression,DecisionTreeRegressor,"['sex', 'race']",{},0.8529321461467608,0.7171561051004637,0.6105263157894737,0.0812851867389065,0.1173155949931538,0.0773936548584436,0.1905906275995932,0.180336661266751,0.1285182923865762,0.3050597946184843,0.4086034280921846,0.0441445924693598,2.5074547797601148,0.0,0.0,0.0,0.0,0.0,0.0,0.0,0.0,0.0,0.0,0.0,0.0,0.0
2024-01-04 16:56:14.649088,1,Adult Dataset,No Bias Mitigation,LogisticRegression,,"['sex', 'race']",{},0.8513969910961007,0.7136222910216719,0.6065789473684211,0.0951806201684472,0.1536818546826905,0.1021870432881956,0.2565394213882983,0.1853665097852036,0.1429992588272459,0.2894832537895745,0.3473607597130281,0.0470878292511657,2.524516805036836,0.0,0.0,0.0,0.0,0.0,0.0,0.0,0.0,0.0,0.0,0.0,0.0,0.0
2024-01-04 16:56:14.618893,1,Adult Dataset,FYP VAE,LogisticRegression,,"['sex', 'race']","{'my model config': ""VAEMaskConfig(epochs=50, latent_dim=30, vae_layers=(75, 60, 30, 15), lr=0.011, losses_used=['Flipped ADV loss', 'Reconstruction loss', 'KL divergence loss'])Flipped ADV loss: {'weight': 0.01, 'lr': 0.05, 'optimizer': 'Adam', 'layers': (50, 30, 10), 'input_dim': 44, 'sens_col_ids': [43, 42]}, Reconstruction loss: {'weight': 15}, KL divergence loss: {'weight': 0.005}""}",0.7666564322996623,0.0,0.0,0.0,0.0,0.0,0.0,0.0,0.0,1.0,1.0,0.0,0.0,0.0,0.0,0.0,0.0,0.0,0.0,0.0,0.0,0.0,0.0,0.0,0.0,0.0
2024-01-04 16:46:57.129379,1,Compas Dataset,Reweighing Bias Mitigation,LogisticRegression,,"['sex', 'race']",{},0.6787204450625869,0.6845637583892618,0.7727272727272727,0.0451657466723645,0.0242664719475558,0.0682148040638607,0.0510121457489878,0.0340013857168518,0.0216095380029806,0.9458564890487088,0.9660421545667448,0.0185507223949195,0.4781227536842397,0.0,0.0,0.0,0.0,0.0,0.0,0.0,0.0,0.0,0.0,0.0,0.0,0.0
2024-01-04 16:46:57.109049,1,Compas Dataset,FairBalance Bias Mitigation,LogisticRegression,,"['sex', 'race']",{},0.6662030598052852,0.7010309278350515,0.6868686868686869,0.0338126625088044,0.0019810105531835,0.0730527334300918,0.0720647773279352,0.0255716082013908,0.0041870697608402,0.9530251962193886,1.007800105764146,0.0133530382369269,0.5558493051399459,0.0,0.0,0.0,0.0,0.0,0.0,0.0,0.0,0.0,0.0,0.0,0.0,0.0
2024-01-04 16:46:57.088818,1,Compas Dataset,FairMask Bias Mitigation,LogisticRegression,DecisionTreeRegressor,"['sex', 'race']",{},0.6731571627260083,0.6876456876456877,0.7449494949494949,0.0668942036092134,0.1957207864972325,0.0016932752781808,0.11631000578369,0.0705175909055916,0.1924366616989568,1.1208283867563646,0.7353995901639344,0.0492880507427059,0.38978534436167,0.0,0.0,0.0,0.0,0.0,0.0,0.0,0.0,0.0,0.0,0.0,0.0,0.0
2024-01-04 16:46:57.058580,1,Compas Dataset,No Bias Mitigation,LogisticRegression,,"['sex', 'race']",{},0.674547983310153,0.68,0.7727272727272727,0.2283161150311249,0.2057128680369952,0.1393323657474601,0.1093117408906882,0.2284123277476968,0.2004293520686962,1.3913731697665217,0.7369364754098361,0.0658618348386048,0.4813572020553877,0.0,0.0,0.0,0.0,0.0,0.0,0.0,0.0,0.0,0.0,0.0,0.0,0.0
2024-01-04 16:46:57.038129,1,Compas Dataset,FYP VAE,LogisticRegression,,"['sex', 'race']","{'my model config': ""VAEMaskConfig(epochs=50, latent_dim=10, vae_layers=(75, 60, 30, 15), lr=0.011, losses_used=['Sensitive KL loss', 'POS Y VEC loss', 'Reconstruction loss', 'KL divergence loss'])Sensitive KL loss: {'weight': 10000, 'sens_col_ids': [7, 8]}, POS Y VEC loss: {'weight': 1200000}, Reconstruction loss: {'weight': 15}, KL divergence loss: {'weight': 0.005}""}",0.6689847009735744,0.7244318181818182,0.6439393939393939,0.0503659955926922,0.0306621337105964,0.0674891146589259,0.0997686524002313,0.0379404141753701,0.0324675324675324,0.923597653928636,1.0694444444444444,0.0110530581610605,0.4590936366756379,0.0,0.0,0.0,0.0,0.0,0.0,0.0,0.0,0.0,0.0,0.0,0.0,0.0
2024-01-04 16:46:31.211896,1,Adult Dataset,Reweighing Bias Mitigation,LogisticRegression,,"['sex', 'race']",{},0.84218606079214,0.7003154574132492,0.578125,0.0591253337513624,0.056754791216568,0.1469652486886876,0.0743188532662216,0.0908164956338836,0.0127255120084091,0.5960615991744441,0.935234574833115,0.0179301585051124,0.5218812163587361,0.0,0.0,0.0,0.0,0.0,0.0,0.0,0.0,0.0,0.0,0.0,0.0,0.0
2024-01-04 16:46:31.019681,1,Adult Dataset,FairBalance Bias Mitigation,LogisticRegression,,"['sex', 'race']",{},0.7988946883635247,0.5496921723834652,0.8138020833333334,0.0118813638325838,0.0207815814548873,0.0721436731485007,0.0353430353430352,0.1753785029851063,0.0583304986316818,0.5694715079090222,0.8368267194746632,0.0397847898327015,0.6018813615318118,0.0,0.0,0.0,0.0,0.0,0.0,0.0,0.0,0.0,0.0,0.0,0.0,0.0
2024-01-04 16:46:30.989436,1,Adult Dataset,FairMask Bias Mitigation,LogisticRegression,DecisionTreeRegressor,"['sex', 'race']",{},0.8520110531163647,0.7115384615384616,0.6263020833333334,0.0787393856002514,0.0015919467703289,0.0711363887626371,0.0048801838275521,0.1779420825631546,0.0627189232424083,0.33271719038817,0.7103922567498727,0.0380047264110488,1.52285503546293,0.0,0.0,0.0,0.0,0.0,0.0,0.0,0.0,0.0,0.0,0.0,0.0,0.0
2024-01-04 16:46:30.969378,1,Adult Dataset,No Bias Mitigation,LogisticRegression,,"['sex', 'race']",{},0.8529321461467608,0.7153502235469449,0.625,0.0886381679366036,0.0125435280601014,0.0884444826611962,0.0105044315570631,0.1825631546518792,0.0758979875150545,0.3153881700554528,0.6501165501165501,0.0404396699147977,1.6194358634687105,0.0,0.0,0.0,0.0,0.0,0.0,0.0,0.0,0.0,0.0,0.0,0.0,0.0
2024-01-04 16:46:30.937502,1,Adult Dataset,FYP VAE,LogisticRegression,,"['sex', 'race']","{'my model config': ""VAEMaskConfig(epochs=50, latent_dim=30, vae_layers=(75, 60, 30, 15), lr=0.011, losses_used=['Sensitive KL loss', 'POS Y VEC loss', 'Reconstruction loss', 'KL divergence loss'])Sensitive KL loss: {'weight': 10000, 'sens_col_ids': [43, 42]}, POS Y VEC loss: {'weight': 1200000}, Reconstruction loss: {'weight': 15}, KL divergence loss: {'weight': 0.005}""}",0.764200184218606,0.0,0.0,0.0,0.0,0.0,0.0,0.0,0.0,1.0,1.0,0.0,0.0,0.0,0.0,0.0,0.0,0.0,0.0,0.0,0.0,0.0,0.0,0.0,0.0,0.0
2024-01-04 16:45:10.038164,1,Compas Dataset,Reweighing Bias Mitigation,LogisticRegression,,"['sex', 'race']",{},0.6995827538247567,0.6829268292682927,0.8083989501312336,0.0412470309579886,0.00258658008658,0.007204486626402,0.0468398268398267,0.020107730054429,0.0284649902633138,1.032225988700565,0.9559139784946236,0.0149508376840805,0.2949813749333925,0.0,0.0,0.0,0.0,0.0,0.0,0.0,0.0,0.0,0.0,0.0,0.0,0.0
2024-01-04 16:45:10.027922,1,Compas Dataset,FairBalance Bias Mitigation,LogisticRegression,,"['sex', 'race']",{},0.6968011126564673,0.710594315245478,0.7217847769028871,0.0631242344896357,0.0080538905538905,0.046937014667817,0.0469264069264069,0.0052031924194139,0.038260943188553,0.9903483992467044,0.932040003007745,0.0136509330491081,0.2608454184982213,0.0,0.0,0.0,0.0,0.0,0.0,0.0,0.0,0.0,0.0,0.0,0.0,0.0
2024-01-04 16:45:10.007588,1,Compas Dataset,FairMask Bias Mitigation,LogisticRegression,DecisionTreeRegressor,"['sex', 'race']",{},0.717663421418637,0.7031963470319634,0.8083989501312336,0.0543674483061885,0.1507720057720057,0.058541846419327,0.107099567099567,0.1127076341690402,0.1842604351875371,1.1908092623537836,0.7470154024992735,0.0511160416356359,0.348999860532975,0.0,0.0,0.0,0.0,0.0,0.0,0.0,0.0,0.0,0.0,0.0,0.0,0.0
2024-01-04 16:45:09.991371,1,Compas Dataset,No Bias Mitigation,LogisticRegression,,"['sex', 'race']",{},0.7037552155771906,0.6875,0.8083989501312336,0.2062882338766721,0.1143575868575868,0.1242881794650561,0.0631168831168831,0.2380072760089117,0.1444924223181779,1.4075281278671108,0.7983457402812242,0.0586020995781113,0.5131036610066637,0.0,0.0,0.0,0.0,0.0,0.0,0.0,0.0,0.0,0.0,0.0,0.0,0.0
2024-01-04 16:45:09.967113,1,Compas Dataset,FYP VAE,LogisticRegression,,"['sex', 'race']","{'my model config': ""VAEMaskConfig(epochs=50, latent_dim=10, vae_layers=(75, 60, 30, 15), lr=0.011, losses_used=['POS Y VEC loss', 'Reconstruction loss', 'KL divergence loss'])POS Y VEC loss: {'weight': 1200000}, Reconstruction loss: {'weight': 15}, KL divergence loss: {'weight': 0.005}""}",0.6801112656467315,0.6940874035989717,0.7086614173228346,0.0312484523226542,0.1158996558996559,0.0023295944779982,0.0736796536796536,0.0725767788149693,0.1435356870713741,1.1371655473830082,0.7735523943097575,0.0380783076479656,0.301096876667187,0.0,0.0,0.0,0.0,0.0,0.0,0.0,0.0,0.0,0.0,0.0,0.0,0.0
2024-01-04 16:44:53.720928,1,Adult Dataset,Reweighing Bias Mitigation,LogisticRegression,,"['sex', 'race']",{},0.8455634019035922,0.7227722772277227,0.5666235446313066,0.0871814593874267,0.0371731851066211,0.1840357598978289,0.0894827655391036,0.0690161012243943,0.0447168782346164,0.6710951426024955,0.7674556406463267,0.0148434457646264,0.8450277118526645,0.0,0.0,0.0,0.0,0.0,0.0,0.0,0.0,0.0,0.0,0.0,0.0,0.0
2024-01-04 16:44:53.700860,1,Adult Dataset,FairBalance Bias Mitigation,LogisticRegression,,"['sex', 'race']",{},0.8210009210930304,0.5876383763837638,0.8240620957309185,0.000465795158041,0.0347277708064852,0.0875188668292116,0.0233939248023754,0.173254517902541,0.1026346849898079,0.5585937998545046,0.7043319403633796,0.0411320686772845,0.85174123673947,0.0,0.0,0.0,0.0,0.0,0.0,0.0,0.0,0.0,0.0,0.0,0.0,0.0
2024-01-04 16:44:53.680552,1,Adult Dataset,FairMask Bias Mitigation,LogisticRegression,DecisionTreeRegressor,"['sex', 'race']",{},0.8510899600859687,0.7271293375394322,0.5963777490297542,0.0884220331969829,0.0222579418930959,0.1033089515848136,0.0208258095582039,0.1691484343364767,0.0726220019142485,0.3312372086881891,0.6453667746243227,0.0374875719371205,1.6898224420217496,0.0,0.0,0.0,0.0,0.0,0.0,0.0,0.0,0.0,0.0,0.0,0.0,0.0
2024-01-04 16:44:53.660163,1,Adult Dataset,No Bias Mitigation,LogisticRegression,,"['sex', 'race']",{},0.8523180841264968,0.7310126582278481,0.5976714100905562,0.1025065234872965,0.0423956501582634,0.1318007662835249,0.0532683279162151,0.1736502648749515,0.0847054996141641,0.3159717426051265,0.5885103718916773,0.0399931222037153,1.704007077013706,0.0,0.0,0.0,0.0,0.0,0.0,0.0,0.0,0.0,0.0,0.0,0.0,0.0
2024-01-04 16:44:53.640071,1,Adult Dataset,FYP VAE,LogisticRegression,,"['sex', 'race']","{'my model config': ""VAEMaskConfig(epochs=50, latent_dim=30, vae_layers=(75, 60, 30, 15), lr=0.011, losses_used=['POS Y VEC loss', 'Reconstruction loss', 'KL divergence loss'])POS Y VEC loss: {'weight': 1200000}, Reconstruction loss: {'weight': 15}, KL divergence loss: {'weight': 0.005}""}",0.8130181148295977,0.625,0.5304010349288486,0.2026856908040404,0.0544632554712046,0.2746662022524091,0.0412302877091609,0.2243213231641389,0.10350536948298,0.195082310999266,0.5204536352714165,0.0513757053724016,2.717983069739248,0.0,0.0,0.0,0.0,0.0,0.0,0.0,0.0,0.0,0.0,0.0,0.0,0.0
2024-01-04 16:43:52.065888,1,Compas Dataset,Reweighing Bias Mitigation,LogisticRegression,,"['sex', 'race']",{},0.694019471488178,0.7238095238095238,0.7450980392156863,0.0250862457055555,0.055809543052597,0.053982883475971,0.0510300115026666,0.0606797320764077,0.0233765089435192,1.106006760856375,1.0411285946825828,0.0148599217349084,0.3252394847582444,0.0,0.0,0.0,0.0,0.0,0.0,0.0,0.0,0.0,0.0,0.0,0.0,0.0
2024-01-04 16:43:52.035540,1,Compas Dataset,FairBalance Bias Mitigation,LogisticRegression,,"['sex', 'race']",{},0.6731571627260083,0.739612188365651,0.6544117647058824,0.0088820142096527,0.0606690045574568,0.0554970375246872,0.0484680539579629,0.0464648970478789,0.028434223279584,1.0942295114956986,1.058881488915245,0.0143685887329992,0.4197656582503608,0.0,0.0,0.0,0.0,0.0,0.0,0.0,0.0,0.0,0.0,0.0,0.0,0.0
2024-01-04 16:43:51.992724,1,Compas Dataset,FairMask Bias Mitigation,LogisticRegression,DecisionTreeRegressor,"['sex', 'race']",{},0.6926286509040334,0.7286063569682152,0.7303921568627451,0.0989766480943282,0.1260871246526617,0.0190915075707702,0.131862386280456,0.1331555445298933,0.1576879020177989,1.245175288340756,0.7664622210622472,0.048419513270827,0.3593178554601138,0.0,0.0,0.0,0.0,0.0,0.0,0.0,0.0,0.0,0.0,0.0,0.0,0.0
2024-01-04 16:43:51.945729,1,Compas Dataset,No Bias Mitigation,LogisticRegression,,"['sex', 'race']",{},0.7065368567454798,0.7339667458432304,0.7573529411764706,0.2295799725607525,0.1030038279201428,0.1716260697827517,0.1218759803408972,0.272996774993798,0.1392809939201692,1.51242113105632,0.7950204240420151,0.0577973967088426,0.5386587841159307,0.0,0.0,0.0,0.0,0.0,0.0,0.0,0.0,0.0,0.0,0.0,0.0,0.0
2024-01-04 16:43:51.908786,1,Compas Dataset,FYP VAE,LogisticRegression,,"['sex', 'race']","{'my model config': ""VAEMaskConfig(epochs=50, latent_dim=10, vae_layers=(75, 60, 30, 15), lr=0.011, losses_used=['Flipped ADV loss', 'Reconstruction loss', 'KL divergence loss'])Flipped ADV loss: {'weight': 0.01, 'lr': 0.05, 'optimizer': 'Adam', 'layers': (50, 30, 10), 'input_dim': 10, 'sens_col_ids': [7, 8]}, Reconstruction loss: {'weight': 15}, KL divergence loss: {'weight': 0.005}""}",0.6759388038942976,0.7296587926509186,0.6813725490196079,0.1051427774536687,0.0706518056560482,0.0298880842659644,0.0802049566035763,0.1368394939221037,0.1013833817957529,1.271804474228836,0.8305449189985273,0.0390551705060923,0.388552234807981,0.0,0.0,0.0,0.0,0.0,0.0,0.0,0.0,0.0,0.0,0.0,0.0,0.0
2024-01-04 16:43:37.446157,1,Adult Dataset,Reweighing Bias Mitigation,LogisticRegression,,"['sex', 'race']",{},0.842493091802272,0.7117263843648208,0.5653298835705045,0.117385020494967,0.034297924867986,0.2612066059993259,0.0657988587731811,0.0754824731681048,0.0433989600143446,0.648133012633398,0.7777520669656467,0.0153281720323878,0.9540300101430754,0.0,0.0,0.0,0.0,0.0,0.0,0.0,0.0,0.0,0.0,0.0,0.0,0.0
2024-01-04 16:43:37.419431,1,Adult Dataset,FairBalance Bias Mitigation,LogisticRegression,,"['sex', 'race']",{},0.8071845256370893,0.5645592163846839,0.8201811125485123,0.017370107382299,0.0272572288425756,0.1227911791612499,0.0451339356474878,0.1697671020718272,0.0556241707010937,0.5790327956755504,0.8426270890658355,0.0349137716087095,0.7482071762912288,0.0,0.0,0.0,0.0,0.0,0.0,0.0,0.0,0.0,0.0,0.0,0.0,0.0
2024-01-04 16:43:37.409386,1,Adult Dataset,FairMask Bias Mitigation,LogisticRegression,DecisionTreeRegressor,"['sex', 'race']",{},0.8520110531163647,0.7124087591240876,0.6313065976714101,0.0035825546952066,0.0368994768848921,0.0796619962444027,0.0529006181645268,0.1617640797004345,0.0879053254437869,0.3919607215485425,0.6075655114116653,0.0363655937109641,1.8368673657580108,0.0,0.0,0.0,0.0,0.0,0.0,0.0,0.0,0.0,0.0,0.0,0.0,0.0
2024-01-04 16:43:37.382298,1,Adult Dataset,No Bias Mitigation,LogisticRegression,,"['sex', 'race']",{},0.8501688670555726,0.708029197080292,0.6274256144890039,0.0170553679677315,0.0814380082585346,0.0564061822909143,0.1405135520684736,0.1672026783887921,0.1019214631522323,0.3759130797900851,0.5493825986034742,0.0388218417920203,2.075605775030127,0.0,0.0,0.0,0.0,0.0,0.0,0.0,0.0,0.0,0.0,0.0,0.0,0.0
2024-01-04 16:43:37.288557,1,Adult Dataset,FYP VAE,LogisticRegression,,"['sex', 'race']","{'my model config': ""VAEMaskConfig(epochs=50, latent_dim=30, vae_layers=(75, 60, 30, 15), lr=0.011, losses_used=['Flipped ADV loss', 'Reconstruction loss', 'KL divergence loss'])Flipped ADV loss: {'weight': 0.01, 'lr': 0.05, 'optimizer': 'Adam', 'layers': (50, 30, 10), 'input_dim': 44, 'sens_col_ids': [43, 42]}, Reconstruction loss: {'weight': 15}, KL divergence loss: {'weight': 0.005}""}",0.762665029167946,0.0,0.0,0.0,0.0,0.0,0.0,0.0,0.0,1.0,1.0,0.0,0.0,0.0,0.0,0.0,0.0,0.0,0.0,0.0,0.0,0.0,0.0,0.0,0.0,0.0
2024-01-04 16:42:47.100530,1,Compas Dataset,Reweighing Bias Mitigation,LogisticRegression,,"['sex', 'race']",{},0.6912378303198887,0.6860986547085202,0.788659793814433,0.0596879442820402,0.0891770350557308,0.1116883116883117,0.051142330069533,0.0518258080434245,0.1059096945551129,0.917788649706458,0.8463391136801541,0.0236478186942535,0.2764017849491904,0.0,0.0,0.0,0.0,0.0,0.0,0.0,0.0,0.0,0.0,0.0,0.0,0.0
2024-01-04 16:42:47.080352,1,Compas Dataset,FairBalance Bias Mitigation,LogisticRegression,,"['sex', 'race']",{},0.6689847009735744,0.6963350785340314,0.6855670103092784,0.1083280418843149,0.0522442843334913,0.1550324675324675,0.0044841776642542,0.1009499136442141,0.06515817073586,0.8167711598746081,0.8864256885090217,0.0175912689738684,0.3841363902416927,0.0,0.0,0.0,0.0,0.0,0.0,0.0,0.0,0.0,0.0,0.0,0.0,0.0
2024-01-04 16:42:47.069831,1,Compas Dataset,FairMask Bias Mitigation,LogisticRegression,DecisionTreeRegressor,"['sex', 'race']",{},0.6981919332406119,0.6974595842956121,0.7783505154639175,0.0287027164102809,0.2141015981643466,0.0115259740259739,0.1777210160351923,0.0415864791512459,0.2316205264412435,1.0699958471760795,0.6923981368425813,0.0418252053829979,0.4660897299245992,0.0,0.0,0.0,0.0,0.0,0.0,0.0,0.0,0.0,0.0,0.0,0.0,0.0
2024-01-04 16:42:47.049775,1,Compas Dataset,No Bias Mitigation,LogisticRegression,,"['sex', 'race']",{},0.694019471488178,0.6866666666666666,0.7963917525773195,0.1738377781505087,0.1954270651769386,0.1147727272727272,0.1709379877962253,0.1807549962990378,0.2136581877617733,1.306015037593985,0.7206864316239316,0.0547159263464748,0.5098542783763589,0.0,0.0,0.0,0.0,0.0,0.0,0.0,0.0,0.0,0.0,0.0,0.0,0.0
2024-01-04 16:42:47.029335,1,Compas Dataset,FYP VAE,LogisticRegression,,"['sex', 'race']","{'my model config': ""VAEMaskConfig(epochs=50, latent_dim=10, vae_layers=(75, 60, 30, 15), lr=0.011, losses_used=['Sensitive KL loss', 'POS Y VEC loss', 'Reconstruction loss', 'KL divergence loss'])Sensitive KL loss: {'weight': 10000, 'sens_col_ids': [7, 8]}, POS Y VEC loss: {'weight': 1200000}, Reconstruction loss: {'weight': 15}, KL divergence loss: {'weight': 0.005}""}",0.5396383866481224,0.5396383866481224,1.0,0.0,0.0,0.0,0.0,0.0,0.0,1.0,1.0,0.0,0.0,0.0,0.0,0.0,0.0,0.0,0.0,0.0,0.0,0.0,0.0,0.0,0.0,0.0
2024-01-04 16:42:26.961745,1,Adult Dataset,Reweighing Bias Mitigation,LogisticRegression,,"['sex', 'race']",{},0.8480196499846484,0.7627118644067796,0.5590062111801242,0.0258260630004143,0.0025411622213946,0.068541530412034,0.0082774049217002,0.1126979001420635,0.0670053425603769,0.4835270236676082,0.6479401533883743,0.0262199957786771,1.03126257671793,0.0,0.0,0.0,0.0,0.0,0.0,0.0,0.0,0.0,0.0,0.0,0.0,0.0
2024-01-04 16:42:26.937602,1,Adult Dataset,FairBalance Bias Mitigation,LogisticRegression,,"['sex', 'race']",{},0.81639545594105,0.5903930131004367,0.8397515527950311,0.0357652505047268,0.0519639479335828,0.0171353826030085,0.0429530201342281,0.2093848213271279,0.1423427821195719,0.501942089857343,0.616370507633637,0.051204608877655,0.945217116734544,0.0,0.0,0.0,0.0,0.0,0.0,0.0,0.0,0.0,0.0,0.0,0.0,0.0
2024-01-04 16:42:26.921825,1,Adult Dataset,FairMask Bias Mitigation,LogisticRegression,DecisionTreeRegressor,"['sex', 'race']",{},0.8526251151366288,0.7473363774733638,0.6099378881987577,0.1215719092127355,0.0585010192616317,0.1694571615434924,0.0827740492170022,0.1989940227387082,0.1116234587694403,0.2551353874883286,0.4856171432772183,0.0467435623647666,1.8853709061076604,0.0,0.0,0.0,0.0,0.0,0.0,0.0,0.0,0.0,0.0,0.0,0.0,0.0
2024-01-04 16:42:26.901707,1,Adult Dataset,No Bias Mitigation,LogisticRegression,,"['sex', 'race']",{},0.8507829290758366,0.7450076804915514,0.6024844720496895,0.1497002732543941,0.0920294210560941,0.2240026160889469,0.1467561521252796,0.205987426992755,0.1224784758149039,0.2302760420407479,0.4346683160661821,0.0487687226934943,2.2963154799804504,0.0,0.0,0.0,0.0,0.0,0.0,0.0,0.0,0.0,0.0,0.0,0.0,0.0
2024-01-04 16:42:26.881451,1,Adult Dataset,FYP VAE,LogisticRegression,,"['sex', 'race']","{'my model config': ""VAEMaskConfig(epochs=50, latent_dim=30, vae_layers=(75, 60, 30, 15), lr=0.011, losses_used=['Sensitive KL loss', 'POS Y VEC loss', 'Reconstruction loss', 'KL divergence loss'])Sensitive KL loss: {'weight': 10000, 'sens_col_ids': [43, 42]}, POS Y VEC loss: {'weight': 1200000}, Reconstruction loss: {'weight': 15}, KL divergence loss: {'weight': 0.005}""}",0.7623579981578139,0.585635359116022,0.1316770186335403,0.0423913364812821,0.0207383410992778,0.0580771746239372,0.037807606263982,0.0076259842149729,0.0046382485207855,1.1437103577063008,0.9174802747346312,0.0021504425554595,1.14018871551385,0.0,0.0,0.0,0.0,0.0,0.0,0.0,0.0,0.0,0.0,0.0,0.0,0.0
2024-01-04 16:40:32.882491,1,Compas Dataset,Reweighing Bias Mitigation,LogisticRegression,,"['sex', 'race']",{},0.6898470097357441,0.6981566820276498,0.7670886075949367,0.0205604358047966,0.1077072569008052,0.0114950838635049,0.0841013824884792,0.0575993091537133,0.077175613193764,1.0972303206997085,1.1395970650416616,0.0156859028050471,0.3594799948663411,0.0,0.0,0.0,0.0,0.0,0.0,0.0,0.0,0.0,0.0,0.0,0.0,0.0
2024-01-04 16:40:32.865124,1,Compas Dataset,FairBalance Bias Mitigation,LogisticRegression,,"['sex', 'race']",{},0.6801112656467315,0.7211796246648794,0.6810126582278481,0.0250928488804428,0.0642799123559492,0.0567163100057837,0.0445194206714945,0.0121638292622748,0.0347204317709139,1.0235547061634018,1.0700100509479085,0.0081069945315023,0.3033905282152974,0.0,0.0,0.0,0.0,0.0,0.0,0.0,0.0,0.0,0.0,0.0,0.0,0.0
2024-01-04 16:40:32.843096,1,Compas Dataset,FairMask Bias Mitigation,LogisticRegression,DecisionTreeRegressor,"['sex', 'race']",{},0.6884561891515995,0.7002341920374707,0.7569620253164557,0.0803124037616518,0.1046499059056662,0.0730552342394447,0.0945523370638578,0.1229089563286454,0.1291789133536155,1.2156493506493506,0.8097124988922789,0.0404034346884968,0.3090310335950188,0.0,0.0,0.0,0.0,0.0,0.0,0.0,0.0,0.0,0.0,0.0,0.0,0.0
2024-01-04 16:40:32.822400,1,Compas Dataset,No Bias Mitigation,LogisticRegression,,"['sex', 'race']",{},0.6912378303198887,0.6997690531177829,0.7670886075949367,0.2019714120466,0.0721780012102592,0.1312897628687103,0.0675883256528417,0.2278559092030594,0.0979563072586328,1.408447589562141,0.8530655391120507,0.044860250579831,0.4171966001804537,0.0,0.0,0.0,0.0,0.0,0.0,0.0,0.0,0.0,0.0,0.0,0.0,0.0
2024-01-04 16:40:32.802400,1,Compas Dataset,FYP VAE,LogisticRegression,,"['sex', 'race']","{'my model config': ""VAEMaskConfig(epochs=50, latent_dim=10, vae_layers=(75, 60, 30, 15), lr=0.011, losses_used=['POS Y VEC loss', 'Reconstruction loss', 'KL divergence loss'])POS Y VEC loss: {'weight': 1200000}, Reconstruction loss: {'weight': 15}, KL divergence loss: {'weight': 0.005}""}",0.6439499304589708,0.6192109777015438,0.9139240506329114,0.078317509558111,0.0265688152093682,0.0261711972238287,0.0070770243581304,0.0929681717246483,0.0403582048505474,1.117273576097105,0.9518052505182784,0.0227618717852991,0.1817500737800204,0.0,0.0,0.0,0.0,0.0,0.0,0.0,0.0,0.0,0.0,0.0,0.0,0.0
2024-01-04 16:40:14.753691,1,Adult Dataset,Reweighing Bias Mitigation,LogisticRegression,,"['sex', 'race']",{},0.8338962235185754,0.6960132890365448,0.5392535392535392,0.0579095040874578,0.0705937151388995,0.1312759974222275,0.1460882949170358,0.0991759017643786,0.0261868007468501,0.5453037046226371,0.8612902220976233,0.0199811482771242,0.7092355532456002,0.0,0.0,0.0,0.0,0.0,0.0,0.0,0.0,0.0,0.0,0.0,0.0,0.0
2024-01-04 16:40:14.658684,1,Adult Dataset,FairBalance Bias Mitigation,LogisticRegression,,"['sex', 'race']",{},0.8188517040221063,0.5869767441860465,0.8120978120978121,0.0222005800145771,0.0160122608380484,0.0338918507235338,0.0478451835723402,0.1993288664379101,0.0679677737102868,0.4978490489270807,0.8002859784177012,0.0434660511089268,0.7347531813924092,0.0,0.0,0.0,0.0,0.0,0.0,0.0,0.0,0.0,0.0,0.0,0.0,0.0
2024-01-04 16:40:14.616695,1,Adult Dataset,FairMask Bias Mitigation,LogisticRegression,DecisionTreeRegressor,"['sex', 'race']",{},0.8523180841264968,0.7249240121580547,0.6138996138996139,0.0714611968688756,0.0210437122467027,0.0683256195442029,0.0633493505518432,0.1883968388991955,0.060805069171849,0.2897373530002454,0.712112985855886,0.0403259826571313,1.368543199556781,0.0,0.0,0.0,0.0,0.0,0.0,0.0,0.0,0.0,0.0,0.0,0.0,0.0
2024-01-04 16:40:14.403692,1,Adult Dataset,No Bias Mitigation,LogisticRegression,,"['sex', 'race']",{},0.8523180841264968,0.7269938650306749,0.61003861003861,0.0853046175012614,0.0124794554973967,0.0980285898412326,0.009291238080937,0.1897552565223494,0.080182743057087,0.2808574866648614,0.6223078627719837,0.0426310248001305,1.5097966382752137,0.0,0.0,0.0,0.0,0.0,0.0,0.0,0.0,0.0,0.0,0.0,0.0,0.0
2024-01-04 16:40:14.382285,1,Adult Dataset,FYP VAE,LogisticRegression,,"['sex', 'race']","{'my model config': ""VAEMaskConfig(epochs=50, latent_dim=30, vae_layers=(75, 60, 30, 15), lr=0.011, losses_used=['POS Y VEC loss', 'Reconstruction loss', 'KL divergence loss'])POS Y VEC loss: {'weight': 1200000}, Reconstruction loss: {'weight': 15}, KL divergence loss: {'weight': 0.005}""}",0.7614369051274179,0.0,0.0,0.0,0.0,0.0,0.0,0.0,0.0,1.0,1.0,0.0,0.0,0.0,0.0,0.0,0.0,0.0,0.0,0.0,0.0,0.0,0.0,0.0,0.0,0.0
2024-01-04 16:39:28.166471,1,Compas Dataset,Reweighing Bias Mitigation,LogisticRegression,,"['sex', 'race']",{},0.6522948539638387,0.6528735632183909,0.741514360313316,0.0131586234502574,0.0033925305600576,0.0110169491525423,0.0180404723755266,0.0216831779331779,0.009893099086924,1.036096851125753,0.9838234460875972,0.0140648907751261,0.371484645404626,0.0,0.0,0.0,0.0,0.0,0.0,0.0,0.0,0.0,0.0,0.0,0.0,0.0
2024-01-04 16:39:28.106124,1,Compas Dataset,FairBalance Bias Mitigation,LogisticRegression,,"['sex', 'race']",{},0.6439499304589708,0.6702412868632708,0.6527415143603134,0.0485815845894861,0.0197685674363616,0.0507704160246532,0.0178921132277015,0.0190729409479408,0.033984787844136,0.9635016146644056,0.9372189415398404,0.0144053419890475,0.3171407796029058,0.0,0.0,0.0,0.0,0.0,0.0,0.0,0.0,0.0,0.0,0.0,0.0,0.0
2024-01-04 16:39:28.095072,1,Compas Dataset,FairMask Bias Mitigation,LogisticRegression,DecisionTreeRegressor,"['sex', 'race']",{},0.6522948539638387,0.655011655011655,0.7336814621409922,0.0520052064769779,0.1914005643042495,0.0654468412942989,0.1646193104266808,0.0844745532245532,0.2031030718852331,1.1456806666387505,0.7223110542586078,0.0527467255750433,0.4003516769587615,0.0,0.0,0.0,0.0,0.0,0.0,0.0,0.0,0.0,0.0,0.0,0.0,0.0
2024-01-04 16:39:28.080999,1,Compas Dataset,No Bias Mitigation,LogisticRegression,,"['sex', 'race']",{},0.650904033379694,0.6453744493392071,0.7650130548302873,0.2601093798836424,0.1848681376187161,0.2018104776579352,0.1385674440686012,0.2767579642579643,0.1942928426633401,1.4801583958210465,0.7444626743232157,0.0712200726940717,0.5648651438215664,0.0,0.0,0.0,0.0,0.0,0.0,0.0,0.0,0.0,0.0,0.0,0.0,0.0
2024-01-04 16:39:28.058168,1,Compas Dataset,FYP VAE,LogisticRegression,,"['sex', 'race']","{'my model config': ""VAEMaskConfig(epochs=50, latent_dim=10, vae_layers=(75, 60, 30, 15), lr=0.011, losses_used=['Flipped ADV loss', 'Reconstruction loss', 'KL divergence loss'])Flipped ADV loss: {'weight': 0.01, 'lr': 0.05, 'optimizer': 'Adam', 'layers': (50, 30, 10), 'input_dim': 10, 'sens_col_ids': [7, 8]}, Reconstruction loss: {'weight': 15}, KL divergence loss: {'weight': 0.005}""}",0.6022253129346314,0.5796387520525451,0.9216710182767625,0.1097275989888632,0.1250966261203042,0.0869414483821263,0.0424010444484006,0.1211392773892774,0.1247206195748219,1.1472072231565904,0.8658560447239693,0.0397186634968595,0.2158856378479596,0.0,0.0,0.0,0.0,0.0,0.0,0.0,0.0,0.0,0.0,0.0,0.0,0.0
2024-01-04 16:39:15.119435,1,Adult Dataset,Reweighing Bias Mitigation,LogisticRegression,,"['sex', 'race']",{},0.8517040221062327,0.7451298701298701,0.5847133757961783,0.051971047677011,0.0542885398485401,0.1269281150586788,0.1148653606280725,0.109798992837578,0.0328789215835438,0.5131722863392925,0.8304300062774639,0.0225637155333652,0.8076665057474961,0.0,0.0,0.0,0.0,0.0,0.0,0.0,0.0,0.0,0.0,0.0,0.0,0.0
2024-01-04 16:39:15.093939,1,Adult Dataset,FairBalance Bias Mitigation,LogisticRegression,,"['sex', 'race']",{},0.8200798280626344,0.5902085222121487,0.8292993630573249,0.0179396619586078,0.0173811152267616,0.0204373512978854,0.002072785971091,0.1769654128175028,0.0888141679091987,0.5546199957182617,0.7473468257128513,0.0396391457090743,0.8145080375642126,0.0,0.0,0.0,0.0,0.0,0.0,0.0,0.0,0.0,0.0,0.0,0.0,0.0
2024-01-04 16:39:15.079785,1,Adult Dataset,FairMask Bias Mitigation,LogisticRegression,DecisionTreeRegressor,"['sex', 'race']",{},0.8572305802886091,0.7409638554216867,0.6267515923566879,0.112284166270451,0.0146523466205206,0.1423797684925282,0.0037420206911732,0.2011113663042923,0.072413504549189,0.2566732691944916,0.6621916077562957,0.0436489311088212,1.6142649531824165,0.0,0.0,0.0,0.0,0.0,0.0,0.0,0.0,0.0,0.0,0.0,0.0,0.0
2024-01-04 16:39:15.059369,1,Adult Dataset,No Bias Mitigation,LogisticRegression,,"['sex', 'race']",{},0.8566165182683451,0.7438650306748467,0.6178343949044586,0.133356997019801,0.0448368424508006,0.184457454487128,0.051452784503632,0.2052961091546301,0.0904041018774914,0.2347095383054286,0.5761356502881927,0.0461301602207908,1.903817933570009,0.0,0.0,0.0,0.0,0.0,0.0,0.0,0.0,0.0,0.0,0.0,0.0,0.0
2024-01-04 16:39:15.039164,1,Adult Dataset,FYP VAE,LogisticRegression,,"['sex', 'race']","{'my model config': ""VAEMaskConfig(epochs=50, latent_dim=30, vae_layers=(75, 60, 30, 15), lr=0.011, losses_used=['Flipped ADV loss', 'Reconstruction loss', 'KL divergence loss'])Flipped ADV loss: {'weight': 0.01, 'lr': 0.05, 'optimizer': 'Adam', 'layers': (50, 30, 10), 'input_dim': 44, 'sens_col_ids': [43, 42]}, Reconstruction loss: {'weight': 15}, KL divergence loss: {'weight': 0.005}""}",0.7589806570463616,0.0,0.0,0.0,0.0,0.0,0.0,0.0,0.0,1.0,1.0,0.0,0.0,0.0,0.0,0.0,0.0,0.0,0.0,0.0,0.0,0.0,0.0,0.0,0.0,0.0
2024-01-04 16:31:49.264468,1,Adult Dataset,Reweighing Bias Mitigation,LogisticRegression,,"['sex', 'race']",{},0.8461774639238563,0.7215189873417721,0.5838668373879642,0.0654322067625045,0.0986048637836227,0.1431027253668763,0.1924351861544366,0.0948796934839258,0.0072696552783446,0.5768518087795196,0.962748074436386,0.0154442159910837,0.9478562237522886,0.0,0.0,0.0,0.0,0.0,0.0,0.0,0.0,0.0,0.0,0.0,0.0,0.0
2024-01-04 16:31:47.869387,1,Adult Dataset,FairBalance Bias Mitigation,LogisticRegression,,"['sex', 'race']",{},0.8068774946269573,0.5660869565217391,0.8335467349551856,0.024393271621026,0.0707585796249416,0.0397763801537386,0.1451027600404759,0.1950511004990969,0.0328213342695601,0.53014263101031,0.9083392060136246,0.0365955134634087,0.7600401476406932,0.0,0.0,0.0,0.0,0.0,0.0,0.0,0.0,0.0,0.0,0.0,0.0,0.0
2024-01-04 16:31:46.630929,1,Adult Dataset,FairMask Bias Mitigation,LogisticRegression,DecisionTreeRegressor,"['sex', 'race']",{},0.8529321461467608,0.7182080924855492,0.6363636363636364,0.077627898449196,0.0476883054158705,0.0704542278127183,0.1201542272933459,0.1912539831270133,0.0480511121351092,0.3002057717873204,0.7813555655400796,0.0373746388237836,1.7312750930574925,0.0,0.0,0.0,0.0,0.0,0.0,0.0,0.0,0.0,0.0,0.0,0.0,0.0
2024-01-04 16:31:44.506551,1,Adult Dataset,No Bias Mitigation,LogisticRegression,,"['sex', 'race']",{},0.8523180841264968,0.7199413489736071,0.6286811779769527,0.0882629585623981,0.0062603245501055,0.0943116701607267,0.0469834955860288,0.1909980025693668,0.0682531323371294,0.2929890604890604,0.6894313813588937,0.0398090167192855,1.8403879583338687,0.0,0.0,0.0,0.0,0.0,0.0,0.0,0.0,0.0,0.0,0.0,0.0,0.0
2024-01-04 16:31:44.439520,1,Adult Dataset,FYP VAE,LogisticRegression,,"['sex', 'race']","{'my model config': ""VAEMaskConfig(epochs=50, latent_dim=30, vae_layers=(75, 60, 30, 15), lr=0.011, losses_used=['Flipped ADV loss', 'Reconstruction loss', 'KL divergence loss'])Flipped ADV loss: {'weight': 0.01, 'lr': 0.05, 'optimizer': 'Adam', 'layers': (50, 30, 10), 'input_dim': 44, 'sens_col_ids': [43, 42]}, Reconstruction loss: {'weight': 15}, KL divergence loss: {'weight': 0.005}""}",0.7602087810868898,0.0,0.0,0.0,0.0,0.0,0.0,0.0,0.0,1.0,1.0,0.0,0.0,0.0,0.0,0.0,0.0,0.0,0.0,0.0,0.0,0.0,0.0,0.0,0.0,0.0
2024-01-04 16:31:03.771374,1,Adult Dataset,Reweighing Bias Mitigation,LogisticRegression,,"['sex', 'race']",{},0.856002456248081,0.7574171029668412,0.5680628272251309,0.0804496173041975,0.0272695238013804,0.1668978454140741,0.0354136429608127,0.0832014550316633,0.0251371122043013,0.5929207348564964,0.8600583212353725,0.0177976176392096,0.5606745463259535,0.0,0.0,0.0,0.0,0.0,0.0,0.0,0.0,0.0,0.0,0.0,0.0,0.0
2024-01-04 16:31:02.628436,1,Adult Dataset,FairBalance Bias Mitigation,LogisticRegression,,"['sex', 'race']",{},0.8360454405894996,0.6107899807321773,0.8298429319371727,0.0073990513745716,0.0009702976969592,0.0697235102181006,0.0112626995645863,0.1910428592612078,0.0701410275486938,0.5025457504292,0.7868142510609721,0.0422794992745602,0.7581348593576354,0.0,0.0,0.0,0.0,0.0,0.0,0.0,0.0,0.0,0.0,0.0,0.0,0.0
2024-01-04 16:31:01.244577,1,Adult Dataset,FairMask Bias Mitigation,LogisticRegression,DecisionTreeRegressor,"['sex', 'race']",{},0.8704329137242861,0.768025078369906,0.6413612565445026,0.0615551641827236,0.0509930464255418,0.0609519280307533,0.0902177068214803,0.1735620378150732,0.0779070868485009,0.3200302613570348,0.6242606123869171,0.039664786616276,1.3943617496648986,0.0,0.0,0.0,0.0,0.0,0.0,0.0,0.0,0.0,0.0,0.0,0.0,0.0
2024-01-04 16:30:59.005257,1,Adult Dataset,No Bias Mitigation,LogisticRegression,,"['sex', 'race']",{},0.8701258827141541,0.768503937007874,0.6387434554973822,0.0773214372687672,0.0596486201828258,0.0881385487258749,0.1020996613449444,0.1803479408972974,0.0841701348652024,0.2972988411947119,0.5940544537230341,0.0414282588626805,1.5454307629547486,0.0,0.0,0.0,0.0,0.0,0.0,0.0,0.0,0.0,0.0,0.0,0.0,0.0
2024-01-04 16:30:58.923858,1,Adult Dataset,FYP VAE,LogisticRegression,,"['sex', 'race']","{'my model config': ""VAEMaskConfig(epochs=50, latent_dim=30, vae_layers=(75, 60, 30, 15), lr=0.011, losses_used=['Flipped ADV loss', 'Reconstruction loss', 'KL divergence loss'])Flipped ADV loss: {'weight': 0.01, 'lr': 0.05, 'optimizer': 'Adam', 'layers': (50, 30, 10), 'input_dim': 44, 'sens_col_ids': [43, 42]}, Reconstruction loss: {'weight': 15}, KL divergence loss: {'weight': 0.005}""}",0.7654283082591342,0.0,0.0,0.0,0.0,0.0,0.0,0.0,0.0,1.0,1.0,0.0,0.0,0.0,0.0,0.0,0.0,0.0,0.0,0.0,0.0,0.0,0.0,0.0,0.0,0.0
2024-01-04 16:29:25.507404,1,Adult Dataset,Reweighing Bias Mitigation,LogisticRegression,,['sex'],{},0.855388394227817,0.7309027777777778,0.5712347354138398,0.0483944549353317,,0.1049039433771485,,0.1009338268051129,,0.5190283731373749,,0.022212190007795,0.6557967284523954,0.0,0.0,0.0,0.0,,0.0,,0.0,,0.0,,0.0,0.0
2024-01-04 16:29:24.533559,1,Adult Dataset,FairBalance Bias Mitigation,LogisticRegression,,['sex'],{},0.817009517961314,0.5685131195335277,0.7937584803256446,0.0316310792271604,,0.0245197168857431,,0.198771032521161,,0.4781962834893593,,0.0437429163458803,0.7377339958631467,0.0,0.0,0.0,0.0,,0.0,,0.0,,0.0,,0.0,0.0
2024-01-04 16:29:23.616388,1,Adult Dataset,FairMask Bias Mitigation,LogisticRegression,DecisionTreeRegressor,['sex'],{},0.8627571384709856,0.7294303797468354,0.6255088195386703,0.0803696805546393,,0.0937310414560161,,0.1822881326890785,,0.2813388725639207,,0.0401155763892116,1.2681953840398708,0.0,0.0,0.0,0.0,,0.0,,0.0,,0.0,,0.0,0.0
2024-01-04 16:29:22.716372,1,Adult Dataset,No Bias Mitigation,LogisticRegression,,['sex'],{},0.8618360454405894,0.7266982622432859,0.6241519674355496,0.0881250372147596,,0.1046006066734074,,0.1869298516157774,,0.2683031522468142,,0.0411370648834672,1.3156377726564232,0.0,0.0,0.0,0.0,,0.0,,0.0,,0.0,,0.0,0.0
2024-01-04 16:29:22.669301,1,Adult Dataset,FYP VAE,LogisticRegression,,['sex'],"{'my model config': ""VAEMaskConfig(epochs=50, latent_dim=30, vae_layers=(75, 60, 30, 15), lr=0.011, losses_used=['Flipped ADV loss', 'Reconstruction loss', 'KL divergence loss'])Flipped ADV loss: {'weight': 0.01, 'lr': 0.05, 'optimizer': 'Adam', 'layers': (50, 30, 10), 'input_dim': 44, 'sens_col_ids': [43]}, Reconstruction loss: {'weight': 15}, KL divergence loss: {'weight': 0.005}""}",0.7737181455326988,0.0,0.0,0.0,,0.0,,0.0,,1.0,,0.0,0.0,0.0,0.0,0.0,0.0,,0.0,,0.0,,0.0,,0.0,0.0
2024-01-04 16:25:09.856700,1,Adult Dataset,Reweighing Bias Mitigation,LogisticRegression,,['sex'],{},0.8397298127110838,0.7198067632850241,0.5622641509433962,0.0839845064025875,,0.1986521405126056,,0.0923576584135889,,0.5848766300778685,,0.0208558614312584,0.5363543427462214,0.0,0.0,0.0,0.0,,0.0,,0.0,,0.0,,0.0,0.0
2024-01-04 16:25:08.621317,1,Adult Dataset,FairBalance Bias Mitigation,LogisticRegression,,['sex'],{},0.817009517961314,0.5918744228993537,0.8062893081761007,0.0139018100652505,,0.0739227599692715,,0.19454052858103,,0.5130785128716306,,0.0439304154797927,0.6673263989884004,0.0,0.0,0.0,0.0,,0.0,,0.0,,0.0,,0.0,0.0
2024-01-04 16:25:07.206982,1,Adult Dataset,FairMask Bias Mitigation,LogisticRegression,DecisionTreeRegressor,['sex'],{},0.842493091802272,0.7149390243902439,0.589937106918239,0.0981362140527957,,0.1027306376143585,,0.1916897310339933,,0.2832616886907605,,0.0432866590265561,1.2613841135856103,0.0,0.0,0.0,0.0,,0.0,,0.0,,0.0,,0.0,0.0
2024-01-04 16:25:05.826959,1,Adult Dataset,No Bias Mitigation,LogisticRegression,,['sex'],{},0.842800122812404,0.7166921898928025,0.5886792452830188,0.1076459521334606,,0.1197360150848523,,0.1957231774975265,,0.2694598182566097,,0.0441974768404633,1.3113359971272758,0.0,0.0,0.0,0.0,,0.0,,0.0,,0.0,,0.0,0.0
2024-01-04 16:25:05.770943,1,Adult Dataset,FYP VAE,LogisticRegression,,['sex'],"{'my model config': ""VAEMaskConfig(epochs=50, latent_dim=30, vae_layers=(75, 60, 30, 15), lr=0.011, losses_used=['Flipped ADV loss', 'Reconstruction loss', 'KL divergence loss'])Flipped ADV loss: {'weight': 0.01, 'lr': 0.05, 'optimizer': 'Adam', 'layers': (50, 30, 10), 'input_dim': 44, 'sens_col_ids': [43]}, Reconstruction loss: {'weight': 15}, KL divergence loss: {'weight': 0.005}""}",0.7559103469450414,0.0,0.0,0.0,,0.0,,0.0,,1.0,,0.0,0.0,0.0,0.0,0.0,0.0,,0.0,,0.0,,0.0,,0.0,0.0
