time,reps,data,bias mitigation,ML method,bias mit ML method,sensitive attrs,other,sex|[AOD] Average Odds Difference,race|[AOD] Average Odds Difference,sex|[EOD] Equal Opportunity Difference,race|[EOD] Equal Opportunity Difference,sex|[SPD] Statistical Parity Difference,race|[SPD] Statistical Parity Difference,sex|[DI] Disparate Impact,race|[DI] Disparate Impact,sex|[DI_FM] Disparate Impact the way it was implemented in FairMask,race|[DI_FM] Disparate Impact the way it was implemented in FairMask,sex|[FR] Flip Rate,race|[FR] Flip Rate,sex|[SF] Statistical Parity Subgroup Fairness for One Attribute,race|[SF] Statistical Parity Subgroup Fairness for One Attribute,sex|[DF] Differential Fairness for One Attribute,race|[DF] Differential Fairness for One Attribute,accuracy,precision,recall,f1score,[SF] Statistical Parity Subgroup Fairness,[SF] Statistical Parity Subgroup Fairness if 0 was the positive label,[DF] Differential Fairness,[DF] Differential Fairness if 0 was the positive label,[MEOD] M Equal Opportunity Difference,[MAOD] M Average Odds Difference,VAR|sex|[AOD] Average Odds Difference,VAR|race|[AOD] Average Odds Difference,VAR|sex|[EOD] Equal Opportunity Difference,VAR|race|[EOD] Equal Opportunity Difference,VAR|sex|[SPD] Statistical Parity Difference,VAR|race|[SPD] Statistical Parity Difference,VAR|sex|[DI] Disparate Impact,VAR|race|[DI] Disparate Impact,VAR|sex|[DI_FM] Disparate Impact the way it was implemented in FairMask,VAR|race|[DI_FM] Disparate Impact the way it was implemented in FairMask,VAR|sex|[FR] Flip Rate,VAR|race|[FR] Flip Rate,VAR|sex|[SF] Statistical Parity Subgroup Fairness for One Attribute,VAR|race|[SF] Statistical Parity Subgroup Fairness for One Attribute,VAR|sex|[DF] Differential Fairness for One Attribute,VAR|race|[DF] Differential Fairness for One Attribute,VAR|accuracy,VAR|precision,VAR|recall,VAR|f1score,VAR|[SF] Statistical Parity Subgroup Fairness,VAR|[SF] Statistical Parity Subgroup Fairness if 0 was the positive label,VAR|[DF] Differential Fairness,VAR|[DF] Differential Fairness if 0 was the positive label,VAR|[MEOD] M Equal Opportunity Difference,VAR|[MAOD] M Average Odds Difference
2023-12-01 00:08:20.449178,1,Compas Dataset,No Bias Mitigation,RandomForestClassifier,,"['sex', 'race']",{},0.14826600358156725,0.09423428324135166,0.22039842873176196,0.07379011778363609,0.1803026544281816,0.11147405757650741,1.3532957417849505,0.8186867738213434,0.2610632183908046,0.22146837102589312,0.24756606397774686,0.31154381084840055,0.028118175258868675,0.02614123695984803,0.3025429075535492,0.20005371782813686,0.60778859527121,0.6658163265306123,0.633495145631068,0.6492537313432837,0.04349070819655644,0.043490708196556385,0.4251628646476546,0.6033299147010435,0.40361305361305355,0.21450706156588506,0.0,0.0,0.0,0.0,0.0,0.0,0.0,0.0,0.0,0.0,0.0,0.0,0.0,0.0,0.0,0.0,0.0,0.0,0.0,0.0,0.0,0.0,0.0,0.0,0.0,0.0
2023-12-01 00:08:19.382065,1,Adult Dataset,No Bias Mitigation,RandomForestClassifier,,"['sex', 'race']",{},0.1172395628976783,0.0614321718390949,0.1560798958863802,0.0731855353948376,0.1975880857060281,0.1016842215820429,0.3213143932106915,0.5785416666666667,2.1122166361974406,0.7284839755131436,0.0414491863678231,0.0785999385937979,0.043566258036704,0.012777184569943,1.1353352170672455,0.5472447095891827,0.8529321461467608,0.7272727272727273,0.6584766584766585,0.6911669890393295,0.0449628390668255,0.0449628390668255,1.8399861317169317,0.311288555427432,0.4010720111862037,0.2460851348823708,0.0,0.0,0.0,0.0,0.0,0.0,0.0,0.0,0.0,0.0,0.0,0.0,0.0,0.0,0.0,0.0,0.0,0.0,0.0,0.0,0.0,0.0,0.0,0.0,0.0,0.0
2023-12-01 00:03:18.995415,1,Compas Dataset,No Bias Mitigation,RandomForestClassifier,,"['sex', 'race']",{},0.1407746403265728,0.126704657734691,0.1876707272056108,0.1212732752125713,0.1632543606006903,0.1503033829274374,1.303034237977752,0.7749695114363225,0.2325604570821154,0.2903733440385385,0.2503477051460361,0.2545201668984701,0.0270852153257209,0.0349794278485224,0.2646955740659136,0.2549315904847958,0.6203059805285118,0.6432038834951457,0.6777493606138107,0.660024906600249,0.0465296221571839,0.0465296221571839,0.4054149287168299,0.6329961832678338,0.298360655737705,0.2240919159928758,0.0,0.0,0.0,0.0,0.0,0.0,0.0,0.0,0.0,0.0,0.0,0.0,0.0,0.0,0.0,0.0,0.0,0.0,0.0,0.0,0.0,0.0,0.0,0.0,0.0,0.0
2023-12-01 00:03:18.092003,1,Adult Dataset,No Bias Mitigation,RandomForestClassifier,,"['sex', 'race']",{},0.0368811646487411,0.0628791517446021,0.0038238559269766,0.0678469629451202,0.1733594354263875,0.1306045383833204,0.3739314191301648,0.4521368222459191,1.674287178986427,1.2117198838896952,0.0411421553576911,0.0730733804114215,0.0387925244312125,0.0169996386705981,0.9836828696918988,0.7937704408716517,0.8575376112987412,0.729957805907173,0.6561314791403287,0.6910785619174433,0.0442230234796238,0.0442230234796238,1.7884785256408238,0.2989644264831483,0.0752262443438913,0.0919009998821535,0.0,0.0,0.0,0.0,0.0,0.0,0.0,0.0,0.0,0.0,0.0,0.0,0.0,0.0,0.0,0.0,0.0,0.0,0.0,0.0,0.0,0.0,0.0,0.0,0.0,0.0
2023-11-29 21:46:55.777415,1,Compas Dataset,No Bias Mitigation,RandomForestClassifier,,['race'],{'sdf': 11},,0.09344,,0.07396,,0.10745,,0.82435,,,,,,,,,0.6203059805285118,0.65897,0.64736,,0.0245937314420237,,,,,,,0.0,,0.0,,0.0,,0.0,,,,,,,,,0.0,0.0,0.0,,0.0,,,,,
2023-11-29 21:46:55.754760,1,Compas Dataset,No Bias Mitigation,RandomForestClassifier,,['sex'],{},0.08164,,0.09682,,0.1124,,1.21587,,,,,,,,,,0.6203059805285118,0.65897,0.64736,,0.0175293687531554,,,,,,0.0,,0.0,,0.0,,0.0,,,,,,,,,,0.0,0.0,0.0,,0.0,,,,,
2023-11-29 21:46:55.741076,1,Compas Dataset,Reweighing Bias Mitigation,RandomForestClassifier,,['sex'],{},0.04984,,0.11118,,0.09427,,1.18225,,,,,,,,,,0.627260083449235,0.66753,0.64736,,0.0147013024193314,,,,,,0.0,,0.0,,0.0,,0.0,,,,,,,,,,0.0,0.0,0.0,,0.0,,,,,
2023-11-29 21:46:55.716636,1,Compas Dataset,FairMask Bias Mitigation,RandomForestClassifier,DecisionTreeRegressor,['sex'],{},0.00682,,0.01252,,0.02465,,1.04656,,,,,,,,,,0.6147426981919333,0.65625,0.63476,,0.0038436168298962,,,,,,0.0,,0.0,,0.0,,0.0,,,,,,,,,,0.0,0.0,0.0,,0.0,,,,,
2023-11-29 21:46:55.686484,1,Compas Dataset,No Bias Mitigation,RandomForestClassifier,,['sex'],{},0.08164,,0.09682,,0.1124,,1.21587,,,,,,,,,,0.6203059805285118,0.65897,0.64736,,0.0175293687531554,,,,,,0.0,,0.0,,0.0,,0.0,,,,,,,,,,0.0,0.0,0.0,,0.0,,,,,
2023-11-29 21:46:52.802925,1,Adult Dataset,No Bias Mitigation,RandomForestClassifier,,['race'],{'sdf': 11},,0.06216,,0.08166,,0.10746,,0.52589,,,,,,,,,0.8599938593797973,0.74307,0.64512,,0.0138491064662314,,,,,,,0.0,,0.0,,0.0,,0.0,,,,,,,,,0.0,0.0,0.0,,0.0,,,,,
2023-11-29 21:46:52.768912,1,Adult Dataset,No Bias Mitigation,RandomForestClassifier,,['sex'],{},0.08693,,0.09319,,0.18915,,0.31061,,,,,,,,,,0.8599938593797973,0.74307,0.64512,,0.0423637749033776,,,,,,0.0,,0.0,,0.0,,0.0,,,,,,,,,,0.0,0.0,0.0,,0.0,,,,,
2023-11-29 21:46:52.742153,1,Adult Dataset,Reweighing Bias Mitigation,RandomForestClassifier,,['sex'],{},0.05155,,0.04206,,0.16392,,0.37395,,,,,,,,,,0.8584587043291373,0.74405,0.63371,,0.0367136313190106,,,,,,0.0,,0.0,,0.0,,0.0,,,,,,,,,,0.0,0.0,0.0,,0.0,,,,,
2023-11-29 21:46:52.714553,1,Adult Dataset,FairMask Bias Mitigation,RandomForestClassifier,DecisionTreeRegressor,['sex'],{},0.08373,,0.09017,,0.18548,,0.31938,,,,,,,,,,0.8593797973595333,0.74231,0.64259,,0.0415417575842645,,,,,,0.0,,0.0,,0.0,,0.0,,,,,,,,,,0.0,0.0,0.0,,0.0,,,,,
2023-11-29 21:46:52.704588,1,Adult Dataset,No Bias Mitigation,RandomForestClassifier,,['sex'],{},0.08693,,0.09319,,0.18915,,0.31061,,,,,,,,,,0.8599938593797973,0.74307,0.64512,,0.0423637749033776,,,,,,0.0,,0.0,,0.0,,0.0,,,,,,,,,,0.0,0.0,0.0,,0.0,,,,,
2023-11-29 19:53:19.948646,1,Compas Dataset,No Bias Mitigation,RandomForestClassifier,,['race'],{},,0.0825,,0.04989,,0.11914,,0.83241,,,,,,,,,0.6522948539638387,0.62719,0.78142,,0.0273173411533945,,,,,,,0.0,,0.0,,0.0,,0.0,,,,,,,,,0.0,0.0,0.0,,0.0,,,,,
2023-11-29 19:53:19.935560,1,Compas Dataset,No Bias Mitigation,RandomForestClassifier,,['sex'],{},0.13408,,0.1255,,0.1651,,1.27517,,,,,,,,,,0.6522948539638387,0.62719,0.78142,,0.0271239029636665,,,,,,0.0,,0.0,,0.0,,0.0,,,,,,,,,,0.0,0.0,0.0,,0.0,,,,,
2023-11-29 19:53:19.929170,1,Compas Dataset,Reweighing Bias Mitigation,RandomForestClassifier,,['sex'],{},0.06093,,0.04324,,0.08715,,1.14113,,,,,,,,,,0.6342141863699583,0.61269,0.76503,,0.0143182948036699,,,,,,0.0,,0.0,,0.0,,0.0,,,,,,,,,,0.0,0.0,0.0,,0.0,,,,,
2023-11-29 19:53:19.914568,1,Compas Dataset,FairMask Bias Mitigation,RandomForestClassifier,DecisionTreeRegressor,['sex'],{},0.00204,,0.07334,,0.04574,,1.07558,,,,,,,,,,0.6662030598052852,0.64253,0.77596,,0.0075150736709345,,,,,,0.0,,0.0,,0.0,,0.0,,,,,,,,,,0.0,0.0,0.0,,0.0,,,,,
2023-11-29 19:53:19.885552,1,Compas Dataset,No Bias Mitigation,RandomForestClassifier,,['sex'],{},0.13408,,0.1255,,0.1651,,1.27517,,,,,,,,,,0.6522948539638387,0.62719,0.78142,,0.0271239029636665,,,,,,0.0,,0.0,,0.0,,0.0,,,,,,,,,,0.0,0.0,0.0,,0.0,,,,,
2023-11-29 19:53:18.115156,1,Adult Dataset,No Bias Mitigation,RandomForestClassifier,,['race'],{},,0.03697,,0.04756,,0.06377,,0.64223,,,,,,,,,0.8332821614983114,0.71143,0.50515,,0.0077763592532425,,,,,,,0.0,,0.0,,0.0,,0.0,,,,,,,,,0.0,0.0,0.0,,0.0,,,,,
2023-11-29 19:53:18.100676,1,Adult Dataset,No Bias Mitigation,RandomForestClassifier,,['sex'],{},0.17842,,0.27817,,0.18808,,0.17993,,,,,,,,,,0.8332821614983114,0.71143,0.50515,,0.0409209082650353,,,,,,0.0,,0.0,,0.0,,0.0,,,,,,,,,,0.0,0.0,0.0,,0.0,,,,,
2023-11-29 19:53:18.085860,1,Adult Dataset,Reweighing Bias Mitigation,RandomForestClassifier,,['sex'],{},0.07077,,0.11464,,0.11341,,0.39762,,,,,,,,,,0.8228431071538226,0.70101,0.44716,,0.0246740941713221,,,,,,0.0,,0.0,,0.0,,0.0,,,,,,,,,,0.0,0.0,0.0,,0.0,,,,,
2023-11-29 19:53:18.064866,1,Adult Dataset,FairMask Bias Mitigation,RandomForestClassifier,DecisionTreeRegressor,['sex'],{},0.03997,,0.07502,,0.09911,,0.55918,,,,,,,,,,0.8179306109917102,0.64547,0.5232,,0.0215639086885816,,,,,,0.0,,0.0,,0.0,,0.0,,,,,,,,,,0.0,0.0,0.0,,0.0,,,,,
2023-11-29 19:53:18.048493,1,Adult Dataset,No Bias Mitigation,RandomForestClassifier,,['sex'],{},0.17842,,0.27817,,0.18808,,0.17993,,,,,,,,,,0.8332821614983114,0.71143,0.50515,,0.0409209082650353,,,,,,0.0,,0.0,,0.0,,0.0,,,,,,,,,,0.0,0.0,0.0,,0.0,,,,,
2023-11-29 19:50:41.684712,1,Compas Dataset,No Bias Mitigation,LogisticRegression,,['race'],{},,0.20226,,0.13946,,0.20511,,0.7211,,,,,,,,,0.6981919332406119,0.71889,0.76658,,0.0471080023444708,,,,,,,0.0,,0.0,,0.0,,0.0,,,,,,,,,0.0,0.0,0.0,,0.0,,,,,
2023-11-29 19:50:41.672066,1,Compas Dataset,No Bias Mitigation,LogisticRegression,,['sex'],{},0.12742,,0.10098,,0.1588,,1.27815,,,,,,,,,,0.6981919332406119,0.71889,0.76658,,0.0259594050615036,,,,,,0.0,,0.0,,0.0,,0.0,,,,,,,,,,0.0,0.0,0.0,,0.0,,,,,
2023-11-29 19:50:41.656664,1,Compas Dataset,Reweighing Bias Mitigation,LogisticRegression,,['sex'],{},0.07776,,0.09784,,0.04514,,0.9255,,,,,,,,,,0.6884561891515995,0.71329,0.75184,,0.0073796669381249,,,,,,0.0,,0.0,,0.0,,0.0,,,,,,,,,,0.0,0.0,0.0,,0.0,,,,,
2023-11-29 19:50:41.641062,1,Compas Dataset,FairMask Bias Mitigation,LogisticRegression,DecisionTreeRegressor,['sex'],{},0.00282,,0.0136,,0.03718,,1.06512,,,,,,,,,,0.6926286509040334,0.72356,0.73956,,0.0060778279212552,,,,,,0.0,,0.0,,0.0,,0.0,,,,,,,,,,0.0,0.0,0.0,,0.0,,,,,
2023-11-29 19:50:41.621038,1,Compas Dataset,No Bias Mitigation,LogisticRegression,,['sex'],{},0.12742,,0.10098,,0.1588,,1.27815,,,,,,,,,,0.6981919332406119,0.71889,0.76658,,0.0259594050615036,,,,,,0.0,,0.0,,0.0,,0.0,,,,,,,,,,0.0,0.0,0.0,,0.0,,,,,
2023-11-29 19:50:41.256359,1,Adult Dataset,No Bias Mitigation,LogisticRegression,,['race'],{},,0.10236,,0.15435,,0.10763,,0.37211,,,,,,,,,0.8246852932146147,0.73715,0.45993,,0.0136640583013898,,,,,,,0.0,,0.0,,0.0,,0.0,,,,,,,,,0.0,0.0,0.0,,0.0,,,,,
2023-11-29 19:50:41.245258,1,Adult Dataset,No Bias Mitigation,LogisticRegression,,['sex'],{},0.17528,,0.285,,0.17887,,0.16527,,,,,,,,,,0.8246852932146147,0.73715,0.45993,,0.0395145233586307,,,,,,0.0,,0.0,,0.0,,0.0,,,,,,,,,,0.0,0.0,0.0,,0.0,,,,,
2023-11-29 19:50:41.223850,1,Adult Dataset,Reweighing Bias Mitigation,LogisticRegression,,['sex'],{},0.01734,,0.02843,,0.0857,,0.46524,,,,,,,,,,0.8179306109917102,0.75349,0.39951,,0.0189318507107197,,,,,,0.0,,0.0,,0.0,,0.0,,,,,,,,,,0.0,0.0,0.0,,0.0,,,,,
2023-11-29 19:50:41.217228,1,Adult Dataset,FairMask Bias Mitigation,LogisticRegression,DecisionTreeRegressor,['sex'],{},0.04027,,0.04999,,0.12251,,0.42459,,,,,,,,,,0.8222290451335585,0.70641,0.48952,,0.0270640718194269,,,,,,0.0,,0.0,,0.0,,0.0,,,,,,,,,,0.0,0.0,0.0,,0.0,,,,,
2023-11-29 19:50:41.187096,1,Adult Dataset,No Bias Mitigation,LogisticRegression,,['sex'],{},0.17528,,0.285,,0.17887,,0.16527,,,,,,,,,,0.8246852932146147,0.73715,0.45993,,0.0395145233586307,,,,,,0.0,,0.0,,0.0,,0.0,,,,,,,,,,0.0,0.0,0.0,,0.0,,,,,
2023-11-29 19:47:18.120351,1,Compas Dataset,No Bias Mitigation,LogisticRegression,,['race'],{},,0.1584,,0.06804,,0.17501,,0.76425,,,,,,,,,0.6981919332406119,0.71205,0.78378,,0.0379873916987935,,,,,,,0.0,,0.0,,0.0,,0.0,,,,,,,,,0.0,0.0,0.0,,0.0,,,,,
2023-11-29 19:47:18.103912,1,Compas Dataset,No Bias Mitigation,LogisticRegression,,['sex'],{},0.28921,,0.22994,,0.32423,,1.5861,,,,,,,,,,0.6981919332406119,0.71205,0.78378,,0.0548281204965171,,,,,,0.0,,0.0,,0.0,,0.0,,,,,,,,,,0.0,0.0,0.0,,0.0,,,,,
2023-11-29 19:47:18.090577,1,Compas Dataset,Reweighing Bias Mitigation,LogisticRegression,,['sex'],{},0.06285,,0.05374,,0.11039,,1.1842,,,,,,,,,,0.6759388038942976,0.6942,0.76413,,0.0186667853087563,,,,,,0.0,,0.0,,0.0,,0.0,,,,,,,,,,0.0,0.0,0.0,,0.0,,,,,
2023-11-29 19:47:18.073166,1,Compas Dataset,FairMask Bias Mitigation,LogisticRegression,DecisionTreeRegressor,['sex'],{},0.12897,,0.11779,,0.18229,,1.32953,,,,,,,,,,0.6954102920723226,0.72066,0.7543,,0.0308263099150612,,,,,,0.0,,0.0,,0.0,,0.0,,,,,,,,,,0.0,0.0,0.0,,0.0,,,,,
2023-11-29 19:47:18.050126,1,Compas Dataset,No Bias Mitigation,LogisticRegression,,[],{},,,,,,,,,,,,,,,,,0.6981919332406119,0.71205,0.78378,,0.0,,,,,,,,,,,,,,,,,,,,,,0.0,0.0,0.0,,0.0,,,,,
2023-11-29 19:47:17.588534,1,Adult Dataset,No Bias Mitigation,LogisticRegression,,['race'],{},,0.08169,,0.11556,,0.09917,,0.36054,,,,,,,,,0.8262204482652747,0.69935,0.42857,,0.0121372931063949,,,,,,,0.0,,0.0,,0.0,,0.0,,,,,,,,,0.0,0.0,0.0,,0.0,,,,,
2023-11-29 19:47:17.575678,1,Adult Dataset,No Bias Mitigation,LogisticRegression,,['sex'],{},0.18581,,0.29628,,0.17068,,0.13315,,,,,,,,,,0.8262204482652747,0.69935,0.42857,,0.0376144567205524,,,,,,0.0,,0.0,,0.0,,0.0,,,,,,,,,,0.0,0.0,0.0,,0.0,,,,,
2023-11-29 19:47:17.564941,1,Adult Dataset,Reweighing Bias Mitigation,LogisticRegression,,['sex'],{},0.04038,,0.07234,,0.07744,,0.45838,,,,,,,,,,0.8231501381639545,0.72585,0.37116,,0.0170676059282908,,,,,,0.0,,0.0,,0.0,,0.0,,,,,,,,,,0.0,0.0,0.0,,0.0,,,,,
2023-11-29 19:47:17.549843,1,Adult Dataset,FairMask Bias Mitigation,LogisticRegression,DecisionTreeRegressor,['sex'],{},0.09147,,0.15311,,0.11502,,0.40896,,,,,,,,,,0.8194657660423703,0.65753,0.4486,,0.025348959078149,,,,,,0.0,,0.0,,0.0,,0.0,,,,,,,,,,0.0,0.0,0.0,,0.0,,,,,
2023-11-29 19:47:17.529563,1,Adult Dataset,No Bias Mitigation,LogisticRegression,,[],{},,,,,,,,,,,,,,,,,0.8262204482652747,0.69935,0.42857,,0.0,,,,,,,,,,,,,,,,,,,,,,0.0,0.0,0.0,,0.0,,,,,
2023-11-29 19:43:47.971340,1,Compas Dataset,No Bias Mitigation,LogisticRegression,,['race'],{},,0.21321,,0.18446,,0.2218,,0.70752,,,,,,,,,0.6662030598052852,0.67882,0.75063,,0.0493228696168569,,,,,,,0.0,,0.0,,0.0,,0.0,,,,,,,,,0.0,0.0,0.0,,0.0,,,,,
2023-11-29 19:43:47.959125,1,Compas Dataset,No Bias Mitigation,LogisticRegression,,['sex'],{},0.19847,,0.15319,,0.22718,,1.40476,,,,,,,,,,0.6662030598052852,0.67882,0.75063,,0.0385967219964368,,,,,,0.0,,0.0,,0.0,,0.0,,,,,,,,,,0.0,0.0,0.0,,0.0,,,,,
2023-11-29 19:43:47.945941,1,Compas Dataset,Reweighing Bias Mitigation,LogisticRegression,,['sex'],{},0.02936,,0.0289,,0.02963,,1.04949,,,,,,,,,,0.6662030598052852,0.68046,0.74559,,0.0050332616967237,,,,,,0.0,,0.0,,0.0,,0.0,,,,,,,,,,0.0,0.0,0.0,,0.0,,,,,
2023-11-29 19:43:47.929761,1,Compas Dataset,FairMask Bias Mitigation,LogisticRegression,DecisionTreeRegressor,['sex'],{},0.03699,,0.07552,,0.09257,,1.16492,,,,,,,,,,0.6731571627260083,0.69378,0.73048,,0.0157265248248901,,,,,,0.0,,0.0,,0.0,,0.0,,,,,,,,,,0.0,0.0,0.0,,0.0,,,,,
2023-11-29 19:43:47.897306,1,Compas Dataset,No Bias Mitigation,LogisticRegression,,[],{},,,,,,,,,,,,,,,,,0.6662030598052852,0.67882,0.75063,,0.0,,,,,,,,,,,,,,,,,,,,,,0.0,0.0,0.0,,0.0,,,,,
2023-11-29 19:43:47.454308,1,Adult Dataset,No Bias Mitigation,LogisticRegression,,['race'],{},,0.06213,,0.06369,,0.09333,,0.45449,,,,,,,,,0.815781393920786,0.66537,0.44416,,0.0113809806119862,,,,,,,0.0,,0.0,,0.0,,0.0,,,,,,,,,0.0,0.0,0.0,,0.0,,,,,
2023-11-29 19:43:47.442140,1,Adult Dataset,No Bias Mitigation,LogisticRegression,,['sex'],{},0.1739,,0.25432,,0.1824,,0.16272,,,,,,,,,,0.815781393920786,0.66537,0.44416,,0.0402752664509751,,,,,,0.0,,0.0,,0.0,,0.0,,,,,,,,,,0.0,0.0,0.0,,0.0,,,,,
2023-11-29 19:43:47.429684,1,Adult Dataset,Reweighing Bias Mitigation,LogisticRegression,,['sex'],{},0.01508,,0.00034,,0.091,,0.45971,,,,,,,,,,0.8173165489714461,0.69401,0.40649,,0.0200923845657198,,,,,,0.0,,0.0,,0.0,,0.0,,,,,,,,,,0.0,0.0,0.0,,0.0,,,,,
2023-11-29 19:43:47.391826,1,Adult Dataset,FairMask Bias Mitigation,LogisticRegression,DecisionTreeRegressor,['sex'],{},0.04196,,0.03785,,0.11575,,0.46304,,,,,,,,,,0.8096407737181456,0.62976,0.47273,,0.0255576685213275,,,,,,0.0,,0.0,,0.0,,0.0,,,,,,,,,,0.0,0.0,0.0,,0.0,,,,,
2023-11-29 19:43:47.369361,1,Adult Dataset,No Bias Mitigation,LogisticRegression,,[],{},,,,,,,,,,,,,,,,,0.815781393920786,0.66537,0.44416,,0.0,,,,,,,,,,,,,,,,,,,,,,0.0,0.0,0.0,,0.0,,,,,
2023-11-29 19:42:36.867886,3,Compas Dataset,No Bias Mitigation,LogisticRegression,,['race'],{},,0.1763566666666667,,0.1505433333333333,,0.1985966666666666,,0.7371266666666667,,,,,,,,,0.684747334260547,0.70953,0.75799,,0.0444785325521009,,,,,,,0.0034305606222222,,0.0021690894222222,,0.0046039430888888,,0.0047502966888888,,,,,,,,,0.0001113344247545,0.0002562274666666,0.0003436114666666,,0.0002324271358917,,,,,
2023-11-29 19:42:36.853886,3,Compas Dataset,No Bias Mitigation,LogisticRegression,,['sex'],{},0.22371,,0.1684066666666666,,0.25354,,1.44995,,,,,,,,,,0.684747334260547,0.70953,0.75799,,0.0365198406327234,,,,,,0.0014888561999999,,6.900428888888873e-05,,0.0004911666666666,,0.0028150348666666,,,,,,,,,,0.0001113344247545,0.0002562274666666,0.0003436114666666,,1.3415945087719689e-05,,,,,
2023-11-29 19:42:36.838181,3,Compas Dataset,Reweighing Bias Mitigation,LogisticRegression,,['sex'],{},0.0217266666666666,,0.03052,,0.0619,,1.1044533333333333,,,,,,,,,,0.6759388038942977,0.70383,0.74765,,0.0088775233205857,,,,,,0.0006859777555555,,0.0001240112666666,,0.0005333880666666,,0.0016509974222222,,,,,,,,,,4.642516553473087e-05,0.0003800413999999,0.0002320072666666,,1.09392879741045e-05,,,,,
2023-11-29 19:42:36.822579,3,Compas Dataset,FairMask Bias Mitigation,LogisticRegression,DecisionTreeRegressor,['sex'],{},0.09101,,0.0621066666666666,,0.1312766666666666,,1.23308,,,,,,,,,,0.6801112656467315,0.7131933333333333,0.7352466666666667,,0.0189169653674713,,,,,,0.0008318228666666,,0.0002311766888888,,0.0001999766888888,,0.0010307922666666,,,,,,,,,,0.000163777667303,0.0003164850888888,0.0004598942888888,,5.296331414163865e-06,,,,,
2023-11-29 19:42:36.801035,3,Compas Dataset,No Bias Mitigation,LogisticRegression,,['sex'],{},0.22371,,0.1684066666666666,,0.25354,,1.44995,,,,,,,,,,0.684747334260547,0.70953,0.75799,,0.0365198406327234,,,,,,0.0014888561999999,,6.900428888888873e-05,,0.0004911666666666,,0.0028150348666666,,,,,,,,,,0.0001113344247545,0.0002562274666666,0.0003436114666666,,1.3415945087719689e-05,,,,,
2023-11-29 19:42:35.658941,3,Adult Dataset,No Bias Mitigation,LogisticRegression,,['race'],{},,0.0475466666666666,,0.0807433333333333,,0.07642,,0.50674,,,,,,,,,0.8245829495445708,0.7099099999999999,0.43252,,0.0097072515407875,,,,,,,0.0010382944888888,,0.0008151744222222,,9.715520000000006e-05,,0.0044944804666666,,,,,,,,,5.865567006922825e-07,0.0009053575999999,7.741406666666652e-05,,1.7944027561475876e-06,,,,,
2023-11-29 19:42:35.645037,3,Adult Dataset,No Bias Mitigation,LogisticRegression,,['sex'],{},0.1681533333333333,,0.2636166666666666,,0.1677733333333333,,0.1573666666666666,,,,,,,,,,0.8245829495445708,0.7099099999999999,0.43252,,0.0371022041847657,,,,,,0.0001031804222222,,0.0005753962888888,,2.28933555555555e-05,,3.955242222222225e-05,,,,,,,,,,5.865567006922825e-07,0.0009053575999999,7.741406666666652e-05,,1.0271641633454425e-06,,,,,
2023-11-29 19:42:35.633155,3,Adult Dataset,Reweighing Bias Mitigation,LogisticRegression,,['sex'],{},0.01163,,0.0171733333333333,,0.0707133333333333,,0.5208966666666667,,,,,,,,,,0.8166001432811382,0.7111666666666666,0.3747366666666667,,0.0156379053930337,,,,,,1.0226466666666666e-05,,0.0001183609555555,,6.637755555555553e-06,,0.0002662022222222,,,,,,,,,,8.442226799249789e-06,0.0006923420222222,1.977695555555562e-05,,3.028822043166735e-07,,,,,
2023-11-29 19:42:35.619797,3,Adult Dataset,FairMask Bias Mitigation,LogisticRegression,DecisionTreeRegressor,['sex'],{},0.0289933333333333,,0.0534366666666666,,0.0913566666666666,,0.53725,,,,,,,,,,0.8177259236516221,0.6606666666666667,0.4675233333333333,,0.0202068888130764,,,,,,0.0001440728222222,,8.636535555555553e-05,,0.0001574136222222,,0.0032311804666666,,,,,,,,,,2.157690720403829e-06,0.0008958129555555,6.089662222222235e-05,,7.78507000876358e-06,,,,,
2023-11-29 19:42:35.598475,3,Adult Dataset,No Bias Mitigation,LogisticRegression,,['sex'],{},0.1681533333333333,,0.2636166666666666,,0.1677733333333333,,0.1573666666666666,,,,,,,,,,0.8245829495445708,0.7099099999999999,0.43252,,0.0371022041847657,,,,,,0.0001031804222222,,0.0005753962888888,,2.28933555555555e-05,,3.955242222222225e-05,,,,,,,,,,5.865567006922825e-07,0.0009053575999999,7.741406666666652e-05,,1.0271641633454425e-06,,,,,
2023-11-29 19:41:52.846839,3,Compas Dataset,No Bias Mitigation,LogisticRegression,,['race'],{},,0.1420866666666667,,0.1330933333333333,,0.17095,,0.7670699999999999,,,,,,,,,0.6777932313398237,0.6714066666666666,0.7789633333333333,,0.0382465988730291,,,,,,,0.0001146401555555,,0.0003826160888888,,5.6951266666666576e-05,,9.639486666666604e-05,,,,,,,,,0.0001448637109741,0.0002138333555555,7.593802222222211e-05,,5.832300809828287e-06,,,,,
2023-11-29 19:41:52.833341,3,Compas Dataset,No Bias Mitigation,LogisticRegression,,['sex'],{},0.19065,,0.1339399999999999,,0.21309,,1.3710033333333334,,,,,,,,,,0.6777932313398237,0.6714066666666666,0.7789633333333333,,0.0357899338634829,,,,,,0.0008968063999999,,0.0006150217999999,,0.0007561770666666,,0.0027221232888888,,,,,,,,,,0.0001448637109741,0.0002138333555555,7.593802222222211e-05,,1.7683335533046046e-05,,,,,
2023-11-29 19:41:52.812280,3,Compas Dataset,Reweighing Bias Mitigation,LogisticRegression,,['sex'],{},0.0285133333333333,,0.0183933333333333,,0.0136333333333333,,1.0131666666666668,,,,,,,,,,0.6750115901715344,0.6725099999999999,0.7650833333333332,,0.002287728990517,,,,,,0.0001484084222222,,0.0004155602888888,,6.91274888888889e-05,,0.0005318283555555,,,,,,,,,,0.0001551804144262,0.0002385692666666,9.573948888888897e-05,,1.9014658210430908e-06,,,,,
2023-11-29 19:41:52.798310,3,Compas Dataset,FairMask Bias Mitigation,LogisticRegression,DecisionTreeRegressor,['sex'],{},0.03881,,0.0385566666666666,,0.07431,,1.1294466666666667,,,,,,,,,,0.6824292999536393,0.6839666666666667,0.7555666666666667,,0.0124690257098698,,,,,,0.0002252222,,0.0005843084222222,,0.0001802016666666,,0.0006181976222222,,,,,,,,,,0.0001758138213306,0.0002803044222222,0.0001081360222222,,4.408149068291378e-06,,,,,
2023-11-29 19:41:52.776622,3,Compas Dataset,No Bias Mitigation,LogisticRegression,,['sex'],{},0.19065,,0.1339399999999999,,0.21309,,1.3710033333333334,,,,,,,,,,0.6777932313398237,0.6714066666666666,0.7789633333333333,,0.0357899338634829,,,,,,0.0008968063999999,,0.0006150217999999,,0.0007561770666666,,0.0027221232888888,,,,,,,,,,0.0001448637109741,0.0002138333555555,7.593802222222211e-05,,1.7683335533046046e-05,,,,,
2023-11-29 19:41:51.693502,3,Adult Dataset,No Bias Mitigation,LogisticRegression,,['race'],{},,0.0861166666666666,,0.1346033333333333,,0.0913233333333333,,0.41956,,,,,,,,,0.8222290451335584,0.7228266666666666,0.4311366666666666,,0.0111687518286036,,,,,,,0.0001495064888888,,0.0007705582888888,,1.989135555555557e-05,,0.0011553220666666,,,,,,,,,1.941921648363401e-05,9.357295555555498e-05,0.0001366406222222,,4.419055952793656e-07,,,,,
2023-11-29 19:41:51.679943,3,Adult Dataset,No Bias Mitigation,LogisticRegression,,['sex'],{},0.1384366666666666,,0.2095033333333333,,0.1575733333333333,,0.2023866666666667,,,,,,,,,,0.8222290451335584,0.7228266666666666,0.4311366666666666,,0.0352220909487377,,,,,,0.0002856188222222,,0.0013625080222222,,2.088828888888892e-05,,0.0004442137555555,,,,,,,,,,1.941921648363401e-05,9.357295555555498e-05,0.0001366406222222,,7.850733776646538e-07,,,,,
2023-11-29 19:41:51.667094,3,Adult Dataset,Reweighing Bias Mitigation,LogisticRegression,,['sex'],{},0.01991,,0.0430566666666666,,0.0689433333333333,,0.54662,,,,,,,,,,0.8135298331798179,0.7160833333333333,0.3807633333333333,,0.0154128247333699,,,,,,2.6456266666666663e-05,,0.0003547997555555,,2.442162222222221e-05,,0.0007220354666666,,,,,,,,,,9.699134015019064e-06,9.846215555555527e-05,0.0001361286222222,,1.2386223986681265e-06,,,,,
2023-11-29 19:41:51.655455,3,Adult Dataset,FairMask Bias Mitigation,LogisticRegression,DecisionTreeRegressor,['sex'],{},0.0282599999999999,,0.0573433333333333,,0.0929133333333333,,0.5285466666666667,,,,,,,,,,0.81537201924061,0.6736800000000001,0.4606966666666667,,0.020772371369451,,,,,,0.0001454549999999,,1.3278688888888892e-05,,2.885615555555555e-05,,0.0003492646888888,,,,,,,,,,3.351752575384471e-07,1.3096266666666516e-05,1.734615555555552e-05,,1.480653329079728e-06,,,,,
2023-11-29 19:41:51.634265,3,Adult Dataset,No Bias Mitigation,LogisticRegression,,['sex'],{},0.1384366666666666,,0.2095033333333333,,0.1575733333333333,,0.2023866666666667,,,,,,,,,,0.8222290451335584,0.7228266666666666,0.4311366666666666,,0.0352220909487377,,,,,,0.0002856188222222,,0.0013625080222222,,2.088828888888892e-05,,0.0004442137555555,,,,,,,,,,1.941921648363401e-05,9.357295555555498e-05,0.0001366406222222,,7.850733776646538e-07,,,,,
2023-11-29 19:40:54.051360,3,Compas Dataset,No Bias Mitigation,LogisticRegression,,['race'],{},,0.1831766666666666,,0.1430666666666666,,0.20091,,0.7279866666666667,,,,,,,,,0.6699119146963376,0.6889299999999999,0.7437033333333334,,0.0446693915659659,,,,,,,0.0023969816888888,,0.0025732398222222,,0.0023364562666666,,0.0035095577555555,,,,,,,,,0.0003047726144826,0.0003150780666666,0.0002775683555555,,0.0001208487668869,,,,,
2023-11-29 19:40:54.037962,3,Compas Dataset,No Bias Mitigation,LogisticRegression,,['sex'],{},0.21761,,0.1682833333333333,,0.2363033333333333,,1.4273433333333336,,,,,,,,,,0.6699119146963376,0.6889299999999999,0.7437033333333334,,0.0374367376520343,,,,,,0.0007519514,,0.0002066256888888,,0.0001990142888888,,0.0015893260222222,,,,,,,,,,0.0003047726144826,0.0003150780666666,0.0002775683555555,,4.991157466437631e-06,,,,,
2023-11-29 19:40:54.025513,3,Compas Dataset,Reweighing Bias Mitigation,LogisticRegression,,['sex'],{},0.0209,,0.03029,,0.03005,,1.0520366666666667,,,,,,,,,,0.6689847009735743,0.6900133333333333,0.7378133333333333,,0.0046921656888366,,,,,,0.0001683780666666,,0.0001637084666666,,0.0004685570666666,,0.0014728480222222,,,,,,,,,,0.000352057505305,0.0004458169555555,0.0001248437555555,,1.1347858754809522e-05,,,,,
2023-11-29 19:40:54.013054,3,Compas Dataset,FairMask Bias Mitigation,LogisticRegression,DecisionTreeRegressor,['sex'],{},0.0790666666666666,,0.04258,,0.1005699999999999,,1.18217,,,,,,,,,,0.665275846082522,0.6937733333333335,0.7153966666666666,,0.0158793409947752,,,,,,0.0003814891555555,,0.0002741752666666,,0.00028184,,0.0012081428666666,,,,,,,,,,0.0003112205541402,0.0003835296888888,0.0003099202888888,,5.553788671817018e-06,,,,,
2023-11-29 19:40:53.993059,3,Compas Dataset,No Bias Mitigation,LogisticRegression,,['sex'],{},0.21761,,0.1682833333333333,,0.2363033333333333,,1.4273433333333336,,,,,,,,,,0.6699119146963376,0.6889299999999999,0.7437033333333334,,0.0374367376520343,,,,,,0.0007519514,,0.0002066256888888,,0.0001990142888888,,0.0015893260222222,,,,,,,,,,0.0003047726144826,0.0003150780666666,0.0002775683555555,,4.991157466437631e-06,,,,,
2023-11-29 19:40:52.925614,3,Adult Dataset,No Bias Mitigation,LogisticRegression,,['race'],{},,0.0589899999999999,,0.0767066666666666,,0.0845566666666666,,0.4905033333333333,,,,,,,,,0.8243782622044827,0.7192600000000001,0.4540666666666667,,0.0106898073340347,,,,,,,2.267926666666665e-05,,0.0002253296888888,,1.7325622222222237e-05,,0.0001203414222222,,,,,,,,,3.450210307286465e-05,0.0005672482666666,0.0004276600222222,,2.871141798367913e-07,,,,,
2023-11-29 19:40:52.913320,3,Adult Dataset,No Bias Mitigation,LogisticRegression,,['sex'],{},0.1503,,0.2233566666666666,,0.1732066666666666,,0.1763766666666666,,,,,,,,,,0.8243782622044827,0.7192600000000001,0.4540666666666667,,0.0382193747408218,,,,,,0.0004217554666666,,0.0021315937555555,,7.81770888888889e-05,,0.0011195419555555,,,,,,,,,,3.450210307286465e-05,0.0005672482666666,0.0004276600222222,,3.4550741822043737e-06,,,,,
2023-11-29 19:40:52.899665,3,Adult Dataset,Reweighing Bias Mitigation,LogisticRegression,,['sex'],{},0.0154566666666666,,0.0307166666666666,,0.07362,,0.5414033333333333,,,,,,,,,,0.8163954559410501,0.71839,0.4020433333333333,,0.0162410008978402,,,,,,3.762422222222224e-06,,4.8678022222222215e-05,,0.0001219814,,0.0035211686222222,,,,,,,,,,5.511538141148006e-05,0.0004979300666666,0.0001977682888888,,5.69778234550828e-06,,,,,
2023-11-29 19:40:52.886887,3,Adult Dataset,FairMask Bias Mitigation,LogisticRegression,DecisionTreeRegressor,['sex'],{},0.0200366666666666,,0.0448099999999999,,0.0994,,0.5267566666666667,,,,,,,,,,0.8149626445604339,0.6636866666666666,0.4831666666666667,,0.0219207132244581,,,,,,0.0006044857555555,,0.0010092534,,0.0002019604666666,,0.0031972250888888,,,,,,,,,,6.594573192069118e-05,0.0008053476222222,0.0003559426888888,,9.104022600197004e-06,,,,,
2023-11-29 19:40:52.865873,3,Adult Dataset,No Bias Mitigation,LogisticRegression,,['sex'],{},0.1503,,0.2233566666666666,,0.1732066666666666,,0.1763766666666666,,,,,,,,,,0.8243782622044827,0.7192600000000001,0.4540666666666667,,0.0382193747408218,,,,,,0.0004217554666666,,0.0021315937555555,,7.81770888888889e-05,,0.0011195419555555,,,,,,,,,,3.450210307286465e-05,0.0005672482666666,0.0004276600222222,,3.4550741822043737e-06,,,,,
2023-11-29 19:39:28.502145,3,Compas Dataset,No Bias Mitigation,LogisticRegression,,['race'],{},,0.1539,,0.1010233333333333,,0.1890233333333333,,0.7435900000000001,,,,,,,,,0.6731571627260083,0.6733666666666668,0.7621333333333333,,0.0422185297021116,,,,,,,0.0011297618666666,,0.0009108261555555,,0.0015367377555555,,0.0023180728666666,,,,,,,,,5.15835172608114e-06,4.862242222222212e-05,7.755348888888953e-05,,8.446763242093206e-05,,,,,
2023-11-29 19:39:28.490907,3,Compas Dataset,No Bias Mitigation,LogisticRegression,,['sex'],{},0.213,,0.1572833333333333,,0.2365733333333333,,1.4187333333333332,,,,,,,,,,0.6731571627260083,0.6733666666666668,0.7621333333333333,,0.0346215671975255,,,,,,0.0016874408666666,,0.0014351889555555,,0.0012845726888888,,0.0050148637555555,,,,,,,,,,5.15835172608114e-06,4.862242222222212e-05,7.755348888888953e-05,,3.806612192496065e-05,,,,,
2023-11-29 19:39:28.477723,3,Compas Dataset,Reweighing Bias Mitigation,LogisticRegression,,['sex'],{},0.0265566666666666,,0.0434166666666666,,0.03243,,1.04869,,,,,,,,,,0.6722299490032452,0.6712699999999999,0.7654733333333333,,0.0047385908543713,,,,,,0.0003014961555555,,0.0007610849555555,,0.0006449768,,0.0024145465999999,,,,,,,,,,0.0001061760730285,0.0001524500666666,4.05114888888893e-05,,1.472862511996334e-05,,,,,
2023-11-29 19:39:28.465517,3,Compas Dataset,FairMask Bias Mitigation,LogisticRegression,DecisionTreeRegressor,['sex'],{},0.05447,,0.05834,,0.0906533333333333,,1.1608299999999998,,,,,,,,,,0.6740843764487714,0.6819466666666667,0.7388300000000001,,0.0132975859558716,,,,,,0.0003541074666666,,0.0014709908666666,,0.0007035622888888,,0.0024993738666666,,,,,,,,,,0.0001113344247545,0.0001659370888888,6.100346666666674e-05,,1.766520593482943e-05,,,,,
2023-11-29 19:39:28.437044,3,Compas Dataset,No Bias Mitigation,LogisticRegression,,['sex'],{},0.213,,0.1572833333333333,,0.2365733333333333,,1.4187333333333332,,,,,,,,,,0.6731571627260083,0.6733666666666668,0.7621333333333333,,0.0346215671975255,,,,,,0.0016874408666666,,0.0014351889555555,,0.0012845726888888,,0.0050148637555555,,,,,,,,,,5.15835172608114e-06,4.862242222222212e-05,7.755348888888953e-05,,3.806612192496065e-05,,,,,
2023-11-29 19:39:27.325332,3,Adult Dataset,No Bias Mitigation,LogisticRegression,,['race'],{},,0.04249,,0.0739066666666666,,0.0779033333333333,,0.4995066666666666,,,,,,,,,0.8199774843925903,0.7229766666666667,0.4243966666666667,,0.0097215174376865,,,,,,,0.0021840452666666,,0.0058540041555555,,0.0002789170888888,,0.0071548061555555,,,,,,,,,4.080758760530661e-05,0.0004176784222222,3.9625755555555696e-05,,5.98180763207191e-06,,,,,
2023-11-29 19:39:27.314328,3,Adult Dataset,No Bias Mitigation,LogisticRegression,,['sex'],{},0.1416966666666666,,0.2230966666666667,,0.1516933333333333,,0.2156166666666666,,,,,,,,,,0.8199774843925903,0.7229766666666667,0.4243966666666667,,0.0336071222898763,,,,,,2.2908888888888945e-05,,0.0001222336888888,,1.419102222222221e-05,,0.0003974614222222,,,,,,,,,,4.080758760530661e-05,0.0004176784222222,3.9625755555555696e-05,,1.0991967056501656e-06,,,,,
2023-11-29 19:39:27.303742,3,Adult Dataset,Reweighing Bias Mitigation,LogisticRegression,,['sex'],{},0.0146299999999999,,0.0318333333333333,,0.0609633333333333,,0.5903333333333333,,,,,,,,,,0.8144509262102139,0.7258,0.38328,,0.0135122239097249,,,,,,2.40128e-05,,0.0001157446222222,,2.540575555555554e-05,,0.0011468213555555,,,,,,,,,,2.0319999988268888e-06,6.076880000000056e-05,0.0003535248666666,,1.4460663300715409e-06,,,,,
2023-11-29 19:39:27.291172,3,Adult Dataset,FairMask Bias Mitigation,LogisticRegression,DecisionTreeRegressor,['sex'],{},0.0122833333333333,,0.0157933333333333,,0.08194,,0.5725633333333334,,,,,,,,,,0.8147579572203458,0.67762,0.4578833333333333,,0.0181518140926133,,,,,,3.989642222222222e-05,,0.0001881017555555,,2.626199999999997e-06,,0.0003621949555555,,,,,,,,,,1.7869030917519126e-05,6.950580000000035e-05,6.088708888888893e-05,,1.945713853293173e-07,,,,,
2023-11-29 19:39:27.277119,3,Adult Dataset,No Bias Mitigation,LogisticRegression,,['sex'],{},0.1416966666666666,,0.2230966666666667,,0.1516933333333333,,0.2156166666666666,,,,,,,,,,0.8199774843925903,0.7229766666666667,0.4243966666666667,,0.0336071222898763,,,,,,2.2908888888888945e-05,,0.0001222336888888,,1.419102222222221e-05,,0.0003974614222222,,,,,,,,,,4.080758760530661e-05,0.0004176784222222,3.9625755555555696e-05,,1.0991967056501656e-06,,,,,
2023-11-28 22:57:04.893193,3,Compas Dataset,Reweighing Bias Mitigation,LogisticRegression,,['sex'],{},0.0319033333333333,,0.0846233333333333,,0.0169133333333333,,0.9999633333333332,,,,,,,,,,0.6731571627260083,0.6700166666666667,0.7723566666666667,,0.0025785310690748,,,,,,0.0003683768222222,,0.0003299549555555,,8.096962222222222e-05,,0.0009353310888888,,,,,,,,,,1.6764643109763706e-05,0.0001136886222222,7.665548888888866e-05,,1.956502368617217e-06,,,,,
2023-11-28 22:57:04.883616,3,Compas Dataset,FairMask Bias Mitigation,LogisticRegression,DecisionTreeRegressor,['sex'],{},0.0484833333333333,,0.0456566666666666,,0.08389,,1.1459333333333337,,,,,,,,,,0.6764024107556792,0.67972,0.75351,,0.0125734823323229,,,,,,6.303895555555556e-05,,0.0006648297555555,,0.0004968434,,0.0019052820222222,,,,,,,,,,1.203615402752266e-05,0.0001871015999999,0.0002925397999999,,9.280861711155913e-06,,,,,
2023-11-28 22:57:04.874330,3,Compas Dataset,No Bias Mitigation,LogisticRegression,,['sex'],{},0.17747,,0.1204366666666666,,0.20399,,1.3530299999999995,,,,,,,,,,0.6773296244784422,0.6740900000000001,0.7752566666666666,,0.030700575091738,,,,,,0.0002005178,,0.0009455974888888,,0.0004377650666666,,0.0021436370666666,,,,,,,,,,0.0001173525017683,0.0002049866,0.0004614881555555,,7.684558196579848e-06,,,,,
2023-11-28 22:57:04.862818,1,Compas Dataset,Reweighing Bias Mitigation,LogisticRegression,,['sex'],{},0.04054,,0.06155,,0.00467,,1.00762,,,,,,,,,,0.674547983310153,0.68481,0.76071,,0.00068283680974,,,,,,0.0,,0.0,,0.0,,0.0,,,,,,,,,,0.0,0.0,0.0,,0.0,,,,,
2023-11-28 22:57:04.758178,1,Compas Dataset,FairMask Bias Mitigation,LogisticRegression,DecisionTreeRegressor,['sex'],{},0.05525,,0.0802,,0.11519,,1.20692,,,,,,,,,,0.6773296244784422,0.6988,0.73048,,0.0168562038529018,,,,,,0.0,,0.0,,0.0,,0.0,,,,,,,,,,0.0,0.0,0.0,,0.0,,,,,
2023-11-28 22:57:04.636516,1,Compas Dataset,No Bias Mitigation,LogisticRegression,,['sex'],{},0.17509,,0.14917,,0.21675,,1.38937,,,,,,,,,,0.6759388038942976,0.69159,0.74559,,0.0317180599697075,,,,,,0.0,,0.0,,0.0,,0.0,,,,,,,,,,0.0,0.0,0.0,,0.0,,,,,
2023-11-28 22:57:04.567374,1,Compas Dataset,Reweighing Bias Mitigation,LogisticRegression,,['sex'],{},0.0053,,0.10594,,0.02003,,1.033,,,,,,,,,,0.6773296244784422,0.66515,0.77454,,0.0030369795787303,,,,,,0.0,,0.0,,0.0,,0.0,,,,,,,,,,0.0,0.0,0.0,,0.0,,,,,
2023-11-28 22:57:04.482518,1,Compas Dataset,FairMask Bias Mitigation,LogisticRegression,DecisionTreeRegressor,['sex'],{},0.05286,,0.0385,,0.07148,,1.12371,,,,,,,,,,0.6801112656467315,0.67294,0.75862,,0.0108383417704623,,,,,,0.0,,0.0,,0.0,,0.0,,,,,,,,,,0.0,0.0,0.0,,0.0,,,,,
2023-11-28 22:57:04.384107,1,Compas Dataset,No Bias Mitigation,LogisticRegression,,['sex'],{},0.19588,,0.13434,,0.22073,,1.38203,,,,,,,,,,0.6912378303198887,0.67416,0.79576,,0.0334706099686437,,,,,,0.0,,0.0,,0.0,,0.0,,,,,,,,,,0.0,0.0,0.0,,0.0,,,,,
2023-11-28 22:57:04.335482,1,Compas Dataset,Reweighing Bias Mitigation,LogisticRegression,,['sex'],{},0.04987,,0.08638,,0.02604,,0.95927,,,,,,,,,,0.6675938803894298,0.66009,0.78182,,0.0040157768187542,,,,,,0.0,,0.0,,0.0,,0.0,,,,,,,,,,0.0,0.0,0.0,,0.0,,,,,
2023-11-28 22:57:04.232659,1,Compas Dataset,FairMask Bias Mitigation,LogisticRegression,DecisionTreeRegressor,['sex'],{},0.03734,,0.01827,,0.065,,1.10717,,,,,,,,,,0.6717663421418637,0.66742,0.77143,,0.0100259013736046,,,,,,0.0,,0.0,,0.0,,0.0,,,,,,,,,,0.0,0.0,0.0,,0.0,,,,,
2023-11-28 22:57:04.133114,1,Compas Dataset,No Bias Mitigation,LogisticRegression,,['sex'],{},0.16144,,0.0778,,0.17449,,1.28769,,,,,,,,,,0.6648122392211405,0.65652,0.78442,,0.0269130553368629,,,,,,0.0,,0.0,,0.0,,0.0,,,,,,,,,,0.0,0.0,0.0,,0.0,,,,,
2023-11-28 22:57:03.983941,3,Adult Dataset,Reweighing Bias Mitigation,LogisticRegression,,['sex'],{},0.0151266666666666,,0.02534,,0.0671633333333333,,0.5489233333333333,,,,,,,,,,0.8149626445604339,0.7278366666666667,0.3796466666666666,,0.0146993413523385,,,,,,0.0001069763555555,,0.0001571212666666,,0.0001257276222222,,0.0040258446222222,,,,,,,,,,1.070465978763445e-05,0.0001116520222222,5.573868888888895e-05,,5.798190533139727e-06,,,,,
2023-11-28 22:57:03.973899,3,Adult Dataset,FairMask Bias Mitigation,LogisticRegression,DecisionTreeRegressor,['sex'],{},0.0152633333333333,,0.0075766666666666,,0.0953166666666666,,0.5202433333333333,,,,,,,,,,0.8144509262102139,0.6705133333333334,0.4627733333333333,,0.02086475404981,,,,,,6.7662888888888944e-06,,6.52306888888889e-05,,9.719362222222228e-05,,0.0014481484222222,,,,,,,,,,1.648643298017258e-05,3.4589555555555592e-06,0.0001198891555555,,4.3481978455169e-06,,,,,
2023-11-28 22:57:03.963919,3,Adult Dataset,No Bias Mitigation,LogisticRegression,,['sex'],{},0.1604866666666666,,0.2473766666666666,,0.1658133333333333,,0.17365,,,,,,,,,,0.8182376420018421,0.7075366666666666,0.4282466666666666,,0.0363044765975974,,,,,,0.0001389806888888,,0.0002158294222222,,7.858402222222229e-05,,0.0005844104,,,,,,,,,,4.883084533263384e-05,0.0001252286888888,0.0001562340222222,,3.289400685843463e-06,,,,,
2023-11-28 22:57:03.944343,1,Adult Dataset,Reweighing Bias Mitigation,LogisticRegression,,['sex'],{},0.02254,,0.02932,,0.08027,,0.46775,,,,,,,,,,0.8111759287688056,0.73956,0.3716,,0.0175267855568917,,,,,,0.0,,0.0,,0.0,,0.0,,,,,,,,,,0.0,0.0,0.0,,0.0,,,,,
2023-11-28 22:57:03.665730,1,Adult Dataset,FairMask Bias Mitigation,LogisticRegression,DecisionTreeRegressor,['sex'],{},0.01878,,0.00118,,0.1039,,0.48098,,,,,,,,,,0.8087196806877495,0.67219,0.45062,,0.0226856041106145,,,,,,0.0,,0.0,,0.0,,0.0,,,,,,,,,,0.0,0.0,0.0,,0.0,,,,,
2023-11-28 22:57:03.485972,1,Adult Dataset,No Bias Mitigation,LogisticRegression,,['sex'],{},0.17614,,0.26787,,0.17566,,0.14001,,,,,,,,,,0.8087196806877495,0.69439,0.41235,,0.0383538009675483,,,,,,0.0,,0.0,,0.0,,0.0,,,,,,,,,,0.0,0.0,0.0,,0.0,,,,,
2023-11-28 22:57:03.369370,1,Adult Dataset,Reweighing Bias Mitigation,LogisticRegression,,['sex'],{},0.02234,,0.03831,,0.05288,,0.62263,,,,,,,,,,0.8191587350322382,0.73,0.37775,,0.0116420088180211,,,,,,0.0,,0.0,,0.0,,0.0,,,,,,,,,,0.0,0.0,0.0,,0.0,,,,,
2023-11-28 22:57:03.092179,1,Adult Dataset,FairMask Bias Mitigation,LogisticRegression,DecisionTreeRegressor,['sex'],{},0.01257,,0.01897,,0.08151,,0.57175,,,,,,,,,,0.8176235799815781,0.66792,0.46054,,0.017945429927784,,,,,,0.0,,0.0,,0.0,,0.0,,,,,,,,,,0.0,0.0,0.0,,0.0,,,,,
2023-11-28 22:57:02.912103,1,Adult Dataset,No Bias Mitigation,LogisticRegression,,['sex'],{},0.14769,,0.23417,,0.15417,,0.19575,,,,,,,,,,0.8252993552348787,0.72174,0.4295,,0.0339440362690632,,,,,,0.0,,0.0,,0.0,,0.0,,,,,,,,,,0.0,0.0,0.0,,0.0,,,,,
2023-11-28 22:57:02.794502,1,Adult Dataset,Reweighing Bias Mitigation,LogisticRegression,,['sex'],{},0.0005,,0.00839,,0.06834,,0.55639,,,,,,,,,,0.8145532698802579,0.71395,0.38959,,0.0149292296821027,,,,,,0.0,,0.0,,0.0,,0.0,,,,,,,,,,0.0,0.0,0.0,,0.0,,,,,
2023-11-28 22:57:02.516289,1,Adult Dataset,FairMask Bias Mitigation,LogisticRegression,DecisionTreeRegressor,['sex'],{},0.01444,,0.00258,,0.10054,,0.508,,,,,,,,,,0.817009517961314,0.67143,0.47716,,0.0219632281110315,,,,,,0.0,,0.0,,0.0,,0.0,,,,,,,,,,0.0,0.0,0.0,,0.0,,,,,
2023-11-28 22:57:02.343769,1,Adult Dataset,No Bias Mitigation,LogisticRegression,,['sex'],{},0.15763,,0.24009,,0.16761,,0.18519,,,,,,,,,,0.8206938900828984,0.70648,0.44289,,0.0366155925561807,,,,,,0.0,,0.0,,0.0,,0.0,,,,,,,,,,0.0,0.0,0.0,,0.0,,,,,
