time,reps,data,bias mitigation,ML method,bias mit ML method,sensitive attrs,other,sex|[AOD] Average Odds Difference,race|[AOD] Average Odds Difference,sex|OLD[AOD] Average Odds Difference,race|OLD[AOD] Average Odds Difference,sex|[EOD] Equal Opportunity Difference,race|[EOD] Equal Opportunity Difference,sex|OLD[EOD] Equal Opportunity Difference,race|OLD[EOD] Equal Opportunity Difference,sex|[SPD] Statistical Parity Difference,race|[SPD] Statistical Parity Difference,sex|OLD[SPD] Statistical Parity Difference,race|OLD[SPD] Statistical Parity Difference,sex|[DI] Disparate Impact,race|[DI] Disparate Impact,sex|OLD[DI] Disparate Impact,race|OLD[DI] Disparate Impact,sex|[DI_FM] Disparate Impact the way it was implemented in FairMask,race|[DI_FM] Disparate Impact the way it was implemented in FairMask,sex|OLD[DI_FM] Disparate Impact the way it was implemented in FairMask,race|OLD[DI_FM] Disparate Impact the way it was implemented in FairMask,sex|[FR] Flip Rate,race|[FR] Flip Rate,sex|OLD[FR] Flip Rate,race|OLD[FR] Flip Rate,sex|[SF] Statistical Parity Subgroup Fairness for One Attribute,race|[SF] Statistical Parity Subgroup Fairness for One Attribute,sex|OLD[SF] Statistical Parity Subgroup Fairness for One Attribute,race|OLD[SF] Statistical Parity Subgroup Fairness for One Attribute,sex|[DF] Differential Fairness for One Attribute,race|[DF] Differential Fairness for One Attribute,sex|OLD[DF] Differential Fairness for One Attribute,race|OLD[DF] Differential Fairness for One Attribute,accuracy,OLDaccuracy,precision,OLDprecision,recall,OLDrecall,f1score,OLDf1score,[SF] Statistical Parity Subgroup Fairness,OLD[SF] Statistical Parity Subgroup Fairness,[SF] Statistical Parity Subgroup Fairness if 0 was the positive label,OLD[SF] Statistical Parity Subgroup Fairness if 0 was the positive label,[DF] Differential Fairness,OLD[DF] Differential Fairness,[DF] Differential Fairness if 0 was the positive label,OLD[DF] Differential Fairness if 0 was the positive label,[MEOD] M Equal Opportunity Difference,OLD[MEOD] M Equal Opportunity Difference,[MAOD] M Average Odds Difference,OLD[MAOD] M Average Odds Difference,VAR|sex|[AOD] Average Odds Difference,VAR|race|[AOD] Average Odds Difference,VAR|sex|OLD[AOD] Average Odds Difference,VAR|race|OLD[AOD] Average Odds Difference,VAR|sex|[EOD] Equal Opportunity Difference,VAR|race|[EOD] Equal Opportunity Difference,VAR|sex|OLD[EOD] Equal Opportunity Difference,VAR|race|OLD[EOD] Equal Opportunity Difference,VAR|sex|[SPD] Statistical Parity Difference,VAR|race|[SPD] Statistical Parity Difference,VAR|sex|OLD[SPD] Statistical Parity Difference,VAR|race|OLD[SPD] Statistical Parity Difference,VAR|sex|[DI] Disparate Impact,VAR|race|[DI] Disparate Impact,VAR|sex|OLD[DI] Disparate Impact,VAR|race|OLD[DI] Disparate Impact,VAR|sex|[DI_FM] Disparate Impact the way it was implemented in FairMask,VAR|race|[DI_FM] Disparate Impact the way it was implemented in FairMask,VAR|sex|OLD[DI_FM] Disparate Impact the way it was implemented in FairMask,VAR|race|OLD[DI_FM] Disparate Impact the way it was implemented in FairMask,VAR|sex|[FR] Flip Rate,VAR|race|[FR] Flip Rate,VAR|sex|OLD[FR] Flip Rate,VAR|race|OLD[FR] Flip Rate,VAR|sex|[SF] Statistical Parity Subgroup Fairness for One Attribute,VAR|race|[SF] Statistical Parity Subgroup Fairness for One Attribute,VAR|sex|OLD[SF] Statistical Parity Subgroup Fairness for One Attribute,VAR|race|OLD[SF] Statistical Parity Subgroup Fairness for One Attribute,VAR|sex|[DF] Differential Fairness for One Attribute,VAR|race|[DF] Differential Fairness for One Attribute,VAR|sex|OLD[DF] Differential Fairness for One Attribute,VAR|race|OLD[DF] Differential Fairness for One Attribute,VAR|accuracy,VAR|OLDaccuracy,VAR|precision,VAR|OLDprecision,VAR|recall,VAR|OLDrecall,VAR|f1score,VAR|OLDf1score,VAR|[SF] Statistical Parity Subgroup Fairness,VAR|OLD[SF] Statistical Parity Subgroup Fairness,VAR|[SF] Statistical Parity Subgroup Fairness if 0 was the positive label,VAR|OLD[SF] Statistical Parity Subgroup Fairness if 0 was the positive label,VAR|[DF] Differential Fairness,VAR|OLD[DF] Differential Fairness,VAR|[DF] Differential Fairness if 0 was the positive label,VAR|OLD[DF] Differential Fairness if 0 was the positive label,VAR|[MEOD] M Equal Opportunity Difference,VAR|OLD[MEOD] M Equal Opportunity Difference,VAR|[MAOD] M Average Odds Difference,VAR|OLD[MAOD] M Average Odds Difference
2023-11-30 23:45:33.056796,1,Compas Dataset,No Bias Mitigation,RandomForestClassifier,,"['sex', 'race']",{},0.16124832970203867,0.028368094068150662,0.16125,0.02837,0.16748371082842073,0.017536378657854068,0.16748,0.01754,0.18907366593201103,0.03886352193614473,0.18907,0.03886,1.3516770186335405,0.93584856995472,1.35168,0.93585,0.26017829243635704,0.06854894275083834,0.26018,0.06855,0.2517385257301808,0.2670375521557719,0.25174,0.26704,0.03285741090720582,0.008660227754124644,0.03285741090720582,0.008660227754124644,0.3013460575384031,0.06630159982943656,0.3013460575384031,0.06630159982943656,0.5994436717663422,0.5994436717663422,0.6378896882494005,0.63789,0.6600496277915633,0.66005,0.6487804878048781,0.64878,0.03275295428475262,0.03275295428475262,0.03275295428475262,0.03275295428475262,0.3832648275925947,0.3832648275925947,0.6983691245410969,0.6983691245410969,0.18288910042836737,0.18289,0.23470569570045996,0.23471,0.0,0.0,0.0,0.0,0.0,0.0,0.0,0.0,0.0,0.0,0.0,0.0,0.0,0.0,0.0,0.0,0.0,0.0,0.0,0.0,0.0,0.0,0.0,0.0,0.0,0.0,0.0,0.0,0.0,0.0,0.0,0.0,0.0,0.0,0.0,0.0,0.0,0.0,0.0,0.0,0.0,0.0,0.0,0.0,0.0,0.0,0.0,0.0,0.0,0.0,0.0,0.0
2023-11-30 23:45:31.779947,1,Adult Dataset,No Bias Mitigation,RandomForestClassifier,,"['sex', 'race']",{},0.1357064997730396,0.0587300867676252,0.13571,0.05873,0.1874143302180685,0.0806729264475742,0.18741,0.08067,0.2027678418697038,0.0925131615405929,0.20277,0.09251,0.2527438923989593,0.573588761174968,0.25274,0.57359,2.95657434293798,0.7434093338083363,2.95657,0.74341,0.0420632483880872,0.0755296284924777,0.04206,0.07553,0.0449203241802521,0.0110159747565268,0.0449203241802521,0.0110159747565268,1.3753785859671577,0.5558425833772308,1.3753785859671577,0.5558425833772308,0.8443352778630642,0.8443352778630642,0.706766917293233,0.70677,0.6010230179028133,0.60102,0.6496199032480995,0.64962,0.0470958420346663,0.0470958420346663,0.0470958420346663,0.0470958420346663,1.6861865183863012,1.6861865183863012,0.2802176284051367,0.2802176284051367,0.2618040277542732,0.2618,0.1811578618303529,0.18116,0.0,0.0,0.0,0.0,0.0,0.0,0.0,0.0,0.0,0.0,0.0,0.0,0.0,0.0,0.0,0.0,0.0,0.0,0.0,0.0,0.0,0.0,0.0,0.0,0.0,0.0,0.0,0.0,0.0,0.0,0.0,0.0,0.0,0.0,0.0,0.0,0.0,0.0,0.0,0.0,0.0,0.0,0.0,0.0,0.0,0.0,0.0,0.0,0.0,0.0,0.0,0.0
2023-11-30 23:41:53.653599,1,Compas Dataset,No Bias Mitigation,RandomForestClassifier,,['race'],{'sdf': 11},,0.1183399726103908,,0.11834,,0.1413065685974052,,0.14131,,0.1525798101811906,,0.15258,,0.7673157894736843,,0.76732,,0.3032443926195209,,0.30324,,0.2934631432545201,,0.29346,,0.0342076094715075,,0.0342076094715075,,0.2648568420437555,,0.2648568420437555,0.6439499304589708,0.6439499304589708,0.6892230576441103,0.68922,0.6756756756756757,0.67568,0.6823821339950372,0.68238,0.0342076094715075,0.0342076094715075,0.0342076094715075,0.0342076094715075,0.2648568420437555,0.2648568420437555,0.3668684274408572,0.3668684274408572,0.1413065685974052,0.14131,0.1183399726103908,0.11834,,0.0,,0.0,,0.0,,0.0,,0.0,,0.0,,0.0,,0.0,,0.0,,0.0,,0.0,,0.0,,0.0,,0.0,,0.0,,0.0,0.0,0.0,0.0,0.0,0.0,0.0,0.0,0.0,0.0,0.0,0.0,0.0,0.0,0.0,0.0,0.0,0.0,0.0,0.0,0.0
2023-11-30 23:41:53.632712,1,Compas Dataset,No Bias Mitigation,RandomForestClassifier,,['sex'],{},0.1634739765058265,,0.16347,,0.2048105484315004,,0.20481,,0.1952250025224498,,0.19523,,1.3768747565251265,,1.37687,,0.2737175293098265,,0.27372,,0.2447844228094575,,0.24478,,0.0299422973880041,,0.0299422973880041,,0.3198162617429535,,0.3198162617429535,,0.6439499304589708,0.6439499304589708,0.6892230576441103,0.68922,0.6756756756756757,0.67568,0.6823821339950372,0.68238,0.0299422973880041,0.0299422973880041,0.0299422973880041,0.0299422973880041,0.3198162617429535,0.3198162617429535,0.5192607225896592,0.5192607225896592,0.2048105484315004,0.20481,0.1634739765058266,0.16347,0.0,,0.0,,0.0,,0.0,,0.0,,0.0,,0.0,,0.0,,0.0,,0.0,,0.0,,0.0,,0.0,,0.0,,0.0,,0.0,,0.0,0.0,0.0,0.0,0.0,0.0,0.0,0.0,0.0,0.0,0.0,0.0,0.0,0.0,0.0,0.0,0.0,0.0,0.0,0.0
2023-11-30 23:41:53.600496,1,Compas Dataset,Reweighing Bias Mitigation,RandomForestClassifier,,['sex'],{},0.0997024764502462,,0.0997,,0.1163515177859886,,0.11635,,0.1248864897588537,,0.12489,,1.232616049614734,,1.23262,,0.1887173623022678,,0.18872,,0.2378303198887343,,0.23783,,0.019154249546871,,0.019154249546871,,0.2091387804045522,,0.2091387804045522,,0.6383866481223922,0.6383866481223922,0.6823821339950372,0.68238,0.6756756756756757,0.67568,0.6790123456790125,0.67901,0.019154249546871,0.019154249546871,0.019154249546871,0.019154249546871,0.2091387804045522,0.2091387804045522,0.3142482618948393,0.3142482618948393,0.1163515177859886,0.11635,0.0997024764502462,0.0997,0.0,,0.0,,0.0,,0.0,,0.0,,0.0,,0.0,,0.0,,0.0,,0.0,,0.0,,0.0,,0.0,,0.0,,0.0,,0.0,,0.0,0.0,0.0,0.0,0.0,0.0,0.0,0.0,0.0,0.0,0.0,0.0,0.0,0.0,0.0,0.0,0.0,0.0,0.0,0.0
2023-11-30 23:41:53.577791,1,Compas Dataset,FairMask Bias Mitigation,RandomForestClassifier,DecisionTreeRegressor,['sex'],{},0.0704180305973975,,0.07042,,0.0854162138665507,,0.08542,,0.0932675814751285,,0.09327,,1.1754032258064515,,1.1754,,0.1492281303602057,,0.14923,,0.0,,0.0,,0.0143047541303889,,0.0143047541303889,,0.1616112596255648,,0.1616112596255648,,0.6244784422809457,0.6244784422809457,0.6734177215189874,0.67342,0.6535626535626535,0.65356,0.6633416458852868,0.66334,0.0143047541303889,0.0143047541303889,0.0143047541303889,0.0143047541303889,0.1616112596255648,0.1616112596255648,0.2221138618461935,0.2221138618461935,0.0854162138665507,0.08542,0.0704180305973974,0.07042,0.0,,0.0,,0.0,,0.0,,0.0,,0.0,,0.0,,0.0,,0.0,,0.0,,0.0,,0.0,,0.0,,0.0,,0.0,,0.0,,0.0,0.0,0.0,0.0,0.0,0.0,0.0,0.0,0.0,0.0,0.0,0.0,0.0,0.0,0.0,0.0,0.0,0.0,0.0,0.0
2023-11-30 23:41:53.546135,1,Compas Dataset,No Bias Mitigation,RandomForestClassifier,,['sex'],{},0.1634739765058265,,0.16347,,0.2048105484315004,,0.20481,,0.1952250025224498,,0.19523,,1.3768747565251265,,1.37687,,0.2737175293098265,,0.27372,,0.2447844228094575,,0.24478,,0.0299422973880041,,0.0299422973880041,,0.3198162617429535,,0.3198162617429535,,0.6439499304589708,0.6439499304589708,0.6892230576441103,0.68922,0.6756756756756757,0.67568,0.6823821339950372,0.68238,0.0299422973880041,0.0299422973880041,0.0299422973880041,0.0299422973880041,0.3198162617429535,0.3198162617429535,0.5192607225896592,0.5192607225896592,0.2048105484315004,0.20481,0.1634739765058266,0.16347,0.0,,0.0,,0.0,,0.0,,0.0,,0.0,,0.0,,0.0,,0.0,,0.0,,0.0,,0.0,,0.0,,0.0,,0.0,,0.0,,0.0,0.0,0.0,0.0,0.0,0.0,0.0,0.0,0.0,0.0,0.0,0.0,0.0,0.0,0.0,0.0,0.0,0.0,0.0,0.0
2023-11-30 23:41:50.178173,1,Adult Dataset,No Bias Mitigation,RandomForestClassifier,,['race'],{'sdf': 11},,0.0327011065392173,,0.0327,,0.0424229948725626,,0.04242,,0.0731606295091772,,0.07316,,0.6517654427307603,,0.65177,,0.5342942942942941,,0.53429,,0.0782929075836659,,0.07829,,0.0092246934379733,,0.0092246934379733,,0.4280705321941321,,0.4280705321941321,0.8464844949339884,0.8464844949339884,0.7087827426810478,0.70878,0.5966277561608301,0.59663,0.647887323943662,0.64789,0.0092246934379733,0.0092246934379733,0.0092246934379733,0.0092246934379733,0.4280705321941321,0.4280705321941321,0.0885775243232918,0.0885775243232918,0.0424229948725626,0.04242,0.0327011065392173,0.0327,,0.0,,0.0,,0.0,,0.0,,0.0,,0.0,,0.0,,0.0,,0.0,,0.0,,0.0,,0.0,,0.0,,0.0,,0.0,,0.0,0.0,0.0,0.0,0.0,0.0,0.0,0.0,0.0,0.0,0.0,0.0,0.0,0.0,0.0,0.0,0.0,0.0,0.0,0.0,0.0
2023-11-30 23:41:50.148129,1,Adult Dataset,No Bias Mitigation,RandomForestClassifier,,['sex'],{},0.0912745897351527,,0.09127,,0.118952403356073,,0.11895,,0.1706721331088789,,0.17067,,0.3357958141105723,,0.3358,,1.9780001952934283,,1.978,,0.0442124654590113,,0.04421,,0.0381911885965081,,0.0381911885965081,,1.0912519998405352,,1.0912519998405352,,0.8464844949339884,0.8464844949339884,0.7087827426810478,0.70878,0.5966277561608301,0.59663,0.647887323943662,0.64789,0.0381911885965081,0.0381911885965081,0.0381911885965081,0.0381911885965081,1.0912519998405352,1.0912519998405352,0.2067650183375876,0.2067650183375876,0.118952403356073,0.11895,0.0912745897351527,0.09127,0.0,,0.0,,0.0,,0.0,,0.0,,0.0,,0.0,,0.0,,0.0,,0.0,,0.0,,0.0,,0.0,,0.0,,0.0,,0.0,,0.0,0.0,0.0,0.0,0.0,0.0,0.0,0.0,0.0,0.0,0.0,0.0,0.0,0.0,0.0,0.0,0.0,0.0,0.0,0.0
2023-11-30 23:41:50.120997,1,Adult Dataset,Reweighing Bias Mitigation,RandomForestClassifier,,['sex'],{},0.0676425950492727,,0.06764,,0.0889986669803183,,0.089,,0.1512109921997037,,0.15121,,0.3657375502284799,,0.36574,,1.7342010667903525,,1.7342,,0.0362296591955787,,0.03623,,0.0338363821660326,,0.0338363821660326,,1.0058392786811212,,1.0058392786811212,,0.8504758980657047,0.8504758980657047,0.7327868852459016,0.73279,0.5797665369649806,0.57977,0.6473569876900798,0.64736,0.0338363821660326,0.0338363821660326,0.0338363821660326,0.0338363821660326,1.0058392786811212,1.0058392786811212,0.1811083257870104,0.1811083257870104,0.0889986669803183,0.089,0.0676425950492727,0.06764,0.0,,0.0,,0.0,,0.0,,0.0,,0.0,,0.0,,0.0,,0.0,,0.0,,0.0,,0.0,,0.0,,0.0,,0.0,,0.0,,0.0,0.0,0.0,0.0,0.0,0.0,0.0,0.0,0.0,0.0,0.0,0.0,0.0,0.0,0.0,0.0,0.0,0.0,0.0,0.0
2023-11-30 23:41:50.085251,1,Adult Dataset,FairMask Bias Mitigation,RandomForestClassifier,DecisionTreeRegressor,['sex'],{},0.0974735990685672,,0.09747,,0.1320865678663843,,0.13209,,0.1716579126076985,,0.17166,,0.3414689331277615,,0.34147,,1.9285240998068989,,1.92852,,0.0,,0.0,,0.0384117758128756,,0.0384117758128756,,1.0744985759169114,,1.0744985759169114,,0.8443352778630642,0.8443352778630642,0.7,0.7,0.5992217898832685,0.59922,0.6457023060796646,0.6457,0.0384117758128756,0.0384117758128756,0.0384117758128756,0.0384117758128756,1.0744985759169114,1.0744985759169114,0.2087847239179831,0.2087847239179831,0.1320865678663843,0.13209,0.0974735990685672,0.09747,0.0,,0.0,,0.0,,0.0,,0.0,,0.0,,0.0,,0.0,,0.0,,0.0,,0.0,,0.0,,0.0,,0.0,,0.0,,0.0,,0.0,0.0,0.0,0.0,0.0,0.0,0.0,0.0,0.0,0.0,0.0,0.0,0.0,0.0,0.0,0.0,0.0,0.0,0.0,0.0
2023-11-30 23:41:50.047875,1,Adult Dataset,No Bias Mitigation,RandomForestClassifier,,['sex'],{},0.0912745897351527,,0.09127,,0.118952403356073,,0.11895,,0.1706721331088789,,0.17067,,0.3357958141105723,,0.3358,,1.9780001952934283,,1.978,,0.0442124654590113,,0.04421,,0.0381911885965081,,0.0381911885965081,,1.0912519998405352,,1.0912519998405352,,0.8464844949339884,0.8464844949339884,0.7087827426810478,0.70878,0.5966277561608301,0.59663,0.647887323943662,0.64789,0.0381911885965081,0.0381911885965081,0.0381911885965081,0.0381911885965081,1.0912519998405352,1.0912519998405352,0.2067650183375876,0.2067650183375876,0.118952403356073,0.11895,0.0912745897351527,0.09127,0.0,,0.0,,0.0,,0.0,,0.0,,0.0,,0.0,,0.0,,0.0,,0.0,,0.0,,0.0,,0.0,,0.0,,0.0,,0.0,,0.0,0.0,0.0,0.0,0.0,0.0,0.0,0.0,0.0,0.0,0.0,0.0,0.0,0.0,0.0,0.0,0.0,0.0,0.0,0.0
2023-11-30 23:32:11.924320,1,Compas Dataset,No Bias Mitigation,RandomForestClassifier,,['race'],{'sdf': 11},,0.0687128390932738,,0.06871,,0.0763888888888889,,0.07639,,0.0970979401340491,,0.0971,,0.8451681495159756,,0.84517,,,,,,,,,,,,,,,,,0.650904033379694,0.650904033379694,0.6757425742574258,0.67574,0.6946564885496184,0.69466,,,0.0214097388391,0.0214097388391,,,,,,,,,,,,0.0,,0.0,,0.0,,0.0,,0.0,,0.0,,0.0,,0.0,,,,,,,,,,,,,,,,,0.0,0.0,0.0,0.0,0.0,0.0,,,0.0,0.0,,,,,,,,,,
2023-11-30 23:32:11.897500,1,Compas Dataset,No Bias Mitigation,RandomForestClassifier,,['sex'],{},0.1156219332315557,,0.11562,,0.1579867858530897,,0.15799,,0.1444678556199362,,0.14447,,1.2703546365620673,,1.27035,,,,,,,,,,,,,,,,,,0.650904033379694,0.650904033379694,0.6757425742574258,0.67574,0.6946564885496184,0.69466,,,0.0222821450747735,0.0222821450747735,,,,,,,,,,,0.0,,0.0,,0.0,,0.0,,0.0,,0.0,,0.0,,0.0,,,,,,,,,,,,,,,,,,0.0,0.0,0.0,0.0,0.0,0.0,,,0.0,0.0,,,,,,,,,,
2023-11-30 23:32:11.877788,1,Compas Dataset,Reweighing Bias Mitigation,RandomForestClassifier,,['sex'],{},0.0992444212862413,,0.09924,,0.1362611737271667,,0.13626,,0.1268593071964281,,0.12686,,1.2329088857675747,,1.23291,,,,,,,,,,,,,,,,,,0.6495132127955494,0.6495132127955494,0.6723716381418093,0.67237,0.6997455470737913,0.69975,,,0.0195662728909918,0.0195662728909918,,,,,,,,,,,0.0,,0.0,,0.0,,0.0,,0.0,,0.0,,0.0,,0.0,,,,,,,,,,,,,,,,,,0.0,0.0,0.0,0.0,0.0,0.0,,,0.0,0.0,,,,,,,,,,
2023-11-30 23:32:11.847692,1,Compas Dataset,FairMask Bias Mitigation,RandomForestClassifier,DecisionTreeRegressor,['sex'],{},0.0700839939983421,,0.07008,,0.0816167897396036,,0.08162,,0.0925075877291995,,0.09251,,1.1682481751824816,,1.16825,,,,,,,,,,,,,,,,,,0.6453407510431154,0.6453407510431154,0.6691176470588235,0.66912,0.6946564885496184,0.69466,,,0.0142680008743406,0.0142680008743406,,,,,,,,,,,0.0,,0.0,,0.0,,0.0,,0.0,,0.0,,0.0,,0.0,,,,,,,,,,,,,,,,,,0.0,0.0,0.0,0.0,0.0,0.0,,,0.0,0.0,,,,,,,,,,
2023-11-30 23:32:11.826550,1,Compas Dataset,No Bias Mitigation,RandomForestClassifier,,['sex'],{},0.1156219332315557,,0.11562,,0.1579867858530897,,0.15799,,0.1444678556199362,,0.14447,,1.2703546365620673,,1.27035,,,,,,,,,,,,,,,,,,0.650904033379694,0.650904033379694,0.6757425742574258,0.67574,0.6946564885496184,0.69466,,,0.0222821450747735,0.0222821450747735,,,,,,,,,,,0.0,,0.0,,0.0,,0.0,,0.0,,0.0,,0.0,,0.0,,,,,,,,,,,,,,,,,,0.0,0.0,0.0,0.0,0.0,0.0,,,0.0,0.0,,,,,,,,,,
2023-11-30 23:32:08.803070,1,Adult Dataset,No Bias Mitigation,RandomForestClassifier,,['race'],{'sdf': 11},,0.0293859744604153,,0.02939,,0.006464769177369,,0.00646,,0.1058898068984524,,0.10589,,0.5449688793342045,,0.54497,,,,,,,,,,,,,,,,,0.8513969910961007,0.8513969910961007,0.6916548797736917,0.69165,0.6476821192052981,0.64768,,,0.0133285583428206,0.0133285583428206,,,,,,,,,,,,0.0,,0.0,,0.0,,0.0,,0.0,,0.0,,0.0,,0.0,,,,,,,,,,,,,,,,,0.0,0.0,0.0,0.0,0.0,0.0,,,0.0,0.0,,,,,,,,,,
2023-11-30 23:32:08.779074,1,Adult Dataset,No Bias Mitigation,RandomForestClassifier,,['sex'],{},0.0287855595475963,,0.02879,,0.0228966986155484,,0.0229,,0.1596094385953392,,0.15961,,0.4113035432630808,,0.4113,,,,,,,,,,,,,,,,,,0.8513969910961007,0.8513969910961007,0.6916548797736917,0.69165,0.6476821192052981,0.64768,,,0.0357473838968881,0.0357473838968881,,,,,,,,,,,0.0,,0.0,,0.0,,0.0,,0.0,,0.0,,0.0,,0.0,,,,,,,,,,,,,,,,,,0.0,0.0,0.0,0.0,0.0,0.0,,,0.0,0.0,,,,,,,,,,
2023-11-30 23:32:08.760827,1,Adult Dataset,Reweighing Bias Mitigation,RandomForestClassifier,,['sex'],{},0.0149051182005355,,0.01491,,0.0404685835995739,,0.04047,,0.1470965064469232,,0.1471,,0.4331916370542528,,0.43319,,,,,,,,,,,,,,,,,,0.8520110531163647,0.8520110531163647,0.6998535871156661,0.69985,0.633112582781457,0.63311,,,0.0329448893005678,0.0329448893005678,,,,,,,,,,,0.0,,0.0,,0.0,,0.0,,0.0,,0.0,,0.0,,0.0,,,,,,,,,,,,,,,,,,0.0,0.0,0.0,0.0,0.0,0.0,,,0.0,0.0,,,,,,,,,,
2023-11-30 23:32:08.741205,1,Adult Dataset,FairMask Bias Mitigation,RandomForestClassifier,DecisionTreeRegressor,['sex'],{},0.0260295339992072,,0.02603,,0.0244941427050052,,0.02449,,0.1551201206130659,,0.15512,,0.4317538438766259,,0.43175,,,,,,,,,,,,,,,,,,0.8474055879643844,0.8474055879643844,0.6796657381615598,0.67967,0.6463576158940397,0.64636,,,0.0347419209696335,0.0347419209696335,,,,,,,,,,,0.0,,0.0,,0.0,,0.0,,0.0,,0.0,,0.0,,0.0,,,,,,,,,,,,,,,,,,0.0,0.0,0.0,0.0,0.0,0.0,,,0.0,0.0,,,,,,,,,,
2023-11-30 23:32:08.691664,1,Adult Dataset,No Bias Mitigation,RandomForestClassifier,,['sex'],{},0.0287855595475963,,0.02879,,0.0228966986155484,,0.0229,,0.1596094385953392,,0.15961,,0.4113035432630808,,0.4113,,,,,,,,,,,,,,,,,,0.8513969910961007,0.8513969910961007,0.6916548797736917,0.69165,0.6476821192052981,0.64768,,,0.0357473838968881,0.0357473838968881,,,,,,,,,,,0.0,,0.0,,0.0,,0.0,,0.0,,0.0,,0.0,,0.0,,,,,,,,,,,,,,,,,,0.0,0.0,0.0,0.0,0.0,0.0,,,0.0,0.0,,,,,,,,,,
2023-11-29 21:43:18.120845,1,Compas Dataset,No Bias Mitigation,RandomForestClassifier,,['race'],{'sdf': 11},,0.16007,,,,0.14958,,,,0.1827,,,,0.74504,,,,,,,,,,,,,,,,,,,0.6411682892906815,,0.65268,,0.71979,,,,0.0412023344120736,,,,,,,,,,,,,0.0,,,,0.0,,,,0.0,,,,0.0,,,,,,,,,,,,,,,,,,,0.0,,0.0,,0.0,,,,0.0,,,,,,,,,,,
2023-11-29 21:43:18.105153,1,Compas Dataset,No Bias Mitigation,RandomForestClassifier,,['sex'],{},0.11846,,,,0.14479,,,,0.15493,,,,1.2735,,,,,,,,,,,,,,,,,,,,0.6411682892906815,,0.65268,,0.71979,,,,0.0242939022479452,,,,,,,,,,,,0.0,,,,0.0,,,,0.0,,,,0.0,,,,,,,,,,,,,,,,,,,,0.0,,0.0,,0.0,,,,0.0,,,,,,,,,,,
2023-11-29 21:43:18.083704,1,Compas Dataset,Reweighing Bias Mitigation,RandomForestClassifier,,['sex'],{},0.03917,,,,0.04861,,,,0.07534,,,,1.12792,,,,,,,,,,,,,,,,,,,,0.6536856745479833,,0.66129,,0.73779,,,,0.0118132702466917,,,,,,,,,,,,0.0,,,,0.0,,,,0.0,,,,0.0,,,,,,,,,,,,,,,,,,,,0.0,,0.0,,0.0,,,,0.0,,,,,,,,,,,
2023-11-29 21:43:18.065205,1,Compas Dataset,FairMask Bias Mitigation,RandomForestClassifier,DecisionTreeRegressor,['sex'],{},0.02114,,,,0.00539,,,,0.04583,,,,1.08165,,,,,,,,,,,,,,,,,,,,0.6258692628650904,,0.64634,,0.68123,,,,0.0071862287483969,,,,,,,,,,,,0.0,,,,0.0,,,,0.0,,,,0.0,,,,,,,,,,,,,,,,,,,,0.0,,0.0,,0.0,,,,0.0,,,,,,,,,,,
2023-11-29 21:43:18.051534,1,Compas Dataset,No Bias Mitigation,RandomForestClassifier,,['sex'],{},0.11846,,,,0.14479,,,,0.15493,,,,1.2735,,,,,,,,,,,,,,,,,,,,0.6411682892906815,,0.65268,,0.71979,,,,0.0242939022479452,,,,,,,,,,,,0.0,,,,0.0,,,,0.0,,,,0.0,,,,,,,,,,,,,,,,,,,,0.0,,0.0,,0.0,,,,0.0,,,,,,,,,,,
2023-11-29 21:43:16.081679,1,Adult Dataset,No Bias Mitigation,RandomForestClassifier,,['race'],{'sdf': 11},,0.10726,,,,0.15625,,,,0.11548,,,,0.49753,,,,,,,,,,,,,,,,,,,0.8492477740251766,,0.71717,,0.62753,,,,0.0145359434142885,,,,,,,,,,,,,0.0,,,,0.0,,,,0.0,,,,0.0,,,,,,,,,,,,,,,,,,,0.0,,0.0,,0.0,,,,0.0,,,,,,,,,,,
2023-11-29 21:43:16.061682,1,Adult Dataset,No Bias Mitigation,RandomForestClassifier,,['sex'],{},0.08405,,,,0.0842,,,,0.17276,,,,0.35267,,,,,,,,,,,,,,,,,,,,0.8492477740251766,,0.71717,,0.62753,,,,0.0371593306177224,,,,,,,,,,,,0.0,,,,0.0,,,,0.0,,,,0.0,,,,,,,,,,,,,,,,,,,,0.0,,0.0,,0.0,,,,0.0,,,,,,,,,,,
2023-11-29 21:43:16.041310,1,Adult Dataset,Reweighing Bias Mitigation,RandomForestClassifier,,['sex'],{},0.0719,,,,0.07519,,,,0.1573,,,,0.38158,,,,,,,,,,,,,,,,,,,,0.8495548050353086,,0.72605,,0.61237,,,,0.0338344025371677,,,,,,,,,,,,0.0,,,,0.0,,,,0.0,,,,0.0,,,,,,,,,,,,,,,,,,,,0.0,,0.0,,0.0,,,,0.0,,,,,,,,,,,
2023-11-29 21:43:16.032252,1,Adult Dataset,FairMask Bias Mitigation,RandomForestClassifier,DecisionTreeRegressor,['sex'],{},0.08625,,,,0.09183,,,,0.17071,,,,0.36247,,,,,,,,,,,,,,,,,,,,0.8470985569542524,,0.7106,,0.62626,,,,0.0367190045973581,,,,,,,,,,,,0.0,,,,0.0,,,,0.0,,,,0.0,,,,,,,,,,,,,,,,,,,,0.0,,0.0,,0.0,,,,0.0,,,,,,,,,,,
2023-11-29 21:43:16.005537,1,Adult Dataset,No Bias Mitigation,RandomForestClassifier,,['sex'],{},0.08405,,,,0.0842,,,,0.17276,,,,0.35267,,,,,,,,,,,,,,,,,,,,0.8492477740251766,,0.71717,,0.62753,,,,0.0371593306177224,,,,,,,,,,,,0.0,,,,0.0,,,,0.0,,,,0.0,,,,,,,,,,,,,,,,,,,,0.0,,0.0,,0.0,,,,0.0,,,,,,,,,,,
2023-11-29 21:33:04.223109,1,Compas Dataset,No Bias Mitigation,RandomForestClassifier,,['race'],{'sdf': 11},,0.19078,,,,0.1705,,,,0.19643,,,,0.72946,,,,,,,,,,,,,,,,,,,0.6592489568845619,,0.68075,,0.72682,,,,0.042736299256617,,,,,,,,,,,,,0.0,,,,0.0,,,,0.0,,,,0.0,,,,,,,,,,,,,,,,,,,0.0,,0.0,,0.0,,,,0.0,,,,,,,,,,,
2023-11-29 21:33:04.213562,1,Compas Dataset,No Bias Mitigation,RandomForestClassifier,,['sex'],{},0.10013,,,,0.05146,,,,0.12168,,,,1.21387,,,,,,,,,,,,,,,,,,,,0.6592489568845619,,0.68075,,0.72682,,,,0.0189762864123212,,,,,,,,,,,,0.0,,,,0.0,,,,0.0,,,,0.0,,,,,,,,,,,,,,,,,,,,0.0,,0.0,,0.0,,,,0.0,,,,,,,,,,,
2023-11-29 21:33:04.197760,1,Compas Dataset,Reweighing Bias Mitigation,RandomForestClassifier,,['sex'],{},0.02255,,,,0.06289,,,,0.03363,,,,1.05892,,,,,,,,,,,,,,,,,,,,0.6495132127955494,,0.67711,,0.70426,,,,0.0052441093235273,,,,,,,,,,,,0.0,,,,0.0,,,,0.0,,,,0.0,,,,,,,,,,,,,,,,,,,,0.0,,0.0,,0.0,,,,0.0,,,,,,,,,,,
2023-11-29 21:33:04.172169,1,Compas Dataset,FairMask Bias Mitigation,RandomForestClassifier,DecisionTreeRegressor,['sex'],{},0.01645,,,,0.03064,,,,0.05723,,,,1.09938,,,,,,,,,,,,,,,,,,,,0.6703755215577191,,0.69194,,0.73183,,,,0.008925238074052,,,,,,,,,,,,0.0,,,,0.0,,,,0.0,,,,0.0,,,,,,,,,,,,,,,,,,,,0.0,,0.0,,0.0,,,,0.0,,,,,,,,,,,
2023-11-29 21:33:04.152714,1,Compas Dataset,No Bias Mitigation,RandomForestClassifier,,['sex'],{},0.10013,,,,0.05146,,,,0.12168,,,,1.21387,,,,,,,,,,,,,,,,,,,,0.6592489568845619,,0.68075,,0.72682,,,,0.0189762864123212,,,,,,,,,,,,0.0,,,,0.0,,,,0.0,,,,0.0,,,,,,,,,,,,,,,,,,,,0.0,,0.0,,0.0,,,,0.0,,,,,,,,,,,
2023-11-29 21:33:02.128484,1,Adult Dataset,No Bias Mitigation,RandomForestClassifier,,['race'],{'sdf': 11},,0.07446,,,,0.10988,,,,0.10864,,,,0.43833,,,,,,,,,,,,,,,,,,,0.841879029782008,,0.72069,,0.54215,,,,0.0131765039923929,,,,,,,,,,,,,0.0,,,,0.0,,,,0.0,,,,0.0,,,,,,,,,,,,,,,,,,,0.0,,0.0,,0.0,,,,0.0,,,,,,,,,,,
2023-11-29 21:33:02.108050,1,Adult Dataset,No Bias Mitigation,RandomForestClassifier,,['sex'],{},0.15089,,,,0.21904,,,,0.18744,,,,0.23064,,,,,,,,,,,,,,,,,,,,0.841879029782008,,0.72069,,0.54215,,,,0.0426253687176595,,,,,,,,,,,,0.0,,,,0.0,,,,0.0,,,,0.0,,,,,,,,,,,,,,,,,,,,0.0,,0.0,,0.0,,,,0.0,,,,,,,,,,,
2023-11-29 21:33:02.094937,1,Adult Dataset,Reweighing Bias Mitigation,RandomForestClassifier,,['sex'],{},0.06994,,,,0.10934,,,,0.12009,,,,0.40987,,,,,,,,,,,,,,,,,,,,0.8332821614983114,,0.71673,,0.48898,,,,0.0273093572625842,,,,,,,,,,,,0.0,,,,0.0,,,,0.0,,,,0.0,,,,,,,,,,,,,,,,,,,,0.0,,0.0,,0.0,,,,0.0,,,,,,,,,,,
2023-11-29 21:33:02.067856,1,Adult Dataset,FairMask Bias Mitigation,RandomForestClassifier,DecisionTreeRegressor,['sex'],{},0.0395,,,,0.05769,,,,0.11356,,,,0.51798,,,,,,,,,,,,,,,,,,,,0.8320540374577833,,0.67555,,0.55901,,,,0.0258255782943687,,,,,,,,,,,,0.0,,,,0.0,,,,0.0,,,,0.0,,,,,,,,,,,,,,,,,,,,0.0,,0.0,,0.0,,,,0.0,,,,,,,,,,,
2023-11-29 21:33:02.057860,1,Adult Dataset,No Bias Mitigation,RandomForestClassifier,,['sex'],{},0.15089,,,,0.21904,,,,0.18744,,,,0.23064,,,,,,,,,,,,,,,,,,,,0.841879029782008,,0.72069,,0.54215,,,,0.0426253687176595,,,,,,,,,,,,0.0,,,,0.0,,,,0.0,,,,0.0,,,,,,,,,,,,,,,,,,,,0.0,,0.0,,0.0,,,,0.0,,,,,,,,,,,
2023-11-29 21:25:11.790016,1,Compas Dataset,No Bias Mitigation,RandomForestClassifier,,['race'],{'sdf': 11},,0.12562,,,,0.11961,,,,0.1739,,,,0.75157,,,,,,,,,,,,,,,,,,,0.6648122392211405,,0.66905,,0.73368,,,,0.0386721628904308,,,,,,,,,,,,,0.0,,,,0.0,,,,0.0,,,,0.0,,,,,,,,,,,,,,,,,,,0.0,,0.0,,0.0,,,,0.0,,,,,,,,,,,
2023-11-29 21:25:11.776482,1,Compas Dataset,No Bias Mitigation,RandomForestClassifier,,['sex'],{},0.10109,,,,0.12737,,,,0.16161,,,,1.29241,,,,,,,,,,,,,,,,,,,,0.6648122392211405,,0.66905,,0.73368,,,,0.0253404028543739,,,,,,,,,,,,0.0,,,,0.0,,,,0.0,,,,0.0,,,,,,,,,,,,,,,,,,,,0.0,,0.0,,0.0,,,,0.0,,,,,,,,,,,
2023-11-29 21:25:11.753416,1,Compas Dataset,Reweighing Bias Mitigation,RandomForestClassifier,,['sex'],{},0.00208,,,,0.02522,,,,0.06058,,,,1.10534,,,,,,,,,,,,,,,,,,,,0.6648122392211405,,0.66825,,0.73629,,,,0.0094997494975442,,,,,,,,,,,,0.0,,,,0.0,,,,0.0,,,,0.0,,,,,,,,,,,,,,,,,,,,0.0,,0.0,,0.0,,,,0.0,,,,,,,,,,,
2023-11-29 21:25:11.729075,1,Compas Dataset,FairMask Bias Mitigation,RandomForestClassifier,DecisionTreeRegressor,['sex'],{},0.04053,,,,0.06008,,,,0.09756,,,,1.17434,,,,,,,,,,,,,,,,,,,,0.6564673157162726,,0.66346,,0.72063,,,,0.0152970920436938,,,,,,,,,,,,0.0,,,,0.0,,,,0.0,,,,0.0,,,,,,,,,,,,,,,,,,,,0.0,,0.0,,0.0,,,,0.0,,,,,,,,,,,
2023-11-29 21:25:11.713017,1,Compas Dataset,No Bias Mitigation,RandomForestClassifier,,['sex'],{},0.10109,,,,0.12737,,,,0.16161,,,,1.29241,,,,,,,,,,,,,,,,,,,,0.6648122392211405,,0.66905,,0.73368,,,,0.0253404028543739,,,,,,,,,,,,0.0,,,,0.0,,,,0.0,,,,0.0,,,,,,,,,,,,,,,,,,,,0.0,,0.0,,0.0,,,,0.0,,,,,,,,,,,
2023-11-29 21:25:09.676442,1,Adult Dataset,No Bias Mitigation,RandomForestClassifier,,['race'],{'sdf': 11},,0.05789,,,,0.08889,,,,0.08061,,,,0.5723,,,,,,,,,,,,,,,,,,,0.8348173165489714,,0.71972,,0.52525,,,,0.0095091943862627,,,,,,,,,,,,,0.0,,,,0.0,,,,0.0,,,,0.0,,,,,,,,,,,,,,,,,,,0.0,,0.0,,0.0,,,,0.0,,,,,,,,,,,
2023-11-29 21:25:09.658484,1,Adult Dataset,No Bias Mitigation,RandomForestClassifier,,['sex'],{},0.19462,,,,0.31239,,,,0.19825,,,,0.18383,,,,,,,,,,,,,,,,,,,,0.8348173165489714,,0.71972,,0.52525,,,,0.0438359589025276,,,,,,,,,,,,0.0,,,,0.0,,,,0.0,,,,0.0,,,,,,,,,,,,,,,,,,,,0.0,,0.0,,0.0,,,,0.0,,,,,,,,,,,
2023-11-29 21:25:09.630762,1,Adult Dataset,Reweighing Bias Mitigation,RandomForestClassifier,,['sex'],{},0.0992,,,,0.16849,,,,0.13509,,,,0.34057,,,,,,,,,,,,,,,,,,,,0.8342032545287074,,0.74138,,0.48864,,,,0.029871185549765,,,,,,,,,,,,0.0,,,,0.0,,,,0.0,,,,0.0,,,,,,,,,,,,,,,,,,,,0.0,,0.0,,0.0,,,,0.0,,,,,,,,,,,
2023-11-29 21:25:09.610169,1,Adult Dataset,FairMask Bias Mitigation,RandomForestClassifier,DecisionTreeRegressor,['sex'],{},0.06414,,,,0.11656,,,,0.11697,,,,0.5025,,,,,,,,,,,,,,,,,,,,0.8225360761436905,,0.66719,,0.53914,,,,0.0258634740469241,,,,,,,,,,,,0.0,,,,0.0,,,,0.0,,,,0.0,,,,,,,,,,,,,,,,,,,,0.0,,0.0,,0.0,,,,0.0,,,,,,,,,,,
2023-11-29 21:25:09.589955,1,Adult Dataset,No Bias Mitigation,RandomForestClassifier,,['sex'],{},0.19462,,,,0.31239,,,,0.19825,,,,0.18383,,,,,,,,,,,,,,,,,,,,0.8348173165489714,,0.71972,,0.52525,,,,0.0438359589025276,,,,,,,,,,,,0.0,,,,0.0,,,,0.0,,,,0.0,,,,,,,,,,,,,,,,,,,,0.0,,0.0,,0.0,,,,0.0,,,,,,,,,,,
2023-11-29 21:23:29.600482,1,Compas Dataset,No Bias Mitigation,RandomForestClassifier,,['race'],{'sdf': 11},,0.07066,,,,0.08734,,,,0.08791,,,,0.86476,,,,,,,,,,,,,,,,,,,0.6356050069541029,,0.64637,,0.71318,,,,0.0202936004843692,,,,,,,,,,,,,0.0,,,,0.0,,,,0.0,,,,0.0,,,,,,,,,,,,,,,,,,,0.0,,0.0,,0.0,,,,0.0,,,,,,,,,,,
2023-11-29 21:23:29.583910,1,Compas Dataset,No Bias Mitigation,RandomForestClassifier,,['sex'],{},0.18023,,,,0.12446,,,,0.20149,,,,1.36512,,,,,,,,,,,,,,,,,,,,0.6356050069541029,,0.64637,,0.71318,,,,0.0332655654875319,,,,,,,,,,,,0.0,,,,0.0,,,,0.0,,,,0.0,,,,,,,,,,,,,,,,,,,,0.0,,0.0,,0.0,,,,0.0,,,,,,,,,,,
2023-11-29 21:23:29.565238,1,Compas Dataset,Reweighing Bias Mitigation,RandomForestClassifier,,['sex'],{},0.11654,,,,0.03556,,,,0.13409,,,,1.23696,,,,,,,,,,,,,,,,,,,,0.6411682892906815,,0.65105,,0.71835,,,,0.0221390008143747,,,,,,,,,,,,0.0,,,,0.0,,,,0.0,,,,0.0,,,,,,,,,,,,,,,,,,,,0.0,,0.0,,0.0,,,,0.0,,,,,,,,,,,
2023-11-29 21:23:29.544354,1,Compas Dataset,FairMask Bias Mitigation,RandomForestClassifier,DecisionTreeRegressor,['sex'],{},0.09292,,,,0.04957,,,,0.11797,,,,1.21243,,,,,,,,,,,,,,,,,,,,0.6328233657858137,,0.64748,,0.69767,,,,0.0194772913237169,,,,,,,,,,,,0.0,,,,0.0,,,,0.0,,,,0.0,,,,,,,,,,,,,,,,,,,,0.0,,0.0,,0.0,,,,0.0,,,,,,,,,,,
2023-11-29 21:23:29.514348,1,Compas Dataset,No Bias Mitigation,RandomForestClassifier,,['sex'],{},0.18023,,,,0.12446,,,,0.20149,,,,1.36512,,,,,,,,,,,,,,,,,,,,0.6356050069541029,,0.64637,,0.71318,,,,0.0332655654875319,,,,,,,,,,,,0.0,,,,0.0,,,,0.0,,,,0.0,,,,,,,,,,,,,,,,,,,,0.0,,0.0,,0.0,,,,0.0,,,,,,,,,,,
2023-11-29 21:23:27.616172,1,Adult Dataset,No Bias Mitigation,RandomForestClassifier,,['race'],{'sdf': 11},,0.02431,,,,0.02602,,,,0.07264,,,,0.63247,,,,,,,,,,,,,,,,,,,0.8314399754375192,,0.72951,,0.53679,,,,0.0088738277886914,,,,,,,,,,,,,0.0,,,,0.0,,,,0.0,,,,0.0,,,,,,,,,,,,,,,,,,,0.0,,0.0,,0.0,,,,0.0,,,,,,,,,,,
2023-11-29 21:23:27.600564,1,Adult Dataset,No Bias Mitigation,RandomForestClassifier,,['sex'],{},0.17035,,,,0.26028,,,,0.20188,,,,0.2034,,,,,,,,,,,,,,,,,,,,0.8314399754375192,,0.72951,,0.53679,,,,0.0444695344073165,,,,,,,,,,,,0.0,,,,0.0,,,,0.0,,,,0.0,,,,,,,,,,,,,,,,,,,,0.0,,0.0,,0.0,,,,0.0,,,,,,,,,,,
2023-11-29 21:23:27.579458,1,Adult Dataset,Reweighing Bias Mitigation,RandomForestClassifier,,['sex'],{},0.06428,,,,0.09821,,,,0.12772,,,,0.37568,,,,,,,,,,,,,,,,,,,,0.8240712311943507,,0.74151,,0.47407,,,,0.0281329771383974,,,,,,,,,,,,0.0,,,,0.0,,,,0.0,,,,0.0,,,,,,,,,,,,,,,,,,,,0.0,,0.0,,0.0,,,,0.0,,,,,,,,,,,
2023-11-29 21:23:27.552490,1,Adult Dataset,FairMask Bias Mitigation,RandomForestClassifier,DecisionTreeRegressor,['sex'],{},0.04501,,,,0.08094,,,,0.11823,,,,0.51695,,,,,,,,,,,,,,,,,,,,0.8206938900828984,,0.68256,,0.55247,,,,0.0260426775932124,,,,,,,,,,,,0.0,,,,0.0,,,,0.0,,,,0.0,,,,,,,,,,,,,,,,,,,,0.0,,0.0,,0.0,,,,0.0,,,,,,,,,,,
2023-11-29 21:23:27.542433,1,Adult Dataset,No Bias Mitigation,RandomForestClassifier,,['sex'],{},0.17035,,,,0.26028,,,,0.20188,,,,0.2034,,,,,,,,,,,,,,,,,,,,0.8314399754375192,,0.72951,,0.53679,,,,0.0444695344073165,,,,,,,,,,,,0.0,,,,0.0,,,,0.0,,,,0.0,,,,,,,,,,,,,,,,,,,,0.0,,0.0,,0.0,,,,0.0,,,,,,,,,,,
2023-11-29 19:36:23.969158,3,Compas Dataset,No Bias Mitigation,LogisticRegression,,['race'],{},,0.1739833333333333,,,,0.1155033333333333,,,,0.1923399999999999,,,,0.7398166666666667,,,,,,,,,,,,,,,,,,,0.6819656930922577,,0.6803433333333334,,0.7760933333333333,,,,0.0440748915295351,,,,,,,,,,,,,1.5500155555555552e-05,,,,0.0003103269555555,,,,0.0003874244666666,,,,0.0005533571555555,,,,,,,,,,,,,,,,,,,0.0002609266248109,,8.69508222222225e-05,,0.0013134782888888,,,,2.369389478789913e-05,,,,,,,,,,,
2023-11-29 19:36:23.957187,3,Compas Dataset,No Bias Mitigation,LogisticRegression,,['sex'],{},0.20962,,,,0.1142099999999999,,,,0.2166866666666666,,,,1.3805566666666669,,,,,,,,,,,,,,,,,,,,0.6819656930922577,,0.6803433333333334,,0.7760933333333333,,,,0.0345067938716202,,,,,,,,,,,,0.0008500297999999,,,,0.0003188454,,,,0.0006180362888888,,,,0.0028715672222222,,,,,,,,,,,,,,,,,,,,0.0002609266248109,,8.69508222222225e-05,,0.0013134782888888,,,,2.6686838422373447e-05,,,,,,,,,,,
2023-11-29 19:36:23.943878,3,Compas Dataset,Reweighing Bias Mitigation,LogisticRegression,,['sex'],{},0.0385266666666666,,,,0.06502,,,,0.0327133333333333,,,,0.9825966666666668,,,,,,,,,,,,,,,,,,,,0.6917014371812703,,0.6915533333333334,,0.7747033333333334,,,,0.0052318582381778,,,,,,,,,,,,0.0006555622888888,,,,0.0004409887999999,,,,3.104915555555557e-05,,,,0.0026857946888888,,,,,,,,,,,,,,,,,,,,0.000142284535111,,0.0002600490888888,,0.0005371500222222,,,,1.3122917130965298e-06,,,,,,,,,,,
2023-11-29 19:36:23.932186,3,Compas Dataset,FairMask Bias Mitigation,LogisticRegression,DecisionTreeRegressor,['sex'],{},0.0333199999999999,,,,0.0274833333333333,,,,0.05647,,,,1.0999633333333332,,,,,,,,,,,,,,,,,,,,0.6917014371812703,,0.6986066666666666,,0.7551800000000001,,,,0.0089323308076753,,,,,,,,,,,,0.0004571092666666,,,,0.0009534102888888,,,,0.0004483912666666,,,,0.0016628299555555,,,,,,,,,,,,,,,,,,,,0.0001293886557958,,0.0001048570888888,,0.0008428770666666,,,,1.115789834970097e-05,,,,,,,,,,,
2023-11-29 19:36:23.918476,3,Compas Dataset,No Bias Mitigation,LogisticRegression,,['sex'],{},0.20962,,,,0.1142099999999999,,,,0.2166866666666666,,,,1.3805566666666669,,,,,,,,,,,,,,,,,,,,0.6819656930922577,,0.6803433333333334,,0.7760933333333333,,,,0.0345067938716202,,,,,,,,,,,,0.0008500297999999,,,,0.0003188454,,,,0.0006180362888888,,,,0.0028715672222222,,,,,,,,,,,,,,,,,,,,0.0002609266248109,,8.69508222222225e-05,,0.0013134782888888,,,,2.6686838422373447e-05,,,,,,,,,,,
2023-11-29 19:36:22.802742,3,Adult Dataset,No Bias Mitigation,LogisticRegression,,['race'],{},,0.08527,,,,0.1314533333333333,,,,0.0944599999999999,,,,0.4156966666666666,,,,,,,,,,,,,,,,,,,0.830211851396991,,0.7190799999999999,,0.4508333333333333,,,,0.0120563797043798,,,,,,,,,,,,,0.0003598808666666,,,,0.0004534550222222,,,,0.0003133237999999,,,,0.0088725870888888,,,,,,,,,,,,,,,,,,,1.432874225976898e-05,,4.101739999999992e-05,,5.210955555555566e-06,,,,4.7202064914463365e-06,,,,,,,,,,,
2023-11-29 19:36:22.787728,3,Adult Dataset,No Bias Mitigation,LogisticRegression,,['sex'],{},0.16898,,,,0.2725233333333333,,,,0.1664433333333333,,,,0.1765566666666667,,,,,,,,,,,,,,,,,,,,0.830211851396991,,0.7190799999999999,,0.4508333333333333,,,,0.0369457192364024,,,,,,,,,,,,0.0001756625999999,,,,0.0006986256888888,,,,6.11908888888886e-06,,,,2.1740222222222024e-06,,,,,,,,,,,,,,,,,,,,1.432874225976898e-05,,4.101739999999992e-05,,5.210955555555566e-06,,,,8.989607586430697e-08,,,,,,,,,,,
2023-11-29 19:36:22.772695,3,Adult Dataset,Reweighing Bias Mitigation,LogisticRegression,,['sex'],{},0.0342133333333333,,,,0.0602466666666666,,,,0.07972,,,,0.4838866666666666,,,,,,,,,,,,,,,,,,,,0.8197727970525023,,0.7104433333333334,,0.3883533333333333,,,,0.0176980077423599,,,,,,,,,,,,8.754408888888889e-05,,,,0.0003891384222222,,,,2.5432666666666834e-06,,,,4.7396622222222055e-05,,,,,,,,,,,,,,,,,,,,9.489649479057648e-06,,5.0812355555555735e-05,,3.3430288888888875e-05,,,,1.558783425013194e-07,,,,,,,,,,,
2023-11-29 19:36:22.758572,3,Adult Dataset,FairMask Bias Mitigation,LogisticRegression,DecisionTreeRegressor,['sex'],{},0.0470966666666666,,,,0.07816,,,,0.1012633333333333,,,,0.4952666666666666,,,,,,,,,,,,,,,,,,,,0.8229454508238665,,0.67078,,0.4783333333333333,,,,0.0224739409354789,,,,,,,,,,,,0.0001191317555555,,,,0.0006952194,,,,1.4157755555555558e-05,,,,0.0002282672888888,,,,,,,,,,,,,,,,,,,,5.4256494814038175e-06,,7.84080666666668e-05,,4.262755555555558e-06,,,,4.568862119431646e-07,,,,,,,,,,,
2023-11-29 19:36:22.741319,3,Adult Dataset,No Bias Mitigation,LogisticRegression,,['sex'],{},0.16898,,,,0.2725233333333333,,,,0.1664433333333333,,,,0.1765566666666667,,,,,,,,,,,,,,,,,,,,0.830211851396991,,0.7190799999999999,,0.4508333333333333,,,,0.0369457192364024,,,,,,,,,,,,0.0001756625999999,,,,0.0006986256888888,,,,6.11908888888886e-06,,,,2.1740222222222024e-06,,,,,,,,,,,,,,,,,,,,1.432874225976898e-05,,4.101739999999992e-05,,5.210955555555566e-06,,,,8.989607586430697e-08,,,,,,,,,,,
2023-11-29 19:35:17.218432,3,Compas Dataset,No Bias Mitigation,LogisticRegression,,['race'],{},,0.1634666666666666,,,,0.1592266666666666,,,,0.1869966666666666,,,,0.7483066666666667,,,,,,,,,,,,,,,,,,,0.6759388038942977,,0.6848433333333332,,0.7693933333333334,,,,0.0431006078472715,,,,,,,,,,,,,0.0016363033555555,,,,0.0005780224888888,,,,0.0017526488888888,,,,0.0025716546888888,,,,,,,,,,,,,,,,,,,6.705857243905565e-05,,0.0003812346888888,,0.0006638368222222,,,,8.614924724075211e-05,,,,,,,,,,,
2023-11-29 19:35:17.206233,3,Compas Dataset,No Bias Mitigation,LogisticRegression,,['sex'],{},0.1982699999999999,,,,0.1796799999999999,,,,0.2372366666666666,,,,1.4144133333333333,,,,,,,,,,,,,,,,,,,,0.6759388038942977,,0.6848433333333332,,0.7693933333333334,,,,0.0365482115672169,,,,,,,,,,,,3.4487266666666725e-05,,,,0.0018606924666666,,,,0.0001273723555555,,,,0.0019817188222222,,,,,,,,,,,,,,,,,,,,6.705857243905565e-05,,0.0003812346888888,,0.0006638368222222,,,,6.245346823189398e-06,,,,,,,,,,,
2023-11-29 19:35:17.193776,3,Compas Dataset,Reweighing Bias Mitigation,LogisticRegression,,['sex'],{},0.0212866666666666,,,,0.0879433333333333,,,,0.06787,,,,1.1098266666666667,,,,,,,,,,,,,,,,,,,,0.6777932313398239,,0.6845,,0.7753166666666665,,,,0.0102090228598804,,,,,,,,,,,,0.0002262681555555,,,,0.0005996605555555,,,,0.0010343886,,,,0.0027297261555555,,,,,,,,,,,,,,,,,,,,3.26695609318477e-05,,0.0001751377999999,,0.0011387904222222,,,,1.965167041015404e-05,,,,,,,,,,,
2023-11-29 19:35:17.181459,3,Compas Dataset,FairMask Bias Mitigation,LogisticRegression,DecisionTreeRegressor,['sex'],{},0.0851766666666666,,,,0.11262,,,,0.1379999999999999,,,,1.2402833333333334,,,,,,,,,,,,,,,,,,,,0.6773296244784422,,0.69155,,0.7535133333333333,,,,0.0211976016243649,,,,,,,,,,,,4.882755555555546e-06,,,,0.0025523104666666,,,,8.132539999999997e-05,,,,0.0004159664222222,,,,,,,,,,,,,,,,,,,,1.1606291383682874e-05,,0.0002007881999999,,0.0013518370888888,,,,2.164633947868279e-07,,,,,,,,,,,
2023-11-29 19:35:17.167690,3,Compas Dataset,No Bias Mitigation,LogisticRegression,,['sex'],{},0.1982699999999999,,,,0.1796799999999999,,,,0.2372366666666666,,,,1.4144133333333333,,,,,,,,,,,,,,,,,,,,0.6759388038942977,,0.6848433333333332,,0.7693933333333334,,,,0.0365482115672169,,,,,,,,,,,,3.4487266666666725e-05,,,,0.0018606924666666,,,,0.0001273723555555,,,,0.0019817188222222,,,,,,,,,,,,,,,,,,,,6.705857243905565e-05,,0.0003812346888888,,0.0006638368222222,,,,6.245346823189398e-06,,,,,,,,,,,
2023-11-29 19:35:17.151236,1,Compas Dataset,No Bias Mitigation,LogisticRegression,,['race'],{},,0.21997,,,,0.18834,,,,0.24453,,,,0.68347,,,,,,,,,,,,,,,,,,,0.6731571627260083,,0.67873,,0.76336,,,,0.0559674714340153,,,,,,,,,,,,,0.0,,,,0.0,,,,0.0,,,,0.0,,,,,,,,,,,,,,,,,,,0.0,,0.0,,0.0,,,,0.0,,,,,,,,,,,
2023-11-29 19:35:17.092490,1,Compas Dataset,No Bias Mitigation,LogisticRegression,,['sex'],{},0.19004,,,,0.2389,,,,0.24579,,,,1.42995,,,,,,,,,,,,,,,,,,,,0.6731571627260083,,0.67873,,0.76336,,,,0.0355249235435555,,,,,,,,,,,,0.0,,,,0.0,,,,0.0,,,,0.0,,,,,,,,,,,,,,,,,,,,0.0,,0.0,,0.0,,,,0.0,,,,,,,,,,,
2023-11-29 19:35:17.032626,1,Compas Dataset,Reweighing Bias Mitigation,LogisticRegression,,['sex'],{},0.04254,,,,0.12231,,,,0.1072,,,,1.17659,,,,,,,,,,,,,,,,,,,,0.6703755215577191,,0.67333,,0.77099,,,,0.0154943989972164,,,,,,,,,,,,0.0,,,,0.0,,,,0.0,,,,0.0,,,,,,,,,,,,,,,,,,,,0.0,,0.0,,0.0,,,,0.0,,,,,,,,,,,
2023-11-29 19:35:16.939369,1,Compas Dataset,FairMask Bias Mitigation,LogisticRegression,DecisionTreeRegressor,['sex'],{},0.08413,,,,0.16661,,,,0.15055,,,,1.26336,,,,,,,,,,,,,,,,,,,,0.6731571627260083,,0.68372,,0.74809,,,,0.0217598619625078,,,,,,,,,,,,0.0,,,,0.0,,,,0.0,,,,0.0,,,,,,,,,,,,,,,,,,,,0.0,,0.0,,0.0,,,,0.0,,,,,,,,,,,
2023-11-29 19:35:16.879812,1,Compas Dataset,No Bias Mitigation,LogisticRegression,,['sex'],{},0.19004,,,,0.2389,,,,0.24579,,,,1.42995,,,,,,,,,,,,,,,,,,,,0.6731571627260083,,0.67873,,0.76336,,,,0.0355249235435555,,,,,,,,,,,,0.0,,,,0.0,,,,0.0,,,,0.0,,,,,,,,,,,,,,,,,,,,0.0,,0.0,,0.0,,,,0.0,,,,,,,,,,,
2023-11-29 19:35:16.792477,1,Compas Dataset,No Bias Mitigation,LogisticRegression,,['race'],{},,0.12747,,,,0.15988,,,,0.14613,,,,0.80727,,,,,,,,,,,,,,,,,,,0.6675938803894298,,0.66458,,0.80353,,,,0.0344184570983111,,,,,,,,,,,,,0.0,,,,0.0,,,,0.0,,,,0.0,,,,,,,,,,,,,,,,,,,0.0,,0.0,,0.0,,,,0.0,,,,,,,,,,,
2023-11-29 19:35:16.733757,1,Compas Dataset,No Bias Mitigation,LogisticRegression,,['sex'],{},0.20335,,,,0.13739,,,,0.22129,,,,1.35381,,,,,,,,,,,,,,,,,,,,0.6675938803894298,,0.66458,,0.80353,,,,0.0341302341956163,,,,,,,,,,,,0.0,,,,0.0,,,,0.0,,,,0.0,,,,,,,,,,,,,,,,,,,,0.0,,0.0,,0.0,,,,0.0,,,,,,,,,,,
2023-11-29 19:35:16.675388,1,Compas Dataset,Reweighing Bias Mitigation,LogisticRegression,,['sex'],{},0.01145,,,,0.07446,,,,0.06799,,,,1.10386,,,,,,,,,,,,,,,,,,,,0.6842837273991655,,0.67708,,0.81864,,,,0.0104862842651573,,,,,,,,,,,,0.0,,,,0.0,,,,0.0,,,,0.0,,,,,,,,,,,,,,,,,,,,0.0,,0.0,,0.0,,,,0.0,,,,,,,,,,,
2023-11-29 19:35:16.584344,1,Compas Dataset,FairMask Bias Mitigation,LogisticRegression,DecisionTreeRegressor,['sex'],{},0.08315,,,,0.12615,,,,0.13369,,,,1.21376,,,,,,,,,,,,,,,,,,,,0.6815020862308763,,0.67949,,0.80101,,,,0.0206205110250096,,,,,,,,,,,,0.0,,,,0.0,,,,0.0,,,,0.0,,,,,,,,,,,,,,,,,,,,0.0,,0.0,,0.0,,,,0.0,,,,,,,,,,,
2023-11-29 19:35:16.517955,1,Compas Dataset,No Bias Mitigation,LogisticRegression,,['sex'],{},0.20335,,,,0.13739,,,,0.22129,,,,1.35381,,,,,,,,,,,,,,,,,,,,0.6675938803894298,,0.66458,,0.80353,,,,0.0341302341956163,,,,,,,,,,,,0.0,,,,0.0,,,,0.0,,,,0.0,,,,,,,,,,,,,,,,,,,,0.0,,0.0,,0.0,,,,0.0,,,,,,,,,,,
2023-11-29 19:35:16.436089,1,Compas Dataset,No Bias Mitigation,LogisticRegression,,['race'],{},,0.14296,,,,0.12946,,,,0.17033,,,,0.75418,,,,,,,,,,,,,,,,,,,0.6870653685674548,,0.71122,,0.74129,,,,0.0389158950094881,,,,,,,,,,,,,0.0,,,,0.0,,,,0.0,,,,0.0,,,,,,,,,,,,,,,,,,,0.0,,0.0,,0.0,,,,0.0,,,,,,,,,,,
2023-11-29 19:35:16.379658,1,Compas Dataset,No Bias Mitigation,LogisticRegression,,['sex'],{},0.20142,,,,0.16275,,,,0.24463,,,,1.45948,,,,,,,,,,,,,,,,,,,,0.6870653685674548,,0.71122,,0.74129,,,,0.0399894769624788,,,,,,,,,,,,0.0,,,,0.0,,,,0.0,,,,0.0,,,,,,,,,,,,,,,,,,,,0.0,,0.0,,0.0,,,,0.0,,,,,,,,,,,
2023-11-29 19:35:16.321661,1,Compas Dataset,Reweighing Bias Mitigation,LogisticRegression,,['sex'],{},0.00987,,,,0.06706,,,,0.02842,,,,1.04903,,,,,,,,,,,,,,,,,,,,0.6787204450625869,,0.70309,,0.73632,,,,0.0046463853172676,,,,,,,,,,,,0.0,,,,0.0,,,,0.0,,,,0.0,,,,,,,,,,,,,,,,,,,,0.0,,0.0,,0.0,,,,0.0,,,,,,,,,,,
2023-11-29 19:35:16.227483,1,Compas Dataset,FairMask Bias Mitigation,LogisticRegression,DecisionTreeRegressor,['sex'],{},0.08825,,,,0.0451,,,,0.12976,,,,1.24373,,,,,,,,,,,,,,,,,,,,0.6773296244784422,,0.71144,,0.71144,,,,0.0212124318855774,,,,,,,,,,,,0.0,,,,0.0,,,,0.0,,,,0.0,,,,,,,,,,,,,,,,,,,,0.0,,0.0,,0.0,,,,0.0,,,,,,,,,,,
2023-11-29 19:35:16.165650,1,Compas Dataset,No Bias Mitigation,LogisticRegression,,['sex'],{},0.20142,,,,0.16275,,,,0.24463,,,,1.45948,,,,,,,,,,,,,,,,,,,,0.6870653685674548,,0.71122,,0.74129,,,,0.0399894769624788,,,,,,,,,,,,0.0,,,,0.0,,,,0.0,,,,0.0,,,,,,,,,,,,,,,,,,,,0.0,,0.0,,0.0,,,,0.0,,,,,,,,,,,
2023-11-29 19:35:15.977430,3,Adult Dataset,No Bias Mitigation,LogisticRegression,,['race'],{},,0.0757066666666666,,,,0.10926,,,,0.09498,,,,0.41449,,,,,,,,,,,,,,,,,,,0.8207962337529424,,0.7351899999999999,,0.4382866666666666,,,,0.0116569974365691,,,,,,,,,,,,,0.0016583600222222,,,,0.0070433794666666,,,,0.0001613804666666,,,,0.0052552626,,,,,,,,,,,,,,,,,,,3.1255092765461347e-05,,9.552059999999982e-05,,9.679642222222248e-05,,,,2.239658338874224e-06,,,,,,,,,,,
2023-11-29 19:35:15.965050,3,Adult Dataset,No Bias Mitigation,LogisticRegression,,['sex'],{},0.1558466666666666,,,,0.2434266666666666,,,,0.1670533333333333,,,,0.1806533333333333,,,,,,,,,,,,,,,,,,,,0.8207962337529424,,0.7351899999999999,,0.4382866666666666,,,,0.0370506709889192,,,,,,,,,,,,0.0002107060222222,,,,0.0013107394888888,,,,1.0139022222222266e-05,,,,0.0003308257555555,,,,,,,,,,,,,,,,,,,,3.1255092765461347e-05,,9.552059999999982e-05,,9.679642222222248e-05,,,,8.203771292043462e-08,,,,,,,,,,,
2023-11-29 19:35:15.952831,3,Adult Dataset,Reweighing Bias Mitigation,LogisticRegression,,['sex'],{},0.0156933333333333,,,,0.0261733333333333,,,,0.0785433333333333,,,,0.5067666666666667,,,,,,,,,,,,,,,,,,,,0.8109712414287177,,0.7253766666666666,,0.3876599999999999,,,,0.0174135067940705,,,,,,,,,,,,0.0002939693555555,,,,0.0008798664222222,,,,5.0570822222222266e-05,,,,0.0016370097555555,,,,,,,,,,,,,,,,,,,,3.797954636982667e-05,,0.0003350461555555,,0.0001179385999999,,,,2.2115425238689827e-06,,,,,,,,,,,
2023-11-29 19:35:15.940831,3,Adult Dataset,FairMask Bias Mitigation,LogisticRegression,DecisionTreeRegressor,['sex'],{},0.0261733333333333,,,,0.0350633333333333,,,,0.0983133333333333,,,,0.5126666666666667,,,,,,,,,,,,,,,,,,,,0.815269675570566,,0.69012,,0.4687166666666666,,,,0.0218093512451409,,,,,,,,,,,,0.0002319899555555,,,,0.0008146081555555,,,,2.166948888888889e-05,,,,0.0005611958222222,,,,,,,,,,,,,,,,,,,,5.262251543353696e-05,,0.0001344900666666,,0.0001514784888888,,,,1.1502821905208929e-06,,,,,,,,,,,
2023-11-29 19:35:15.926089,3,Adult Dataset,No Bias Mitigation,LogisticRegression,,['sex'],{},0.1558466666666666,,,,0.2434266666666666,,,,0.1670533333333333,,,,0.1806533333333333,,,,,,,,,,,,,,,,,,,,0.8207962337529424,,0.7351899999999999,,0.4382866666666666,,,,0.0370506709889192,,,,,,,,,,,,0.0002107060222222,,,,0.0013107394888888,,,,1.0139022222222266e-05,,,,0.0003308257555555,,,,,,,,,,,,,,,,,,,,3.1255092765461347e-05,,9.552059999999982e-05,,9.679642222222248e-05,,,,8.203771292043462e-08,,,,,,,,,,,
2023-11-29 19:35:15.909892,1,Adult Dataset,No Bias Mitigation,LogisticRegression,,['race'],{},,0.02795,,,,0.01358,,,,0.07849,,,,0.50902,,,,,,,,,,,,,,,,,,,0.8234571691740866,,0.72934,,0.44291,,,,0.0096400384274243,,,,,,,,,,,,,0.0,,,,0.0,,,,0.0,,,,0.0,,,,,,,,,,,,,,,,,,,0.0,,0.0,,0.0,,,,0.0,,,,,,,,,,,
2023-11-29 19:35:15.788948,1,Adult Dataset,No Bias Mitigation,LogisticRegression,,['sex'],{},0.17094,,,,0.28098,,,,0.1666,,,,0.18659,,,,,,,,,,,,,,,,,,,,0.8234571691740866,,0.72934,,0.44291,,,,0.037247376968187,,,,,,,,,,,,0.0,,,,0.0,,,,0.0,,,,0.0,,,,,,,,,,,,,,,,,,,,0.0,,0.0,,0.0,,,,0.0,,,,,,,,,,,
2023-11-29 19:35:15.663781,1,Adult Dataset,Reweighing Bias Mitigation,LogisticRegression,,['sex'],{},0.03983,,,,0.06805,,,,0.08436,,,,0.47534,,,,,,,,,,,,,,,,,,,,0.8102548357384096,,0.70766,,0.38269,,,,0.0188612439478739,,,,,,,,,,,,0.0,,,,0.0,,,,0.0,,,,0.0,,,,,,,,,,,,,,,,,,,,0.0,,0.0,,0.0,,,,0.0,,,,,,,,,,,
2023-11-29 19:35:15.395654,1,Adult Dataset,FairMask Bias Mitigation,LogisticRegression,DecisionTreeRegressor,['sex'],{},0.04414,,,,0.07016,,,,0.10421,,,,0.483,,,,,,,,,,,,,,,,,,,,0.8197727970525023,,0.69373,,0.47177,,,,0.0232991947906726,,,,,,,,,,,,0.0,,,,0.0,,,,0.0,,,,0.0,,,,,,,,,,,,,,,,,,,,0.0,,0.0,,0.0,,,,0.0,,,,,,,,,,,
2023-11-29 19:35:15.255649,1,Adult Dataset,No Bias Mitigation,LogisticRegression,,['sex'],{},0.17094,,,,0.28098,,,,0.1666,,,,0.18659,,,,,,,,,,,,,,,,,,,,0.8234571691740866,,0.72934,,0.44291,,,,0.037247376968187,,,,,,,,,,,,0.0,,,,0.0,,,,0.0,,,,0.0,,,,,,,,,,,,,,,,,,,,0.0,,0.0,,0.0,,,,0.0,,,,,,,,,,,
2023-11-29 19:35:15.103380,1,Adult Dataset,No Bias Mitigation,LogisticRegression,,['race'],{},,0.12746,,,,0.21792,,,,0.1094,,,,0.33286,,,,,,,,,,,,,,,,,,,0.8130181148295977,,0.72727,,0.42461,,,,0.0132208099717488,,,,,,,,,,,,,0.0,,,,0.0,,,,0.0,,,,0.0,,,,,,,,,,,,,,,,,,,0.0,,0.0,,0.0,,,,0.0,,,,,,,,,,,
2023-11-29 19:35:14.985923,1,Adult Dataset,No Bias Mitigation,LogisticRegression,,['sex'],{},0.13625,,,,0.19451,,,,0.1634,,,,0.19936,,,,,,,,,,,,,,,,,,,,0.8130181148295977,,0.72727,,0.42461,,,,0.0366456640613179,,,,,,,,,,,,0.0,,,,0.0,,,,0.0,,,,0.0,,,,,,,,,,,,,,,,,,,,0.0,,0.0,,0.0,,,,0.0,,,,,,,,,,,
2023-11-29 19:35:14.864140,1,Adult Dataset,Reweighing Bias Mitigation,LogisticRegression,,['sex'],{},0.00563,,,,0.0031,,,,0.06853,,,,0.56389,,,,,,,,,,,,,,,,,,,,0.803807184525637,,0.71789,,0.37756,,,,0.015368518754014,,,,,,,,,,,,0.0,,,,0.0,,,,0.0,,,,0.0,,,,,,,,,,,,,,,,,,,,0.0,,0.0,,0.0,,,,0.0,,,,,,,,,,,
2023-11-29 19:35:14.598675,1,Adult Dataset,FairMask Bias Mitigation,LogisticRegression,DecisionTreeRegressor,['sex'],{},0.02748,,,,0.03478,,,,0.09283,,,,0.54098,,,,,,,,,,,,,,,,,,,,0.8050353085661652,,0.67446,,0.45235,,,,0.0208180599467442,,,,,,,,,,,,0.0,,,,0.0,,,,0.0,,,,0.0,,,,,,,,,,,,,,,,,,,,0.0,,0.0,,0.0,,,,0.0,,,,,,,,,,,
2023-11-29 19:35:14.449550,1,Adult Dataset,No Bias Mitigation,LogisticRegression,,['sex'],{},0.13625,,,,0.19451,,,,0.1634,,,,0.19936,,,,,,,,,,,,,,,,,,,,0.8130181148295977,,0.72727,,0.42461,,,,0.0366456640613179,,,,,,,,,,,,0.0,,,,0.0,,,,0.0,,,,0.0,,,,,,,,,,,,,,,,,,,,0.0,,0.0,,0.0,,,,0.0,,,,,,,,,,,
2023-11-29 19:35:14.291513,1,Adult Dataset,No Bias Mitigation,LogisticRegression,,['race'],{},,0.07171,,,,0.09628,,,,0.09705,,,,0.40159,,,,,,,,,,,,,,,,,,,0.8259134172551428,,0.74896,,0.44734,,,,0.0121101439105343,,,,,,,,,,,,,0.0,,,,0.0,,,,0.0,,,,0.0,,,,,,,,,,,,,,,,,,,0.0,,0.0,,0.0,,,,0.0,,,,,,,,,,,
2023-11-29 19:35:14.170430,1,Adult Dataset,No Bias Mitigation,LogisticRegression,,['sex'],{},0.16035,,,,0.25479,,,,0.17116,,,,0.15601,,,,,,,,,,,,,,,,,,,,0.8259134172551428,,0.74896,,0.44734,,,,0.0372589719372525,,,,,,,,,,,,0.0,,,,0.0,,,,0.0,,,,0.0,,,,,,,,,,,,,,,,,,,,0.0,,0.0,,0.0,,,,0.0,,,,,,,,,,,
2023-11-29 19:35:14.062979,1,Adult Dataset,Reweighing Bias Mitigation,LogisticRegression,,['sex'],{},0.00162,,,,0.00737,,,,0.08274,,,,0.48107,,,,,,,,,,,,,,,,,,,,0.8188517040221063,,0.75058,,0.40273,,,,0.0180107576803236,,,,,,,,,,,,0.0,,,,0.0,,,,0.0,,,,0.0,,,,,,,,,,,,,,,,,,,,0.0,,0.0,,0.0,,,,0.0,,,,,,,,,,,
2023-11-29 19:35:13.794734,1,Adult Dataset,FairMask Bias Mitigation,LogisticRegression,DecisionTreeRegressor,['sex'],{},0.0069,,,,0.00025,,,,0.0979,,,,0.51402,,,,,,,,,,,,,,,,,,,,0.8210009210930304,,0.70217,,0.48203,,,,0.0213107989980061,,,,,,,,,,,,0.0,,,,0.0,,,,0.0,,,,0.0,,,,,,,,,,,,,,,,,,,,0.0,,0.0,,0.0,,,,0.0,,,,,,,,,,,
2023-11-29 19:35:13.660472,1,Adult Dataset,No Bias Mitigation,LogisticRegression,,['sex'],{},0.16035,,,,0.25479,,,,0.17116,,,,0.15601,,,,,,,,,,,,,,,,,,,,0.8259134172551428,,0.74896,,0.44734,,,,0.0372589719372525,,,,,,,,,,,,0.0,,,,0.0,,,,0.0,,,,0.0,,,,,,,,,,,,,,,,,,,,0.0,,0.0,,0.0,,,,0.0,,,,,,,,,,,
2023-11-29 19:21:15.300619,3,Compas Dataset,Reweighing Bias Mitigation,LogisticRegression,,['sex'],{},0.0444133333333333,,,,0.0558066666666666,,,,0.0947633333333333,,,,1.160556666666667,,,,,,,,,,,,,,,,,,,,0.6940194714881779,,0.68586,,0.79148,,,,0.0148470258555932,,,,,,,,,,,,0.0007870461555555,,,,0.0007779302888888,,,,0.0011748854222222,,,,0.0042959984888888,,,,,,,,,,,,,,,,,,,,0.0002824197570029,,0.0001189128666666,,0.0008758754666666,,,,3.0901619522675376e-05,,,,,,,,,,,
2023-11-29 19:21:15.288603,3,Compas Dataset,FairMask Bias Mitigation,LogisticRegression,DecisionTreeRegressor,['sex'],{},0.09953,,,,0.08931,,,,0.1510066666666666,,,,1.27103,,,,,,,,,,,,,,,,,,,,0.7014371812702828,,0.7002099999999999,,0.7740900000000001,,,,0.0235923664131981,,,,,,,,,,,,0.0006741640666666,,,,0.0009944316666666,,,,0.0006858800222222,,,,0.0038809698666666,,,,,,,,,,,,,,,,,,,,0.000300903850688,,0.0001443224666666,,0.0010482162666666,,,,1.918215514281473e-05,,,,,,,,,,,
2023-11-29 19:21:15.277764,3,Compas Dataset,No Bias Mitigation,LogisticRegression,,['sex'],{},0.2142866666666666,,,,0.1551466666666666,,,,0.2513966666666666,,,,1.45135,,,,,,,,,,,,,,,,,,,,0.6986555401019935,,0.69158,,0.7896766666666668,,,,0.0392860067458344,,,,,,,,,,,,0.0021209944888888,,,,0.0017820419555555,,,,0.0020061394888888,,,,0.0112426508666666,,,,,,,,,,,,,,,,,,,,0.000204184755824,,0.0001142647999999,,0.0007533461555555,,,,5.637883216015505e-05,,,,,,,,,,,
2023-11-29 19:21:15.265752,1,Compas Dataset,Reweighing Bias Mitigation,LogisticRegression,,['sex'],{},0.02751,,,,0.04638,,,,0.08435,,,,1.13589,,,,,,,,,,,,,,,,,,,,0.717663421418637,,0.70087,,0.82946,,,,0.013153796901507,,,,,,,,,,,,0.0,,,,0.0,,,,0.0,,,,0.0,,,,,,,,,,,,,,,,,,,,0.0,,0.0,,0.0,,,,0.0,,,,,,,,,,,
2023-11-29 19:21:15.172415,1,Compas Dataset,FairMask Bias Mitigation,LogisticRegression,DecisionTreeRegressor,['sex'],{},0.07128,,,,0.08781,,,,0.12947,,,,1.22217,,,,,,,,,,,,,,,,,,,,0.7246175243393602,,0.71625,,0.80879,,,,0.0201910782438133,,,,,,,,,,,,0.0,,,,0.0,,,,0.0,,,,0.0,,,,,,,,,,,,,,,,,,,,0.0,,0.0,,0.0,,,,0.0,,,,,,,,,,,
2023-11-29 19:21:15.101501,1,Compas Dataset,No Bias Mitigation,LogisticRegression,,['sex'],{},0.18814,,,,0.12152,,,,0.223,,,,1.38266,,,,,,,,,,,,,,,,,,,,0.7148817802503477,,0.70222,,0.81654,,,,0.0347763177493079,,,,,,,,,,,,0.0,,,,0.0,,,,0.0,,,,0.0,,,,,,,,,,,,,,,,,,,,0.0,,0.0,,0.0,,,,0.0,,,,,,,,,,,
2023-11-29 19:21:15.028945,1,Compas Dataset,Reweighing Bias Mitigation,LogisticRegression,,['sex'],{},0.08395,,,,0.09369,,,,0.14097,,,,1.25027,,,,,,,,,,,,,,,,,,,,0.6801112656467315,,0.67529,,0.75726,,,,0.0223421109135892,,,,,,,,,,,,0.0,,,,0.0,,,,0.0,,,,0.0,,,,,,,,,,,,,,,,,,,,0.0,,0.0,,0.0,,,,0.0,,,,,,,,,,,
2023-11-29 19:21:14.937581,1,Compas Dataset,FairMask Bias Mitigation,LogisticRegression,DecisionTreeRegressor,['sex'],{},0.13397,,,,0.12866,,,,0.18787,,,,1.35895,,,,,,,,,,,,,,,,,,,,0.6828929068150209,,0.68734,,0.73087,,,,0.029775940544838,,,,,,,,,,,,0.0,,,,0.0,,,,0.0,,,,0.0,,,,,,,,,,,,,,,,,,,,0.0,,0.0,,0.0,,,,0.0,,,,,,,,,,,
2023-11-29 19:21:14.876909,1,Compas Dataset,No Bias Mitigation,LogisticRegression,,['sex'],{},0.27902,,,,0.21468,,,,0.31463,,,,1.60113,,,,,,,,,,,,,,,,,,,,0.6801112656467315,,0.67696,,0.75198,,,,0.0498664309299927,,,,,,,,,,,,0.0,,,,0.0,,,,0.0,,,,0.0,,,,,,,,,,,,,,,,,,,,0.0,,0.0,,0.0,,,,0.0,,,,,,,,,,,
2023-11-29 19:21:14.784222,1,Compas Dataset,Reweighing Bias Mitigation,LogisticRegression,,['sex'],{},0.02178,,,,0.02735,,,,0.05897,,,,1.09551,,,,,,,,,,,,,,,,,,,,0.6842837273991655,,0.68142,,0.78772,,,,0.0090451697516834,,,,,,,,,,,,0.0,,,,0.0,,,,0.0,,,,0.0,,,,,,,,,,,,,,,,,,,,0.0,,0.0,,0.0,,,,0.0,,,,,,,,,,,
2023-11-29 19:21:14.669765,1,Compas Dataset,FairMask Bias Mitigation,LogisticRegression,DecisionTreeRegressor,['sex'],{},0.09334,,,,0.05146,,,,0.13568,,,,1.23197,,,,,,,,,,,,,,,,,,,,0.6968011126564673,,0.69704,,0.78261,,,,0.0208100804509431,,,,,,,,,,,,0.0,,,,0.0,,,,0.0,,,,0.0,,,,,,,,,,,,,,,,,,,,0.0,,0.0,,0.0,,,,0.0,,,,,,,,,,,
2023-11-29 19:21:14.599644,1,Compas Dataset,No Bias Mitigation,LogisticRegression,,['sex'],{},0.1757,,,,0.12924,,,,0.21656,,,,1.37026,,,,,,,,,,,,,,,,,,,,0.7009735744089013,,0.69556,,0.80051,,,,0.0332152715582026,,,,,,,,,,,,0.0,,,,0.0,,,,0.0,,,,0.0,,,,,,,,,,,,,,,,,,,,0.0,,0.0,,0.0,,,,0.0,,,,,,,,,,,
2023-11-29 19:21:14.390447,3,Adult Dataset,Reweighing Bias Mitigation,LogisticRegression,,['sex'],{},0.02992,,,,0.0572566666666666,,,,0.0650733333333333,,,,0.57656,,,,,,,,,,,,,,,,,,,,0.8187493603520622,,0.7270366666666667,,0.39414,,,,0.0145928813111628,,,,,,,,,,,,0.0008483186,,,,0.0036694169555555,,,,0.0001901776222222,,,,0.0043798552666666,,,,,,,,,,,,,,,,,,,,4.545814430365288e-06,,2.78531555555554e-05,,9.60722666666668e-05,,,,1.0075522204445594e-05,,,,,,,,,,,
2023-11-29 19:21:14.380428,3,Adult Dataset,FairMask Bias Mitigation,LogisticRegression,DecisionTreeRegressor,['sex'],{},0.02158,,,,0.0420633333333333,,,,0.0881833333333333,,,,0.5526566666666667,,,,,,,,,,,,,,,,,,,,0.8176235799815781,,0.6746366666666667,,0.4669466666666666,,,,0.0197643632050844,,,,,,,,,,,,0.0001139458666666,,,,0.0009558517555555,,,,0.0001461049555555,,,,0.0017297017555555,,,,,,,,,,,,,,,,,,,,1.627694844421159e-05,,0.0001118296888888,,0.0001182014888888,,,,7.990772280193545e-06,,,,,,,,,,,
2023-11-29 19:21:14.370407,3,Adult Dataset,No Bias Mitigation,LogisticRegression,,['sex'],{},0.1246866666666666,,,,0.1778266666666666,,,,0.1585533333333333,,,,0.198,,,,,,,,,,,,,,,,,,,,0.8244806058745265,,0.7261933333333334,,0.4340866666666667,,,,0.0355252883918616,,,,,,,,,,,,0.0008206232888888,,,,0.0029733584888888,,,,0.0001079582888888,,,,0.0009013428666666,,,,,,,,,,,,,,,,,,,,4.105896904845977e-06,,0.0001659694222222,,0.0002023661555555,,,,6.873984800122393e-06,,,,,,,,,,,
2023-11-29 19:21:14.349945,1,Adult Dataset,Reweighing Bias Mitigation,LogisticRegression,,['sex'],{},0.00617,,,,0.00635,,,,0.08395,,,,0.49108,,,,,,,,,,,,,,,,,,,,0.8188517040221063,,0.72297,,0.40736,,,,0.0188681255148802,,,,,,,,,,,,0.0,,,,0.0,,,,0.0,,,,0.0,,,,,,,,,,,,,,,,,,,,0.0,,0.0,,0.0,,,,0.0,,,,,,,,,,,
2023-11-29 19:21:13.993216,1,Adult Dataset,FairMask Bias Mitigation,LogisticRegression,DecisionTreeRegressor,['sex'],{},0.0188,,,,0.00719,,,,0.10485,,,,0.5011,,,,,,,,,,,,,,,,,,,,0.817009517961314,,0.66901,,0.48223,,,,0.0235650306668078,,,,,,,,,,,,0.0,,,,0.0,,,,0.0,,,,0.0,,,,,,,,,,,,,,,,,,,,0.0,,0.0,,0.0,,,,0.0,,,,,,,,,,,
2023-11-29 19:21:13.811538,1,Adult Dataset,No Bias Mitigation,LogisticRegression,,['sex'],{},0.14718,,,,0.21354,,,,0.17242,,,,0.18679,,,,,,,,,,,,,,,,,,,,0.8222290451335585,,0.70942,,0.44924,,,,0.0387518006374216,,,,,,,,,,,,0.0,,,,0.0,,,,0.0,,,,0.0,,,,,,,,,,,,,,,,,,,,0.0,,0.0,,0.0,,,,0.0,,,,,,,,,,,
2023-11-29 19:21:13.610834,1,Adult Dataset,Reweighing Bias Mitigation,LogisticRegression,,['sex'],{},0.01265,,,,0.02304,,,,0.05988,,,,0.58629,,,,,,,,,,,,,,,,,,,,0.8213079521031624,,0.73449,,0.38392,,,,0.0136405855591353,,,,,,,,,,,,0.0,,,,0.0,,,,0.0,,,,0.0,,,,,,,,,,,,,,,,,,,,0.0,,0.0,,0.0,,,,0.0,,,,,,,,,,,
2023-11-29 19:21:13.339469,1,Adult Dataset,FairMask Bias Mitigation,LogisticRegression,DecisionTreeRegressor,['sex'],{},0.01012,,,,0.03666,,,,0.08314,,,,0.55392,,,,,,,,,,,,,,,,,,,,0.8228431071538226,,0.68945,,0.45785,,,,0.0189375067931907,,,,,,,,,,,,0.0,,,,0.0,,,,0.0,,,,0.0,,,,,,,,,,,,,,,,,,,,0.0,,0.0,,0.0,,,,0.0,,,,,,,,,,,
2023-11-29 19:21:13.184138,1,Adult Dataset,No Bias Mitigation,LogisticRegression,,['sex'],{},0.14262,,,,0.21916,,,,0.15583,,,,0.16814,,,,,,,,,,,,,,,,,,,,0.8271415412956709,,0.74074,,0.41505,,,,0.0354941799382714,,,,,,,,,,,,0.0,,,,0.0,,,,0.0,,,,0.0,,,,,,,,,,,,,,,,,,,,0.0,,0.0,,0.0,,,,0.0,,,,,,,,,,,
2023-11-29 19:21:13.005017,1,Adult Dataset,Reweighing Bias Mitigation,LogisticRegression,,['sex'],{},0.07094,,,,0.14238,,,,0.05139,,,,0.65231,,,,,,,,,,,,,,,,,,,,0.816088424930918,,0.72365,,0.39114,,,,0.011269932859473,,,,,,,,,,,,0.0,,,,0.0,,,,0.0,,,,0.0,,,,,,,,,,,,,,,,,,,,0.0,,0.0,,0.0,,,,0.0,,,,,,,,,,,
2023-11-29 19:21:12.702032,1,Adult Dataset,FairMask Bias Mitigation,LogisticRegression,DecisionTreeRegressor,['sex'],{},0.03582,,,,0.08234,,,,0.07656,,,,0.60295,,,,,,,,,,,,,,,,,,,,0.8130181148295977,,0.66545,,0.46076,,,,0.0167905521552549,,,,,,,,,,,,0.0,,,,0.0,,,,0.0,,,,0.0,,,,,,,,,,,,,,,,,,,,0.0,,0.0,,0.0,,,,0.0,,,,,,,,,,,
2023-11-29 19:21:12.557459,1,Adult Dataset,No Bias Mitigation,LogisticRegression,,['sex'],{},0.08426,,,,0.10078,,,,0.14741,,,,0.23907,,,,,,,,,,,,,,,,,,,,0.8240712311943507,,0.72842,,0.43797,,,,0.032329884599892,,,,,,,,,,,,0.0,,,,0.0,,,,0.0,,,,0.0,,,,,,,,,,,,,,,,,,,,0.0,,0.0,,0.0,,,,0.0,,,,,,,,,,,
2023-11-29 19:14:32.710169,1,Adult Dataset,No Bias Mitigation,LogisticRegression,,['sex'],{},0.12419,,,,0.16983,,,,0.17321,,,,0.18067,,,,,,,,,,,,,,,,,,,,0.8400368437212159,,0.72393,,0.47838,,,,0.0395944626575537,,,,,,,,,,,,0.0,,,,0.0,,,,0.0,,,,0.0,,,,,,,,,,,,,,,,,,,,0.0,,0.0,,0.0,,,,0.0,,,,,,,,,,,
2023-11-29 19:05:05.557909,1,Adult Dataset,No Bias Mitigation,LogisticRegression,,['sex'],{},0.1567,,,,0.23464,,,,0.16626,,,,0.19167,,,,,,,,,,,,,,,,,,,,0.8096407737181456,,0.69215,,0.42417,,,,0.0361369937110961,,,,,,,,,,,,0.0,,,,0.0,,,,0.0,,,,0.0,,,,,,,,,,,,,,,,,,,,0.0,,0.0,,0.0,,,,0.0,,,,,,,,,,,
2023-11-29 18:54:10.650863,1,Adult Dataset,No Bias Mitigation,LogisticRegression,,['sex'],{},0.16316,,,,0.25663,,,,0.17593,,,,0.19163,,,,,,,,,,,,,,,,,,,,0.830211851396991,,0.72832,,0.47848,,,,0.0389738018744068,,,,,,,,,,,,0.0,,,,0.0,,,,0.0,,,,0.0,,,,,,,,,,,,,,,,,,,,0.0,,0.0,,0.0,,,,0.0,,,,,,,,,,,
2023-11-28 22:53:34.792034,3,Compas Dataset,Reweighing Bias Mitigation,LogisticRegression,,['sex'],{},0.0326566666666666,,,,0.0479266666666666,,,,0.0679866666666666,,,,1.1119233333333334,,,,,,,,,,,,,,,,,,,,0.6852109411219286,,0.68642,,0.7776299999999999,,,,0.0101432538753729,,,,,,,,,,,,0.0003735821555555,,,,0.0012382118222222,,,,0.0006445531555555,,,,0.0017220752888888,,,,,,,,,,,,,,,,,,,,8.167390232961806e-06,,3.303466666666584e-06,,0.0007165372666666,,,,1.0737775282245407e-05,,,,,,,,,,,
2023-11-28 22:53:34.781807,3,Compas Dataset,FairMask Bias Mitigation,LogisticRegression,DecisionTreeRegressor,['sex'],{},0.0946133333333333,,,,0.0524866666666666,,,,0.1276966666666666,,,,1.226103333333333,,,,,,,,,,,,,,,,,,,,0.6861381548446918,,0.6960466666666667,,0.7520300000000001,,,,0.0192432311141459,,,,,,,,,,,,0.0001154574222222,,,,0.0017866056222222,,,,0.0003351004222222,,,,0.0010367872222222,,,,,,,,,,,,,,,,,,,,8.29634902611392e-05,,3.069375555555578e-05,,0.0010626690666666,,,,2.9827001578686296e-06,,,,,,,,,,,
2023-11-28 22:53:34.764372,3,Compas Dataset,No Bias Mitigation,LogisticRegression,,['sex'],{},0.2170566666666666,,,,0.1381599999999999,,,,0.2417966666666666,,,,1.43159,,,,,,,,,,,,,,,,,,,,0.6879925822902179,,0.6908033333333333,,0.77345,,,,0.0365675553861896,,,,,,,,,,,,0.0010860917555555,,,,0.0033686572666666,,,,0.0011436432888888,,,,0.0063876552,,,,,,,,,,,,,,,,,,,,3.137997300032752e-05,,1.601235555555566e-05,,0.0005249774,,,,2.1851206516236263e-05,,,,,,,,,,,
2023-11-28 22:53:34.757706,1,Compas Dataset,Reweighing Bias Mitigation,LogisticRegression,,['sex'],{},0.02046,,,,0.08936,,,,0.04082,,,,1.07153,,,,,,,,,,,,,,,,,,,,0.6815020862308763,,0.6875,,0.74286,,,,0.00636605082395,,,,,,,,,,,,0.0,,,,0.0,,,,0.0,,,,0.0,,,,,,,,,,,,,,,,,,,,0.0,,0.0,,0.0,,,,0.0,,,,,,,,,,,
2023-11-28 22:53:34.675614,1,Compas Dataset,FairMask Bias Mitigation,LogisticRegression,DecisionTreeRegressor,['sex'],{},0.09464,,,,0.01621,,,,0.1127,,,,1.21362,,,,,,,,,,,,,,,,,,,,0.674547983310153,,0.69114,,0.70909,,,,0.0175757939186901,,,,,,,,,,,,0.0,,,,0.0,,,,0.0,,,,0.0,,,,,,,,,,,,,,,,,,,,0.0,,0.0,,0.0,,,,0.0,,,,,,,,,,,
2023-11-28 22:53:34.592360,1,Compas Dataset,No Bias Mitigation,LogisticRegression,,['sex'],{},0.25768,,,,0.12986,,,,0.27097,,,,1.51361,,,,,,,,,,,,,,,,,,,,0.6801112656467315,,0.68585,,0.74286,,,,0.0422585069279887,,,,,,,,,,,,0.0,,,,0.0,,,,0.0,,,,0.0,,,,,,,,,,,,,,,,,,,,0.0,,0.0,,0.0,,,,0.0,,,,,,,,,,,
2023-11-28 22:53:34.541348,1,Compas Dataset,Reweighing Bias Mitigation,LogisticRegression,,['sex'],{},0.05994,,,,0.05108,,,,0.1019,,,,1.16899,,,,,,,,,,,,,,,,,,,,0.6856745479833102,,0.68386,,0.78205,,,,0.0143569824416155,,,,,,,,,,,,0.0,,,,0.0,,,,0.0,,,,0.0,,,,,,,,,,,,,,,,,,,,0.0,,0.0,,0.0,,,,0.0,,,,,,,,,,,
2023-11-28 22:53:34.448354,1,Compas Dataset,FairMask Bias Mitigation,LogisticRegression,DecisionTreeRegressor,['sex'],{},0.10776,,,,0.11177,,,,0.15347,,,,1.27027,,,,,,,,,,,,,,,,,,,,0.6870653685674548,,0.69321,,0.75897,,,,0.0216225208478009,,,,,,,,,,,,0.0,,,,0.0,,,,0.0,,,,0.0,,,,,,,,,,,,,,,,,,,,0.0,,0.0,,0.0,,,,0.0,,,,,,,,,,,
2023-11-28 22:53:34.361466,1,Compas Dataset,No Bias Mitigation,LogisticRegression,,['sex'],{},0.21653,,,,0.21303,,,,0.26003,,,,1.45793,,,,,,,,,,,,,,,,,,,,0.6912378303198887,,0.69091,,0.77949,,,,0.0366352587525945,,,,,,,,,,,,0.0,,,,0.0,,,,0.0,,,,0.0,,,,,,,,,,,,,,,,,,,,0.0,,0.0,,0.0,,,,0.0,,,,,,,,,,,
2023-11-28 22:53:34.308152,1,Compas Dataset,Reweighing Bias Mitigation,LogisticRegression,,['sex'],{},0.01757,,,,0.00334,,,,0.06124,,,,1.09525,,,,,,,,,,,,,,,,,,,,0.6884561891515995,,0.6879,,0.80798,,,,0.0097067283605533,,,,,,,,,,,,0.0,,,,0.0,,,,0.0,,,,0.0,,,,,,,,,,,,,,,,,,,,0.0,,0.0,,0.0,,,,0.0,,,,,,,,,,,
2023-11-28 22:53:34.207827,1,Compas Dataset,FairMask Bias Mitigation,LogisticRegression,DecisionTreeRegressor,['sex'],{},0.08144,,,,0.02948,,,,0.11692,,,,1.19442,,,,,,,,,,,,,,,,,,,,0.6968011126564673,,0.70379,,0.78803,,,,0.0185313785759467,,,,,,,,,,,,0.0,,,,0.0,,,,0.0,,,,0.0,,,,,,,,,,,,,,,,,,,,0.0,,0.0,,0.0,,,,0.0,,,,,,,,,,,
2023-11-28 22:53:34.115922,1,Compas Dataset,No Bias Mitigation,LogisticRegression,,['sex'],{},0.17696,,,,0.07159,,,,0.19439,,,,1.32323,,,,,,,,,,,,,,,,,,,,0.6926286509040334,,0.69565,,0.798,,,,0.0308089004779857,,,,,,,,,,,,0.0,,,,0.0,,,,0.0,,,,0.0,,,,,,,,,,,,,,,,,,,,0.0,,0.0,,0.0,,,,0.0,,,,,,,,,,,
2023-11-28 22:53:33.965205,3,Adult Dataset,Reweighing Bias Mitigation,LogisticRegression,,['sex'],{},0.0243466666666666,,,,0.0409266666666666,,,,0.0681566666666666,,,,0.5460866666666666,,,,,,,,,,,,,,,,,,,,0.8142462388701258,,0.7269733333333334,,0.3788833333333333,,,,0.015038769145957,,,,,,,,,,,,0.0001462148222222,,,,0.0007537243555555,,,,0.0001913416222222,,,,0.0056561070888888,,,,,,,,,,,,,,,,,,,,3.192544328053768e-05,,4.006022222222355e-06,,0.0001949157555555,,,,8.369848322715786e-06,,,,,,,,,,,
2023-11-28 22:53:33.952736,3,Adult Dataset,FairMask Bias Mitigation,LogisticRegression,DecisionTreeRegressor,['sex'],{},0.0417466666666666,,,,0.07406,,,,0.0913,,,,0.5341233333333334,,,,,,,,,,,,,,,,,,,,0.816804830621226,,0.6819533333333334,,0.46299,,,,0.0201534702564062,,,,,,,,,,,,0.0002259884222222,,,,0.0005061961999999,,,,0.0002406468666666,,,,0.0044218486222222,,,,,,,,,,,,,,,,,,,,2.214251545113432e-05,,2.1758955555555656e-05,,0.0002036024666666,,,,1.028924677235013e-05,,,,,,,,,,,
2023-11-28 22:53:33.932146,3,Adult Dataset,No Bias Mitigation,LogisticRegression,,['sex'],{},0.16417,,,,0.2645133333333333,,,,0.1651533333333333,,,,0.15862,,,,,,,,,,,,,,,,,,,,0.8249923242247467,,0.74137,,0.4315466666666667,,,,0.0365059274016048,,,,,,,,,,,,0.0007391388666666,,,,0.0024711650888888,,,,0.0001616553555555,,,,0.0017265175999999,,,,,,,,,,,,,,,,,,,,3.588470101021136e-05,,0.0001306072666666,,0.0003288790222222,,,,6.380160809513093e-06,,,,,,,,,,,
2023-11-28 22:53:33.924557,1,Adult Dataset,Reweighing Bias Mitigation,LogisticRegression,,['sex'],{},0.01253,,,,0.007,,,,0.0495,,,,0.64726,,,,,,,,,,,,,,,,,,,,0.8062634326066933,,0.72637,,0.35916,,,,0.0111299448183167,,,,,,,,,,,,0.0,,,,0.0,,,,0.0,,,,0.0,,,,,,,,,,,,,,,,,,,,0.0,,0.0,,0.0,,,,0.0,,,,,,,,,,,
2023-11-28 22:53:33.644899,1,Adult Dataset,FairMask Bias Mitigation,LogisticRegression,DecisionTreeRegressor,['sex'],{},0.02387,,,,0.04599,,,,0.07001,,,,0.62365,,,,,,,,,,,,,,,,,,,,0.8105618667485416,,0.68561,,0.44526,,,,0.0157411603208092,,,,,,,,,,,,0.0,,,,0.0,,,,0.0,,,,0.0,,,,,,,,,,,,,,,,,,,,0.0,,0.0,,0.0,,,,0.0,,,,,,,,,,,
2023-11-28 22:53:33.475909,1,Adult Dataset,No Bias Mitigation,LogisticRegression,,['sex'],{},0.13554,,,,0.21737,,,,0.14918,,,,0.20204,,,,,,,,,,,,,,,,,,,,0.817009517961314,,0.74492,,0.4059,,,,0.0335426429497073,,,,,,,,,,,,0.0,,,,0.0,,,,0.0,,,,0.0,,,,,,,,,,,,,,,,,,,,0.0,,0.0,,0.0,,,,0.0,,,,,,,,,,,
2023-11-28 22:53:33.357184,1,Adult Dataset,Reweighing Bias Mitigation,LogisticRegression,,['sex'],{},0.01955,,,,0.04154,,,,0.07239,,,,0.52391,,,,,,,,,,,,,,,,,,,,0.8185446730119742,,0.72967,,0.38953,,,,0.0159464761145051,,,,,,,,,,,,0.0,,,,0.0,,,,0.0,,,,0.0,,,,,,,,,,,,,,,,,,,,0.0,,0.0,,0.0,,,,0.0,,,,,,,,,,,
2023-11-28 22:53:33.097654,1,Adult Dataset,FairMask Bias Mitigation,LogisticRegression,DecisionTreeRegressor,['sex'],{},0.04072,,,,0.07512,,,,0.09736,,,,0.51429,,,,,,,,,,,,,,,,,,,,0.8219220141234265,,0.68488,,0.4802,,,,0.0214472048535974,,,,,,,,,,,,0.0,,,,0.0,,,,0.0,,,,0.0,,,,,,,,,,,,,,,,,,,,0.0,,0.0,,0.0,,,,0.0,,,,,,,,,,,
2023-11-28 22:53:32.918652,1,Adult Dataset,No Bias Mitigation,LogisticRegression,,['sex'],{},0.20071,,,,0.33325,,,,0.18029,,,,0.10262,,,,,,,,,,,,,,,,,,,,0.8314399754375192,,0.75325,,0.44444,,,,0.0397151257502675,,,,,,,,,,,,0.0,,,,0.0,,,,0.0,,,,0.0,,,,,,,,,,,,,,,,,,,,0.0,,0.0,,0.0,,,,0.0,,,,,,,,,,,
2023-11-28 22:53:32.798428,1,Adult Dataset,Reweighing Bias Mitigation,LogisticRegression,,['sex'],{},0.04096,,,,0.07424,,,,0.08258,,,,0.46709,,,,,,,,,,,,,,,,,,,,0.8179306109917102,,0.72488,,0.38796,,,,0.0180398865050491,,,,,,,,,,,,0.0,,,,0.0,,,,0.0,,,,0.0,,,,,,,,,,,,,,,,,,,,0.0,,0.0,,0.0,,,,0.0,,,,,,,,,,,
2023-11-28 22:53:32.534393,1,Adult Dataset,FairMask Bias Mitigation,LogisticRegression,DecisionTreeRegressor,['sex'],{},0.06065,,,,0.10107,,,,0.10653,,,,0.46443,,,,,,,,,,,,,,,,,,,,0.8179306109917102,,0.67537,,0.46351,,,,0.023272045594812,,,,,,,,,,,,0.0,,,,0.0,,,,0.0,,,,0.0,,,,,,,,,,,,,,,,,,,,0.0,,0.0,,0.0,,,,0.0,,,,,,,,,,,
2023-11-28 22:53:32.374047,1,Adult Dataset,No Bias Mitigation,LogisticRegression,,['sex'],{},0.15626,,,,0.24292,,,,0.16599,,,,0.1712,,,,,,,,,,,,,,,,,,,,0.8265274792754068,,0.72594,,0.4443,,,,0.0362600135048395,,,,,,,,,,,,0.0,,,,0.0,,,,0.0,,,,0.0,,,,,,,,,,,,,,,,,,,,0.0,,0.0,,0.0,,,,0.0,,,,,,,,,,,
2023-11-28 22:48:30.004978,3,Compas Dataset,Reweighing Bias Mitigation,LogisticRegression,,['sex'],{},0.0663133333333333,,,,0.0993266666666666,,,,0.0409633333333333,,,,0.9351066666666666,,,,,,,,,,,,,,,,,,,,0.6782568382012054,,0.6789933333333332,,0.77815,,,,0.0068025763387695,,,,,,,,,,,,0.0007475596222222,,,,0.0012366749555555,,,,0.0009568236222222,,,,0.0023349572222222,,,,,,,,,,,,,,,,,,,,0.0001809721730566,,0.0001471522888888,,0.0006182425999999,,,,2.9883568951849336e-05,,,,,,,,,,,
2023-11-28 22:48:29.995545,3,Compas Dataset,FairMask Bias Mitigation,LogisticRegression,DecisionTreeRegressor,['sex'],{},0.0198533333333333,,,,0.0209466666666666,,,,0.0317733333333333,,,,1.0519466666666666,,,,,,,,,,,,,,,,,,,,0.6861381548446918,,0.68999,,0.7713466666666666,,,,0.0050339064906895,,,,,,,,,,,,1.3120088888888896e-05,,,,0.0002114794888888,,,,0.0009204646888888,,,,0.0023567797555555,,,,,,,,,,,,,,,,,,,,0.0001061760730285,,0.0001103812666666,,0.0005803596222222,,,,2.37910510744112e-05,,,,,,,,,,,
2023-11-28 22:48:29.986119,3,Compas Dataset,No Bias Mitigation,LogisticRegression,,['sex'],{},0.1592733333333333,,,,0.0984466666666666,,,,0.1780933333333333,,,,1.2953633333333334,,,,,,,,,,,,,,,,,,,,0.6861381548446918,,0.6811566666666667,,0.7985366666666667,,,,0.0286462615168262,,,,,,,,,,,,0.0001839760222222,,,,0.0005369905555555,,,,3.023082222222222e-05,,,,0.0001257768222222,,,,,,,,,,,,,,,,,,,,8.941142991874072e-05,,9.329908888888936e-05,,0.0004201613555555,,,,1.830312781580965e-06,,,,,,,,,,,
2023-11-28 22:48:29.268892,3,Adult Dataset,Reweighing Bias Mitigation,LogisticRegression,,['sex'],{},0.0335633333333333,,,,0.0619933333333333,,,,0.0831466666666666,,,,0.4597266666666666,,,,,,,,,,,,,,,,,,,,0.815986081260874,,0.7527566666666666,,0.38236,,,,0.0185783455562846,,,,,,,,,,,,4.897975555555556e-05,,,,0.0003055323555555,,,,3.055748888888891e-05,,,,0.0009839194888888,,,,,,,,,,,,,,,,,,,,2.5159092768980605e-05,,0.0005659552888888,,8.556406666666677e-05,,,,1.4620227969487447e-06,,,,,,,,,,,
2023-11-28 22:48:29.252939,3,Adult Dataset,FairMask Bias Mitigation,LogisticRegression,DecisionTreeRegressor,['sex'],{},0.04538,,,,0.07579,,,,0.10417,,,,0.4791166666666666,,,,,,,,,,,,,,,,,,,,0.8163954559410501,,0.6942266666666667,,0.4621666666666666,,,,0.0232703173473903,,,,,,,,,,,,4.452586666666664e-05,,,,0.0002748970666666,,,,2.543940000000003e-05,,,,0.0005940352888888,,,,,,,,,,,,,,,,,,,,2.042474225624969e-05,,0.0003233437555555,,2.080962222222209e-05,,,,8.55381211418881e-07,,,,,,,,,,,
2023-11-28 22:48:29.236362,3,Adult Dataset,No Bias Mitigation,LogisticRegression,,['sex'],{},0.1703233333333333,,,,0.2728766666666667,,,,0.1729266666666666,,,,0.14395,,,,,,,,,,,,,,,,,,,,0.8234571691740866,,0.7472966666666667,,0.4336299999999999,,,,0.038637610616869,,,,,,,,,,,,3.069555555555532e-07,,,,3.0925355555555755e-05,,,,1.1247288888888916e-05,,,,0.0002089261999999,,,,,,,,,,,,,,,,,,,,1.5145731950019102e-05,,0.0003250020222222,,3.605419999999988e-05,,,,1.171321289995168e-07,,,,,,,,,,,
