time,reps,data,bias mitigation,ML method,bias mit ML method,sensitive attrs,other,accuracy,precision,recall,race|[AOD] Average Odds Difference,race|[EOD] Equal Opportunity Difference,race|[SPD] Statistical Parity Difference,race|[DI] Disparate Impact,[SF] Statistical Parity Subgroup Fairness,[DF] Differential Fairness,VAR|accuracy,VAR|precision,VAR|recall,VAR|race|[AOD] Average Odds Difference,VAR|race|[EOD] Equal Opportunity Difference,VAR|race|[SPD] Statistical Parity Difference,VAR|race|[DI] Disparate Impact,VAR|[SF] Statistical Parity Subgroup Fairness,VAR|[DF] Differential Fairness
2023-12-05 10:32:38.656349,7,Compas Dataset,No Bias Mitigation,RandomForestClassifier,,['race'],{},0.6288495926882575,0.6641772212075986,0.6646433189259874,0.09809746335708158,0.0953049925142967,0.11636158363455922,0.8154056294184399,0.025838920703330232,0.2048470022448324,7.04272919336392e-05,8.066018053378777e-05,0.00032918343970551905,0.0007055194115505307,0.0006183344130761863,0.000398180698752954,0.0010579046802694433,2.0601190126674964e-05,0.0015372271060671583
2023-12-05 10:32:38.531852,7,Compas Dataset,Reweighing Bias Mitigation,RandomForestClassifier,,['race'],{},0.6286509040333798,0.6636343839423955,0.6652908765792479,0.0724190015166135,0.0695317280255644,0.0914843810103856,0.8514813016518457,0.0203419600318012,0.1617189013533335,0.0001746470512973,0.0001755574390399,0.0003352249717404,0.0007034802441721,0.0009831101834545,0.0005445459058249,0.0013918963784105,2.8550283415611844e-05,0.0018638450654207
2023-12-05 10:32:38.400706,7,Compas Dataset,FairBalance Bias Mitigation,RandomForestClassifier,,['race'],{},0.6207033578382674,0.6603735891886545,0.6464047169078626,0.078188707729132,0.0644307531805203,0.0943708798035786,0.8438227978901666,0.0209620676000151,0.1707469602043491,0.0002596019460513,0.000191667299818,0.0003754943946073,0.0007092798483886,0.00074790142951,0.0004939193959507,0.0013247365806053,2.553745101216572e-05,0.001872358312621
2023-12-05 10:32:38.259560,7,Compas Dataset,FairMask Bias Mitigation,RandomForestClassifier,DecisionTreeRegressor,['race'],{},0.6308364792370355,0.6670423295321838,0.663355257374497,0.1083388202018996,0.1096016959520005,0.1275393062794034,0.7996121491468831,0.0283790404747304,0.2245547064299288,0.0002292834706,0.0001247936513882,0.0006107492294127,0.0011004682133803,0.0011836452468599,0.0005873336898975,0.0011593674569342,3.3808962347704095e-05,0.0018728727991436
2023-12-05 10:32:38.124352,7,Compas Dataset,No Bias Mitigation,RandomForestClassifier,,['race'],{},0.6288495926882575,0.6641772212075986,0.6646433189259874,0.0980974633570815,0.0953049925142967,0.1163615836345592,0.8154056294184399,0.0258389207033302,0.2048470022448324,7.04272919336392e-05,8.066018053378777e-05,0.0003291834397055,0.0007055194115505,0.0006183344130761,0.0003981806987529,0.0010579046802694,2.0601190126674964e-05,0.0015372271060671
2023-12-05 10:32:37.999605,7,Compas Dataset,FYP VAE,RandomForestClassifier,,['race'],{'my model config': <src.ml_models.FYP_VAE.configs.VAEMaskConfig object at 0x0000023195A00AC0>},0.628253526723624,0.6550904127657348,0.6934015543522835,0.0536826940654626,0.0369247184914588,0.0684980370107855,0.8928921345258523,0.0151174708675178,0.1155846740711059,0.000167856976066,0.0002287014568688,0.0004577698818892,0.0012685665037933,0.0005257766190225,0.0015438887953808,0.0036374221016472,7.233370439045849e-05,0.0046058559238374
2023-12-05 10:32:37.875447,7,Compas Dataset,No Bias Mitigation,MLPClassifier,,['race'],{},0.6856745479833102,0.6951518782444701,0.7685428553574513,0.1425584133261249,0.1175931619432456,0.1645425386061542,0.7719929691032216,0.0364849296451487,0.2594948577540119,0.0002586544936935,0.0002964202931817,0.0005822985710262,0.0005197655583685,0.0005706553917839,0.0005224952524149,0.0008519379357342,2.22417659440517e-05,0.0014304105206594
2023-12-05 10:32:37.754853,7,Compas Dataset,FairMask Bias Mitigation,MLPClassifier,DecisionTreeRegressor,['race'],{},0.6818994635406319,0.6906548781460354,0.7693152131498245,0.1607953903474434,0.1234527882596777,0.179780755964939,0.7557573059755474,0.0399029824576432,0.2807447085240932,0.0002678921541825,0.0002563768055395,0.0007732014541597,0.0006518463084894,0.0010607422390728,0.0005072545528073,0.0008217054194928,2.386010778781411e-05,0.0014100769925727
2023-12-05 10:32:37.632536,7,Compas Dataset,No Bias Mitigation,MLPClassifier,,['race'],{},0.6856745479833102,0.6951518782444701,0.7685428553574513,0.1425584133261249,0.1175931619432456,0.1645425386061542,0.7719929691032216,0.0364849296451487,0.2594948577540119,0.0002586544936935,0.0002964202931817,0.0005822985710262,0.0005197655583685,0.0005706553917839,0.0005224952524149,0.0008519379357342,2.22417659440517e-05,0.0014304105206594
2023-12-05 10:32:37.514494,7,Compas Dataset,FYP VAE,MLPClassifier,,['race'],{'my model config': <src.ml_models.FYP_VAE.configs.VAEMaskConfig object at 0x0000023195A00AC0>},0.6815020862308762,0.675869539126385,0.8144942100494594,0.0740309168182427,0.0541315395248984,0.0960879594514713,0.8688920056165977,0.0213185465496568,0.1416445565127018,0.0001459076631091,8.204181731639773e-05,0.0004922868471367,0.0015087701367094,0.0014687032911864,0.0009569227387718,0.0016515338134248,4.707972382727875e-05,0.0022305446841719
2023-12-05 10:32:37.398499,7,Compas Dataset,No Bias Mitigation,LogisticRegression,,['race'],{},0.6842837273991654,0.6891746965182521,0.7810235196885964,0.1449475015429567,0.1086570166797901,0.1649285422483631,0.776509804191108,0.0365291440885151,0.2540032468602919,0.0003222127560327,0.0002664661581795,0.000567972748164,0.0015636461640569,0.002328162090659,0.0007955771827777,0.0012580811826334,3.28314115989574e-05,0.0021284874064248
2023-12-05 10:32:37.252263,7,Compas Dataset,Reweighing Bias Mitigation,LogisticRegression,,['race'],{},0.685873236638188,0.6917093025755436,0.7785254465245092,0.0309674301522973,0.0333299127276877,0.0289682559856985,0.9659376849321176,0.0063602476782581,0.0465141414234471,0.0002837619811765,0.0002107772132225,0.0006155657060666,0.0001911784793354,0.0005525348271257,0.0002154865291752,0.0014118997822679,9.758282225032238e-06,0.0005796056902877
2023-12-05 10:32:37.129424,7,Compas Dataset,FairBalance Bias Mitigation,LogisticRegression,,['race'],{},0.6713689648321081,0.7072485105079274,0.6907399344699109,0.0359206719240381,0.049754949908147,0.0198484032102066,1.0082626598339022,0.0044861079600644,0.0371363286934263,0.000471278593668,0.000309654778542,0.001118893157564,0.0004962893549907,0.001581960278759,0.0003236423361116,0.0026198958420741,1.6932216406092837e-05,0.0011809280979441
2023-12-05 10:32:37.012817,7,Compas Dataset,FairMask Bias Mitigation,LogisticRegression,DecisionTreeRegressor,['race'],{},0.685873236638188,0.6886755773405583,0.7878559546119097,0.1629369600473231,0.127585034752634,0.1829902827989881,0.7578375667314518,0.0405159051788101,0.2782644327903744,0.000321344258038,0.0002548549170867,0.0005226227293237,0.0013423201142268,0.0022134527354088,0.0007151344250464,0.0011256700611828,2.6971402335178302e-05,0.0019546718541985
2023-12-05 10:32:36.888559,7,Compas Dataset,No Bias Mitigation,LogisticRegression,,['race'],{},0.6842837273991654,0.6891746965182521,0.7810235196885964,0.1449475015429567,0.1086570166797901,0.1649285422483631,0.776509804191108,0.0365291440885151,0.2540032468602919,0.0003222127560327,0.0002664661581795,0.000567972748164,0.0015636461640569,0.002328162090659,0.0007955771827777,0.0012580811826334,3.28314115989574e-05,0.0021284874064248
2023-12-05 10:32:36.769399,7,Compas Dataset,FYP VAE,LogisticRegression,,['race'],{'my model config': <src.ml_models.FYP_VAE.configs.VAEMaskConfig object at 0x0000023195A00AC0>},0.680707331611365,0.6727949986314806,0.8224808958885668,0.0610935599510589,0.0444388525153258,0.0823090356337461,0.8873885530111253,0.0182260225764474,0.1198811383758471,0.0003088694686596,0.0001953004282496,0.0005378102984961,0.0008340151057215,0.0007772623527352,0.0003449628555532,0.0006473329101668,1.5813913924105813e-05,0.0008155187991114
2023-12-05 10:32:36.645374,1,Compas Dataset,No Bias Mitigation,RandomForestClassifier,,['race'],{},0.6230876216968011,0.674074074074074,0.662621359223301,0.1045585979824107,0.077511961722488,0.1213614235353366,0.8106469355683603,0.027969227852778,0.2099226642086356,0.0,0.0,0.0,0.0,0.0,0.0,0.0,0.0,0.0
2023-12-05 10:32:36.230868,1,Compas Dataset,Reweighing Bias Mitigation,RandomForestClassifier,,['race'],{},0.6244784422809457,0.6731707317073171,0.6699029126213593,0.0835123487829195,0.0754754017911912,0.104456941413463,0.8360342555994731,0.0240733827116552,0.1790856911394564,0.0,0.0,0.0,0.0,0.0,0.0,0.0,0.0,0.0
2023-12-05 10:32:29.795322,1,Compas Dataset,FairBalance Bias Mitigation,RandomForestClassifier,,['race'],{},0.6063977746870653,0.6632911392405063,0.6359223300970874,0.0610419300639006,0.0411728622254938,0.0767164680208158,0.8718092566619915,0.0176802505411433,0.1371846213608583,0.0,0.0,0.0,0.0,0.0,0.0,0.0,0.0,0.0
2023-12-05 10:32:23.451689,1,Compas Dataset,FairMask Bias Mitigation,RandomForestClassifier,DecisionTreeRegressor,['race'],{},0.6203059805285118,0.6724565756823822,0.6577669902912622,0.103383236481828,0.1058275058275057,0.1257092496222931,0.8038632792037715,0.0289712376755693,0.218326075005015,0.0,0.0,0.0,0.0,0.0,0.0,0.0,0.0,0.0
2023-12-05 10:32:16.300091,1,Compas Dataset,No Bias Mitigation,RandomForestClassifier,,['race'],{},0.6230876216968011,0.674074074074074,0.662621359223301,0.1045585979824107,0.077511961722488,0.1213614235353366,0.8106469355683603,0.027969227852778,0.2099226642086356,0.0,0.0,0.0,0.0,0.0,0.0,0.0,0.0,0.0
2023-12-05 10:32:15.941059,1,Compas Dataset,FYP VAE,RandomForestClassifier,,['race'],{'my model config': <src.ml_models.FYP_VAE.configs.VAEMaskConfig object at 0x0000023195A00AC0>},0.6161335187760779,0.6619047619047619,0.6747572815533981,0.0027520334919038,0.0134952766531714,0.0163337250293772,0.9725296442687746,0.0037643071721077,0.027854721415533,0.0,0.0,0.0,0.0,0.0,0.0,0.0,0.0,0.0
2023-12-05 10:23:55.250771,1,Compas Dataset,No Bias Mitigation,MLPClassifier,,['race'],{},0.6828929068150209,0.7169811320754716,0.7378640776699029,0.1431815213055848,0.1137529137529137,0.1705808292764815,0.7559092000960844,0.0393124432984306,0.2798340157088804,0.0,0.0,0.0,0.0,0.0,0.0,0.0,0.0,0.0
2023-12-05 10:23:55.075568,1,Compas Dataset,FairMask Bias Mitigation,MLPClassifier,DecisionTreeRegressor,['race'],{},0.6689847009735744,0.7051886792452831,0.7257281553398058,0.1673469121397453,0.093559072506441,0.1826506630854457,0.7414944167260631,0.0420940844667199,0.299087647134369,0.0,0.0,0.0,0.0,0.0,0.0,0.0,0.0,0.0
2023-12-05 10:23:32.956969,1,Compas Dataset,No Bias Mitigation,MLPClassifier,,['race'],{},0.6828929068150209,0.7169811320754716,0.7378640776699029,0.1431815213055848,0.1137529137529137,0.1705808292764815,0.7559092000960844,0.0393124432984306,0.2798340157088804,0.0,0.0,0.0,0.0,0.0,0.0,0.0,0.0,0.0
2023-12-05 10:23:32.742828,1,Compas Dataset,FYP VAE,MLPClassifier,,['race'],{'my model config': <src.ml_models.FYP_VAE.configs.VAEMaskConfig object at 0x0000023195A00AC0>},0.6648122392211405,0.6762886597938145,0.7961165048543689,0.0305744156216531,0.0469144890197521,0.062111801242236,0.9130434782608696,0.0143144260398753,0.0909717782057267,0.0,0.0,0.0,0.0,0.0,0.0,0.0,0.0,0.0
2023-12-05 10:14:36.654659,1,Compas Dataset,No Bias Mitigation,LogisticRegression,,['race'],{},0.674547983310153,0.6885593220338984,0.7888349514563107,0.1238966250117141,0.0792786161207212,0.1446869229477925,0.8068354997758852,0.0333448751453204,0.214635473156294,0.0,0.0,0.0,0.0,0.0,0.0,0.0,0.0,0.0
2023-12-05 10:14:36.476008,1,Compas Dataset,Reweighing Bias Mitigation,LogisticRegression,,['race'],{},0.6773296244784422,0.6965065502183406,0.7742718446601942,0.041219647346329,0.0278493436388173,0.0059258015779755,1.0093584305408272,0.00136567361948,0.0093149117308803,0.0,0.0,0.0,0.0,0.0,0.0,0.0,0.0,0.0
2023-12-05 10:14:35.879276,1,Compas Dataset,FairBalance Bias Mitigation,LogisticRegression,,['race'],{},0.6592489568845619,0.7103274559193955,0.6844660194174758,0.0622980694735974,0.0600171758066495,0.0302249454423366,1.0567265280403275,0.0069657092121068,0.05517594875873,0.0,0.0,0.0,0.0,0.0,0.0,0.0,0.0,0.0
2023-12-05 10:14:35.227619,1,Compas Dataset,FairMask Bias Mitigation,LogisticRegression,DecisionTreeRegressor,['race'],{},0.6717663421418637,0.6841004184100419,0.7936893203883495,0.1512338268170011,0.0913998282419334,0.1678529461138157,0.7826304347826086,0.0386837691818145,0.2450946806410026,0.0,0.0,0.0,0.0,0.0,0.0,0.0,0.0,0.0
2023-12-05 10:14:34.742284,1,Compas Dataset,No Bias Mitigation,LogisticRegression,,['race'],{},0.674547983310153,0.6885593220338984,0.7888349514563107,0.1238966250117141,0.0792786161207212,0.1446869229477925,0.8068354997758852,0.0333448751453204,0.214635473156294,0.0,0.0,0.0,0.0,0.0,0.0,0.0,0.0,0.0
2023-12-05 10:14:34.460695,1,Compas Dataset,FYP VAE,LogisticRegression,,['race'],{'my model config': <src.ml_models.FYP_VAE.configs.VAEMaskConfig object at 0x0000023195A00AC0>},0.6592489568845619,0.6660039761431411,0.8131067961165048,0.0212490459978748,0.0185744080480921,0.0471210340775558,0.935426731078905,0.0108596199713325,0.0667524569349921,0.0,0.0,0.0,0.0,0.0,0.0,0.0,0.0,0.0
2023-12-05 10:06:14.678002,1,Compas Dataset,No Bias Mitigation,RandomForestClassifier,,['race'],{},0.627260083449235,0.6701846965699209,0.6397984886649875,0.0987075144569036,0.0931478675037886,0.1346820082930944,0.7825847580411475,0.0290273347505905,0.2451530454481979,0.0,0.0,0.0,0.0,0.0,0.0,0.0,0.0,0.0
2023-12-05 10:06:14.260150,1,Compas Dataset,Reweighing Bias Mitigation,RandomForestClassifier,,['race'],{},0.6383866481223922,0.6760925449871465,0.6624685138539043,0.0668247249302208,0.0676012123836328,0.1079448563068803,0.8244925357888132,0.023264811078592,0.1929871900388495,0.0,0.0,0.0,0.0,0.0,0.0,0.0,0.0,0.0
2023-12-05 10:06:06.908159,1,Compas Dataset,FairBalance Bias Mitigation,RandomForestClassifier,,['race'],{},0.6300417246175244,0.6737400530503979,0.6397984886649875,0.0727674893689492,0.0501731976618315,0.106472921790016,0.8217564420404176,0.022947572447438,0.1963112270521473,0.0,0.0,0.0,0.0,0.0,0.0,0.0,0.0,0.0
2023-12-05 10:05:59.729370,1,Compas Dataset,FairMask Bias Mitigation,RandomForestClassifier,DecisionTreeRegressor,['race'],{},0.6175243393602226,0.6639784946236559,0.6221662468513854,0.063520769661168,0.0569116691924659,0.097255380638676,0.8334869998156001,0.0209609622389309,0.1821371740147838,0.0,0.0,0.0,0.0,0.0,0.0,0.0,0.0,0.0
2023-12-05 10:05:51.813835,1,Compas Dataset,No Bias Mitigation,RandomForestClassifier,,['race'],{},0.627260083449235,0.6701846965699209,0.6397984886649875,0.0987075144569036,0.0931478675037886,0.1346820082930944,0.7825847580411475,0.0290273347505905,0.2451530454481979,0.0,0.0,0.0,0.0,0.0,0.0,0.0,0.0,0.0
2023-12-05 10:05:51.389879,1,Compas Dataset,FYP VAE,RandomForestClassifier,,['race'],{'my model config': <src.ml_models.FYP_VAE.configs.VAEMaskConfig object at 0x0000023195A00AC0>},0.6536856745479833,0.6840796019900498,0.6926952141057935,0.0993774755075129,0.0514451179909071,0.1332010985657613,0.7952146375791697,0.0287081617375392,0.2291432163907143,0.0,0.0,0.0,0.0,0.0,0.0,0.0,0.0,0.0
2023-12-05 09:57:09.307916,1,Compas Dataset,No Bias Mitigation,MLPClassifier,,['race'],{},0.6954102920723226,0.7022727272727273,0.7783375314861462,0.1620304443492053,0.1077343580861658,0.2045450465813423,0.7280754086624508,0.0440845634390215,0.3173506528222912,0.0,0.0,0.0,0.0,0.0,0.0,0.0,0.0,0.0
2023-12-05 09:57:09.114974,1,Compas Dataset,FairMask Bias Mitigation,MLPClassifier,DecisionTreeRegressor,['race'],{},0.6954102920723226,0.7031963470319634,0.7758186397984886,0.1468093994274676,0.0902792812297034,0.1892423127322335,0.7438996246857198,0.0407864423041583,0.2958491663074585,0.0,0.0,0.0,0.0,0.0,0.0,0.0,0.0,0.0
2023-12-05 09:56:54.050331,1,Compas Dataset,No Bias Mitigation,MLPClassifier,,['race'],{},0.6954102920723226,0.7022727272727273,0.7783375314861462,0.1620304443492053,0.1077343580861658,0.2045450465813423,0.7280754086624508,0.0440845634390215,0.3173506528222912,0.0,0.0,0.0,0.0,0.0,0.0,0.0,0.0,0.0
2023-12-05 09:56:53.820169,1,Compas Dataset,FYP VAE,MLPClassifier,,['race'],{'my model config': <src.ml_models.FYP_VAE.configs.VAEMaskConfig object at 0x0000023195A00AC0>},0.6884561891515995,0.6733466933867736,0.8463476070528967,0.042288838029258,0.0011366096557696,0.08486959019189,0.8871733683331344,0.0182915152206839,0.1197148610552941,0.0,0.0,0.0,0.0,0.0,0.0,0.0,0.0,0.0
2023-12-05 09:47:57.630781,1,Compas Dataset,No Bias Mitigation,LogisticRegression,,['race'],{},0.6912378303198887,0.6957494407158836,0.783375314861461,0.1007038012709463,0.0566951721151764,0.1451740293309877,0.798715763013477,0.0312886271885113,0.2247501374159605,0.0,0.0,0.0,0.0,0.0,0.0,0.0,0.0,0.0
2023-12-05 09:47:57.402802,1,Compas Dataset,Reweighing Bias Mitigation,LogisticRegression,,['race'],{},0.6801112656467315,0.6827133479212254,0.7858942065491183,0.0160696261027191,0.0547737605542324,0.0280924087669856,0.957102132558522,0.0060546153384878,0.0438451716367739,0.0,0.0,0.0,0.0,0.0,0.0,0.0,0.0,0.0
2023-12-05 09:47:56.799535,1,Compas Dataset,FairBalance Bias Mitigation,LogisticRegression,,['race'],{},0.6717663421418637,0.7048346055979644,0.6977329974811083,0.0351735250182657,0.0747997402035073,0.0094867974654004,0.982847870182556,0.0020446416654254,0.0173009315618485,0.0,0.0,0.0,0.0,0.0,0.0,0.0,0.0,0.0
2023-12-05 09:47:56.184801,1,Compas Dataset,FairMask Bias Mitigation,LogisticRegression,DecisionTreeRegressor,['race'],{},0.6981919332406119,0.6973684210526315,0.801007556675063,0.1371807471438653,0.1036750378869885,0.1849970381805452,0.7569224963441673,0.0398714796667446,0.2784944134226511,0.0,0.0,0.0,0.0,0.0,0.0,0.0,0.0,0.0
2023-12-05 09:47:55.781100,1,Compas Dataset,No Bias Mitigation,LogisticRegression,,['race'],{},0.6912378303198887,0.6957494407158836,0.783375314861461,0.1007038012709463,0.0566951721151764,0.1451740293309877,0.798715763013477,0.0312886271885113,0.2247501374159605,0.0,0.0,0.0,0.0,0.0,0.0,0.0,0.0,0.0
2023-12-05 09:47:55.578832,1,Compas Dataset,FYP VAE,LogisticRegression,,['race'],{'my model config': <src.ml_models.FYP_VAE.configs.VAEMaskConfig object at 0x0000023195A00AC0>},0.694019471488178,0.6817248459958932,0.836272040302267,0.0249614151196899,0.0172385797791729,0.0704913030210558,0.9028595458368376,0.0151926354212406,0.1021882793719462,0.0,0.0,0.0,0.0,0.0,0.0,0.0,0.0,0.0
2023-12-05 09:39:40.735114,1,Compas Dataset,No Bias Mitigation,RandomForestClassifier,,['race'],{},0.6175243393602226,0.6512820512820513,0.6463104325699746,0.1170510229317505,0.1212747631352283,0.1260834473804259,0.7989480163393208,0.0278009366277146,0.2244593962343912,0.0,0.0,0.0,0.0,0.0,0.0,0.0,0.0,0.0
2023-12-05 09:39:40.365110,1,Compas Dataset,Reweighing Bias Mitigation,RandomForestClassifier,,['race'],{},0.6063977746870653,0.6410256410256411,0.6361323155216285,0.0877056310282191,0.0803617571059431,0.0945450398287539,0.8439676265763222,0.0208468337069914,0.1696411422588928,0.0,0.0,0.0,0.0,0.0,0.0,0.0,0.0,0.0
2023-12-05 09:39:33.965246,1,Compas Dataset,FairBalance Bias Mitigation,RandomForestClassifier,,['race'],{},0.5994436717663422,0.6385224274406333,0.6157760814249363,0.1129382318076768,0.0888027562446166,0.1173193669509071,0.806382023773328,0.0258684891123315,0.2151976738612599,0.0,0.0,0.0,0.0,0.0,0.0,0.0,0.0,0.0
2023-12-05 09:39:27.533128,1,Compas Dataset,FairMask Bias Mitigation,RandomForestClassifier,DecisionTreeRegressor,['race'],{},0.6425591098748261,0.673469387755102,0.6717557251908397,0.1221392449322451,0.1389319552110249,0.1345580236516124,0.7882953761214632,0.0296695495404875,0.2378824165665319,0.0,0.0,0.0,0.0,0.0,0.0,0.0,0.0,0.0
2023-12-05 09:39:20.052829,1,Compas Dataset,No Bias Mitigation,RandomForestClassifier,,['race'],{},0.6175243393602226,0.6512820512820513,0.6463104325699746,0.1170510229317505,0.1212747631352283,0.1260834473804259,0.7989480163393208,0.0278009366277146,0.2244593962343912,0.0,0.0,0.0,0.0,0.0,0.0,0.0,0.0,0.0
2023-12-05 09:39:19.693178,1,Compas Dataset,FYP VAE,RandomForestClassifier,,['race'],{'my model config': <src.ml_models.FYP_VAE.configs.VAEMaskConfig object at 0x0000023195A00AC0>},0.6300417246175244,0.6439909297052154,0.72264631043257,0.0491570087241282,0.0501291989664082,0.0583394743306313,0.9105966497270844,0.012863639616915,0.0936552352809708,0.0,0.0,0.0,0.0,0.0,0.0,0.0,0.0,0.0
2023-12-05 09:30:53.970002,1,Compas Dataset,No Bias Mitigation,MLPClassifier,,['race'],{},0.6592489568845619,0.6681818181818182,0.7480916030534351,0.1521437647640732,0.1354866494401377,0.1613327718707232,0.7760321519912312,0.0355732830909875,0.2535613266788497,0.0,0.0,0.0,0.0,0.0,0.0,0.0,0.0,0.0
2023-12-05 09:30:53.775019,1,Compas Dataset,FairMask Bias Mitigation,MLPClassifier,DecisionTreeRegressor,['race'],{},0.6564673157162726,0.6622222222222223,0.7582697201017812,0.1966615498759178,0.1651162790697674,0.2037056532266554,0.732919254658385,0.0449163476548521,0.3107197405187983,0.0,0.0,0.0,0.0,0.0,0.0,0.0,0.0,0.0
2023-12-05 09:30:24.292099,1,Compas Dataset,No Bias Mitigation,MLPClassifier,,['race'],{},0.6592489568845619,0.6681818181818182,0.7480916030534351,0.1521437647640732,0.1354866494401377,0.1613327718707232,0.7760321519912312,0.0355732830909875,0.2535613266788497,0.0,0.0,0.0,0.0,0.0,0.0,0.0,0.0,0.0
2023-12-05 09:30:24.084832,1,Compas Dataset,FYP VAE,MLPClassifier,,['race'],{'my model config': <src.ml_models.FYP_VAE.configs.VAEMaskConfig object at 0x0000023195A00AC0>},0.6648122392211405,0.6617021276595745,0.7913486005089059,0.1031235449126307,0.0808785529715762,0.111836333649156,0.8465501468534836,0.0246595004265312,0.1665858389350112,0.0,0.0,0.0,0.0,0.0,0.0,0.0,0.0,0.0
2023-12-05 09:21:26.356012,1,Compas Dataset,No Bias Mitigation,LogisticRegression,,['race'],{},0.6578581363004172,0.6674259681093394,0.7455470737913485,0.1868832774750343,0.1619293712316968,0.1949415727971365,0.7371073646850045,0.0429839001394689,0.3050217194041604,0.0,0.0,0.0,0.0,0.0,0.0,0.0,0.0,0.0
2023-12-05 09:21:26.161362,1,Compas Dataset,Reweighing Bias Mitigation,LogisticRegression,,['race'],{},0.6564673157162726,0.6697674418604651,0.732824427480916,0.0204187240429469,0.012058570198105,0.0306523493701091,0.9504523667716044,0.0067587303490979,0.0508172321740931,0.0,0.0,0.0,0.0,0.0,0.0,0.0,0.0,0.0
2023-12-05 09:21:25.514856,1,Compas Dataset,FairBalance Bias Mitigation,LogisticRegression,,['race'],{},0.6495132127955494,0.6890080428954424,0.6539440203562341,0.0260064301003743,0.0080964685615847,0.0351265045443379,0.9352355072463768,0.0077452651167109,0.0669569020018527,0.0,0.0,0.0,0.0,0.0,0.0,0.0,0.0,0.0
2023-12-05 09:21:24.912687,1,Compas Dataset,FairMask Bias Mitigation,LogisticRegression,DecisionTreeRegressor,['race'],{},0.6606397774687065,0.6689342403628118,0.7506361323155216,0.1942906848824417,0.1767441860465116,0.2034161490683229,0.7287784679089028,0.0448525130522418,0.3163854780544755,0.0,0.0,0.0,0.0,0.0,0.0,0.0,0.0,0.0
2023-12-05 09:21:24.482502,1,Compas Dataset,No Bias Mitigation,LogisticRegression,,['race'],{},0.6578581363004172,0.6674259681093394,0.7455470737913485,0.1868832774750343,0.1619293712316968,0.1949415727971365,0.7371073646850045,0.0429839001394689,0.3050217194041604,0.0,0.0,0.0,0.0,0.0,0.0,0.0,0.0,0.0
2023-12-05 09:21:24.276323,1,Compas Dataset,FYP VAE,LogisticRegression,,['race'],{'my model config': <src.ml_models.FYP_VAE.configs.VAEMaskConfig object at 0x0000023195A00AC0>},0.6522948539638387,0.6531049250535332,0.7760814249363868,0.1024430970228805,0.0928509905254091,0.1117398322630451,0.8457859624907681,0.0246382222256611,0.1674889508055619,0.0,0.0,0.0,0.0,0.0,0.0,0.0,0.0,0.0
2023-12-05 09:12:58.375434,1,Compas Dataset,No Bias Mitigation,RandomForestClassifier,,['race'],{},0.6300417246175244,0.6591478696741855,0.6692111959287532,0.1006411202488227,0.1412213740458016,0.1148204259869887,0.8186629134412385,0.0249225763645613,0.2000828629524705,0.0,0.0,0.0,0.0,0.0,0.0,0.0,0.0,0.0
2023-12-05 09:12:58.001836,1,Compas Dataset,Reweighing Bias Mitigation,RandomForestClassifier,,['race'],{},0.6244784422809457,0.6556962025316456,0.6590330788804071,0.0895293030832261,0.133587786259542,0.1037608056322966,0.8326674331704512,0.0225220084300363,0.1831209564241732,0.0,0.0,0.0,0.0,0.0,0.0,0.0,0.0,0.0
2023-12-05 09:12:51.428538,1,Compas Dataset,FairBalance Bias Mitigation,RandomForestClassifier,,['race'],{},0.6133518776077886,0.648578811369509,0.638676844783715,0.0818957152969664,0.1183206106870228,0.094456822030122,0.8432564330079858,0.0205025137292755,0.1704841762429297,0.0,0.0,0.0,0.0,0.0,0.0,0.0,0.0,0.0
2023-12-05 09:12:44.799362,1,Compas Dataset,FairMask Bias Mitigation,RandomForestClassifier,DecisionTreeRegressor,['race'],{},0.6300417246175244,0.6552567237163814,0.6819338422391857,0.110330009866542,0.1679389312977098,0.1264504054897067,0.806952380952381,0.0274469447405123,0.2144906199471506,0.0,0.0,0.0,0.0,0.0,0.0,0.0,0.0,0.0
2023-12-05 09:12:37.647553,1,Compas Dataset,No Bias Mitigation,RandomForestClassifier,,['race'],{},0.6300417246175244,0.6591478696741855,0.6692111959287532,0.1006411202488227,0.1412213740458016,0.1148204259869887,0.8186629134412385,0.0249225763645613,0.2000828629524705,0.0,0.0,0.0,0.0,0.0,0.0,0.0,0.0,0.0
2023-12-05 09:12:37.215207,1,Compas Dataset,FYP VAE,RandomForestClassifier,,['race'],{'my model config': <src.ml_models.FYP_VAE.configs.VAEMaskConfig object at 0x0000023195A00AC0>},0.627260083449235,0.6450116009280742,0.7073791348600509,0.0061085100974901,0.0267175572519083,0.0174761607699848,0.9714139941690962,0.0037933229005669,0.0290025429882444,0.0,0.0,0.0,0.0,0.0,0.0,0.0,0.0,0.0
2023-12-05 09:03:58.101863,1,Compas Dataset,No Bias Mitigation,MLPClassifier,,['race'],{},0.7051460361613352,0.7090069284064665,0.7811704834605598,0.1724048397985148,0.1679389312977099,0.1864004990642546,0.7443969204448245,0.0404595317635179,0.2951808911854888,0.0,0.0,0.0,0.0,0.0,0.0,0.0,0.0,0.0
2023-12-05 09:03:57.916005,1,Compas Dataset,FairMask Bias Mitigation,MLPClassifier,DecisionTreeRegressor,['race'],{},0.6954102920723226,0.7004608294930875,0.7735368956743003,0.1985381939035156,0.1793893129770992,0.2099901969521432,0.7187850578828022,0.0455798406456193,0.3301929118753279,0.0,0.0,0.0,0.0,0.0,0.0,0.0,0.0,0.0
2023-12-05 09:03:37.093184,1,Compas Dataset,No Bias Mitigation,MLPClassifier,,['race'],{},0.7051460361613352,0.7090069284064665,0.7811704834605598,0.1724048397985148,0.1679389312977099,0.1864004990642546,0.7443969204448245,0.0404595317635179,0.2951808911854888,0.0,0.0,0.0,0.0,0.0,0.0,0.0,0.0,0.0
2023-12-05 09:03:36.893020,1,Compas Dataset,FYP VAE,MLPClassifier,,['race'],{'my model config': <src.ml_models.FYP_VAE.configs.VAEMaskConfig object at 0x0000023195A00AC0>},0.6801112656467315,0.668041237113402,0.8244274809160306,0.1330182736011238,0.1259541984732823,0.1443543356207112,0.8132364810330912,0.0313331179721487,0.2067333371506874,0.0,0.0,0.0,0.0,0.0,0.0,0.0,0.0,0.0
2023-12-05 08:54:47.707660,1,Compas Dataset,No Bias Mitigation,LogisticRegression,,['race'],{},0.6968011126564673,0.6966292134831461,0.7888040712468194,0.2021633281677475,0.1793893129770991,0.213171731574726,0.7210495626822157,0.0462704149829484,0.327047402475572,0.0,0.0,0.0,0.0,0.0,0.0,0.0,0.0,0.0
2023-12-05 08:54:47.538678,1,Compas Dataset,Reweighing Bias Mitigation,LogisticRegression,,['race'],{},0.7009735744089013,0.6986607142857143,0.7964376590330788,0.0240356890044085,0.0419847328244274,0.040450940201408,0.9378304341870976,0.0087801594317559,0.0641861201052053,0.0,0.0,0.0,0.0,0.0,0.0,0.0,0.0,0.0
2023-12-05 08:54:46.923637,1,Compas Dataset,FairBalance Bias Mitigation,LogisticRegression,,['race'],{},0.6815020862308763,0.7157894736842105,0.6921119592875318,0.0145131777098143,0.0076335877862595,0.000187149095446,1.000354191263282,4.062201984289835e-05,0.000354128552364,0.0,0.0,0.0,0.0,0.0,0.0,0.0,0.0,0.0
2023-12-05 08:54:46.228215,1,Compas Dataset,FairMask Bias Mitigation,LogisticRegression,DecisionTreeRegressor,['race'],{},0.6968011126564673,0.6957494407158836,0.7913486005089059,0.2110821628772038,0.1870229007633587,0.2219053560288745,0.7129021099965409,0.0481661092422833,0.3384111611258872,0.0,0.0,0.0,0.0,0.0,0.0,0.0,0.0,0.0
2023-12-05 08:54:45.825057,1,Compas Dataset,No Bias Mitigation,LogisticRegression,,['race'],{},0.6968011126564673,0.6966292134831461,0.7888040712468194,0.2021633281677475,0.1793893129770991,0.213171731574726,0.7210495626822157,0.0462704149829484,0.327047402475572,0.0,0.0,0.0,0.0,0.0,0.0,0.0,0.0,0.0
2023-12-05 08:54:45.620271,1,Compas Dataset,FYP VAE,LogisticRegression,,['race'],{'my model config': <src.ml_models.FYP_VAE.configs.VAEMaskConfig object at 0x0000023195A00AC0>},0.694019471488178,0.6740442655935613,0.8524173027989822,0.0822226640756744,0.0725190839694656,0.0942340254879243,0.8752624749321695,0.0204541541818435,0.1332314662558821,0.0,0.0,0.0,0.0,0.0,0.0,0.0,0.0,0.0
2023-12-05 08:46:10.348360,1,Compas Dataset,No Bias Mitigation,RandomForestClassifier,,['race'],{},0.6369958275382476,0.661498708010336,0.6632124352331606,0.1238775225201131,0.0636888826264618,0.1372816547913824,0.7808609609851845,0.0315304249256713,0.2473581718986962,0.0,0.0,0.0,0.0,0.0,0.0,0.0,0.0,0.0
2023-12-05 08:46:09.998258,1,Compas Dataset,Reweighing Bias Mitigation,RandomForestClassifier,,['race'],{},0.6397774687065368,0.6649350649350649,0.6632124352331606,0.1020850180994667,0.0528110469212342,0.1173884481277477,0.8078418396889734,0.0269614148842949,0.2133889825803864,0.0,0.0,0.0,0.0,0.0,0.0,0.0,0.0,0.0
2023-12-05 08:46:03.581052,1,Compas Dataset,FairBalance Bias Mitigation,RandomForestClassifier,,['race'],{},0.6467315716272601,0.6736842105263158,0.6632124352331606,0.1145789404097654,0.0419332112160066,0.1282109589502586,0.7901260098712327,0.0294470956223003,0.2355628400747085,0.0,0.0,0.0,0.0,0.0,0.0,0.0,0.0,0.0
2023-12-05 08:45:56.970746,1,Compas Dataset,FairMask Bias Mitigation,RandomForestClassifier,DecisionTreeRegressor,['race'],{},0.6481223922114048,0.6709511568123393,0.6761658031088082,0.1579195791314877,0.1185571368183739,0.1753415196994963,0.7317692228406514,0.0402718967194817,0.3122900840720252,0.0,0.0,0.0,0.0,0.0,0.0,0.0,0.0,0.0
2023-12-05 08:45:49.787288,1,Compas Dataset,No Bias Mitigation,RandomForestClassifier,,['race'],{},0.6369958275382476,0.661498708010336,0.6632124352331606,0.1238775225201131,0.0636888826264618,0.1372816547913824,0.7808609609851845,0.0315304249256713,0.2473581718986962,0.0,0.0,0.0,0.0,0.0,0.0,0.0,0.0,0.0
2023-12-05 08:45:49.429309,1,Compas Dataset,FYP VAE,RandomForestClassifier,,['race'],{'my model config': <src.ml_models.FYP_VAE.configs.VAEMaskConfig object at 0x0000023195A00AC0>},0.6300417246175244,0.6395348837209303,0.7124352331606217,0.0553056387948623,0.0045934902071297,0.0684302727104284,0.8934146661419388,0.0157168529154037,0.1127044541008776,0.0,0.0,0.0,0.0,0.0,0.0,0.0,0.0,0.0
2023-12-05 08:37:24.107016,1,Compas Dataset,No Bias Mitigation,MLPClassifier,,['race'],{},0.6703755215577191,0.6752941176470588,0.7435233160621761,0.1310049656020477,0.0949415245878539,0.1519194165108561,0.7794164404333896,0.0348923806631448,0.249209792595366,0.0,0.0,0.0,0.0,0.0,0.0,0.0,0.0,0.0
2023-12-05 08:37:23.936535,1,Compas Dataset,FairMask Bias Mitigation,MLPClassifier,DecisionTreeRegressor,['race'],{},0.6675938803894298,0.6713286713286714,0.7461139896373057,0.1484671672764198,0.1015640411441454,0.1674836188454865,0.7621917677166296,0.038467118409319,0.2715570912873627,0.0,0.0,0.0,0.0,0.0,0.0,0.0,0.0,0.0
2023-12-05 08:37:00.576605,1,Compas Dataset,No Bias Mitigation,MLPClassifier,,['race'],{},0.6703755215577191,0.6752941176470588,0.7435233160621761,0.1310049656020477,0.0949415245878539,0.1519194165108561,0.7794164404333896,0.0348923806631448,0.249209792595366,0.0,0.0,0.0,0.0,0.0,0.0,0.0,0.0,0.0
2023-12-05 08:37:00.385687,1,Compas Dataset,FYP VAE,MLPClassifier,,['race'],{'my model config': <src.ml_models.FYP_VAE.configs.VAEMaskConfig object at 0x0000023195A00AC0>},0.6856745479833102,0.6785714285714286,0.7875647668393783,0.11029418951959,0.0661124418768493,0.1324136304681051,0.8130203130203131,0.0304123521890432,0.2069991844816152,0.0,0.0,0.0,0.0,0.0,0.0,0.0,0.0,0.0
2023-12-05 08:28:22.007313,1,Compas Dataset,No Bias Mitigation,LogisticRegression,,['race'],{},0.674547983310153,0.6666666666666666,0.7875647668393783,0.1272711656645488,0.0661124418768493,0.1453753768928866,0.8002060328263537,0.0333893659289579,0.2228860434392665,0.0,0.0,0.0,0.0,0.0,0.0,0.0,0.0,0.0
2023-12-05 08:28:21.843407,1,Compas Dataset,Reweighing Bias Mitigation,LogisticRegression,,['race'],{},0.6801112656467315,0.6764705882352942,0.7746113989637305,0.0414841288720498,0.0757784979568833,0.0180992807451951,1.0300097751710655,0.0041569866972557,0.0295682926538555,0.0,0.0,0.0,0.0,0.0,0.0,0.0,0.0,0.0
2023-12-05 08:28:21.234176,1,Compas Dataset,FairBalance Bias Mitigation,LogisticRegression,,['race'],{},0.6606397774687065,0.6858638743455497,0.6787564766839378,0.0707963652959037,0.1250105678455686,0.0517290750753786,1.1038622835497836,0.0118809736130965,0.0988151969124004,0.0,0.0,0.0,0.0,0.0,0.0,0.0,0.0,0.0
2023-12-05 08:28:20.623228,1,Compas Dataset,FairMask Bias Mitigation,LogisticRegression,DecisionTreeRegressor,['race'],{},0.6759388038942976,0.6666666666666666,0.7927461139896373,0.1386106633529157,0.0793574749894321,0.1570485286438594,0.7875712007290954,0.0360704192385886,0.2388014987451662,0.0,0.0,0.0,0.0,0.0,0.0,0.0,0.0,0.0
2023-12-05 08:28:20.175725,1,Compas Dataset,No Bias Mitigation,LogisticRegression,,['race'],{},0.674547983310153,0.6666666666666666,0.7875647668393783,0.1272711656645488,0.0661124418768493,0.1453753768928866,0.8002060328263537,0.0333893659289579,0.2228860434392665,0.0,0.0,0.0,0.0,0.0,0.0,0.0,0.0,0.0
2023-12-05 08:28:19.991774,1,Compas Dataset,FYP VAE,LogisticRegression,,['race'],{'my model config': <src.ml_models.FYP_VAE.configs.VAEMaskConfig object at 0x0000023195A00AC0>},0.6731571627260083,0.6556701030927835,0.8238341968911918,0.0629635775936353,0.0174158094969706,0.0826048141223237,0.8864735977035443,0.0189724176485266,0.1205039365357011,0.0,0.0,0.0,0.0,0.0,0.0,0.0,0.0,0.0
2023-12-05 08:19:44.576579,1,Compas Dataset,No Bias Mitigation,RandomForestClassifier,,['race'],{},0.6230876216968011,0.6560196560196561,0.6708542713567839,0.1054870922058422,0.0821180555555555,0.1062461946205365,0.8336697504906083,0.0229533755931298,0.1819179376703831,0.0,0.0,0.0,0.0,0.0,0.0,0.0,0.0,0.0
2023-12-05 08:19:44.197563,1,Compas Dataset,Reweighing Bias Mitigation,RandomForestClassifier,,['race'],{},0.6189151599443672,0.6534653465346535,0.6633165829145728,0.061888522044772,0.0241319444444444,0.0608413022456215,0.8991899590528752,0.0131441249920206,0.1062609664387808,0.0,0.0,0.0,0.0,0.0,0.0,0.0,0.0,0.0
2023-12-05 08:19:37.550438,1,Compas Dataset,FairBalance Bias Mitigation,RandomForestClassifier,,['race'],{},0.6119610570236439,0.6491228070175439,0.6507537688442211,0.0711477813040313,0.0426504629629629,0.0710039038716379,0.8823511957747313,0.015339648445434,0.1251651210779336,0.0,0.0,0.0,0.0,0.0,0.0,0.0,0.0,0.0
2023-12-05 08:19:31.039512,1,Compas Dataset,FairMask Bias Mitigation,RandomForestClassifier,DecisionTreeRegressor,['race'],{},0.60778859527121,0.6487179487179487,0.635678391959799,0.1385902948402948,0.0763888888888888,0.1343612334801762,0.7881944444444444,0.0290273347505905,0.2380104626545433,0.0,0.0,0.0,0.0,0.0,0.0,0.0,0.0,0.0
2023-12-05 08:19:23.457025,1,Compas Dataset,No Bias Mitigation,RandomForestClassifier,,['race'],{},0.6230876216968011,0.6560196560196561,0.6708542713567839,0.1054870922058422,0.0821180555555555,0.1062461946205365,0.8336697504906083,0.0229533755931298,0.1819179376703831,0.0,0.0,0.0,0.0,0.0,0.0,0.0,0.0,0.0
2023-12-05 08:19:23.102612,1,Compas Dataset,FYP VAE,RandomForestClassifier,,['race'],{'my model config': <src.ml_models.FYP_VAE.configs.VAEMaskConfig object at 0x0000023195A00AC0>},0.6091794158553546,0.6444444444444445,0.6557788944723618,0.094948855105105,0.0352430555555555,0.0909978152644962,0.8545316615137982,0.0196591232220612,0.1572017244344016,0.0,0.0,0.0,0.0,0.0,0.0,0.0,0.0,0.0
2023-12-05 08:10:54.642860,1,Compas Dataset,No Bias Mitigation,MLPClassifier,,['race'],{},0.6815020862308763,0.6865342163355408,0.7814070351758794,0.140841765060515,0.1034143518518518,0.1415063930374986,0.8053215077605321,0.0305709715046203,0.2165136927755402,0.0,0.0,0.0,0.0,0.0,0.0,0.0,0.0,0.0
2023-12-05 08:10:54.473936,1,Compas Dataset,FairMask Bias Mitigation,MLPClassifier,DecisionTreeRegressor,['race'],{},0.6856745479833102,0.6894273127753304,0.7864321608040201,0.1363010027072527,0.1190393518518518,0.1394738727122954,0.8081177629958118,0.0301318668139376,0.2130474847990539,0.0,0.0,0.0,0.0,0.0,0.0,0.0,0.0,0.0
2023-12-05 08:10:32.165127,1,Compas Dataset,No Bias Mitigation,MLPClassifier,,['race'],{},0.6815020862308763,0.6865342163355408,0.7814070351758794,0.140841765060515,0.1034143518518518,0.1415063930374986,0.8053215077605321,0.0305709715046203,0.2165136927755402,0.0,0.0,0.0,0.0,0.0,0.0,0.0,0.0,0.0
2023-12-05 08:10:31.942912,1,Compas Dataset,FYP VAE,MLPClassifier,,['race'],{'my model config': <src.ml_models.FYP_VAE.configs.VAEMaskConfig object at 0x0000023195A00AC0>},0.6856745479833102,0.680672268907563,0.8140703517587939,0.0696681056056056,0.0207175925925925,0.0690071988825614,0.9027041357370096,0.0149082812823404,0.1023604251697353,0.0,0.0,0.0,0.0,0.0,0.0,0.0,0.0,0.0
2023-12-05 08:01:32.761790,1,Compas Dataset,No Bias Mitigation,LogisticRegression,,['race'],{},0.6773296244784422,0.6921296296296297,0.7512562814070352,0.1760315002502502,0.1478587962962962,0.1777515131979513,0.7539658933174698,0.0384013494248115,0.2824081463242471,0.0,0.0,0.0,0.0,0.0,0.0,0.0,0.0,0.0
2023-12-05 08:01:32.519658,1,Compas Dataset,Reweighing Bias Mitigation,LogisticRegression,,['race'],{},0.694019471488178,0.7060185185185185,0.7663316582914573,0.0551280684093184,0.010474537037037,0.0554331864904551,0.9132183908045978,0.0119757583260632,0.0907802256718586,0.0,0.0,0.0,0.0,0.0,0.0,0.0,0.0,0.0
2023-12-05 08:01:31.611029,1,Compas Dataset,FairBalance Bias Mitigation,LogisticRegression,,['race'],{},0.6578581363004172,0.7021276595744681,0.6633165829145728,0.0043145418145418,0.0564814814814814,0.001871351312632,0.9964302794288448,0.0004042858165316,0.0035761072272149,0.0,0.0,0.0,0.0,0.0,0.0,0.0,0.0,0.0
2023-12-05 08:01:30.756300,1,Compas Dataset,FairMask Bias Mitigation,LogisticRegression,DecisionTreeRegressor,['race'],{},0.6801112656467315,0.6917808219178082,0.7613065326633166,0.2017575103512603,0.1791087962962962,0.2041832312596254,0.7273553323768531,0.0441116447855834,0.3183401555503106,0.0,0.0,0.0,0.0,0.0,0.0,0.0,0.0,0.0
2023-12-05 08:01:30.215335,1,Compas Dataset,No Bias Mitigation,LogisticRegression,,['race'],{},0.6773296244784422,0.6921296296296297,0.7512562814070352,0.1760315002502502,0.1478587962962962,0.1777515131979513,0.7539658933174698,0.0384013494248115,0.2824081463242471,0.0,0.0,0.0,0.0,0.0,0.0,0.0,0.0,0.0
2023-12-05 08:01:30.005108,1,Compas Dataset,FYP VAE,LogisticRegression,,['race'],{'my model config': <src.ml_models.FYP_VAE.configs.VAEMaskConfig object at 0x0000023195A00AC0>},0.694019471488178,0.6893617021276596,0.8140703517587939,0.08585041006916,0.0552662037037037,0.0876401275025966,0.8771956238080899,0.0189337300105811,0.131025251269715,0.0,0.0,0.0,0.0,0.0,0.0,0.0,0.0,0.0
2023-12-05 07:53:13.608794,1,Compas Dataset,No Bias Mitigation,RandomForestClassifier,,['race'],{},0.6439499304589708,0.6770334928229665,0.7004950495049505,0.036359373153728,0.0881720430107527,0.0740559308341498,0.8824660710632203,0.0166685688088657,0.1250349373010523,0.0,0.0,0.0,0.0,0.0,0.0,0.0,0.0,0.0
2023-12-05 07:53:13.249362,1,Compas Dataset,Reweighing Bias Mitigation,RandomForestClassifier,,['race'],{},0.6481223922114048,0.6810551558752997,0.7029702970297029,0.0153874626474704,0.0527529472729627,0.0514532735179359,0.9161754616860116,0.011581144419018,0.0875473805927953,0.0,0.0,0.0,0.0,0.0,0.0,0.0,0.0,0.0
2023-12-05 07:53:06.759304,1,Compas Dataset,FairBalance Bias Mitigation,RandomForestClassifier,,['race'],{},0.6369958275382476,0.6756756756756757,0.6806930693069307,0.0329508658526341,0.0679621712657079,0.0664157170112926,0.89107822410148,0.0149489033021833,0.115323061760606,0.0,0.0,0.0,0.0,0.0,0.0,0.0,0.0,0.0
2023-12-05 07:53:00.101891,1,Compas Dataset,FairMask Bias Mitigation,RandomForestClassifier,DecisionTreeRegressor,['race'],{},0.6495132127955494,0.6844660194174758,0.698019801980198,0.0624886064997316,0.1026557844280346,0.0990993313738634,0.8447233406498701,0.0223053576575408,0.168746112749452,0.0,0.0,0.0,0.0,0.0,0.0,0.0,0.0,0.0
2023-12-05 07:52:52.147496,1,Compas Dataset,No Bias Mitigation,RandomForestClassifier,,['race'],{},0.6439499304589708,0.6770334928229665,0.7004950495049505,0.036359373153728,0.0881720430107527,0.0740559308341498,0.8824660710632203,0.0166685688088657,0.1250349373010523,0.0,0.0,0.0,0.0,0.0,0.0,0.0,0.0,0.0
2023-12-05 07:52:51.771662,1,Compas Dataset,FYP VAE,RandomForestClassifier,,['race'],{'my model config': <src.ml_models.FYP_VAE.configs.VAEMaskConfig object at 0x0000023195A00AC0>},0.631432545201669,0.6666666666666666,0.6881188118811881,0.068129336737236,0.0768493328151315,0.0947077124048196,0.8525436882811036,0.0213168885080306,0.1595308238869993,0.0,0.0,0.0,0.0,0.0,0.0,0.0,0.0,0.0
2023-12-05 07:44:05.323757,1,Compas Dataset,No Bias Mitigation,MLPClassifier,,['race'],{},0.7051460361613352,0.7077922077922078,0.8094059405940595,0.0963015924029332,0.0998834045860862,0.1355128139019233,0.814799154334038,0.0305013337563181,0.204813632511667,0.0,0.0,0.0,0.0,0.0,0.0,0.0,0.0,0.0
2023-12-05 07:44:05.169111,1,Compas Dataset,FairMask Bias Mitigation,MLPClassifier,DecisionTreeRegressor,['race'],{},0.7037552155771906,0.70276008492569,0.8193069306930693,0.1314435071017854,0.1152221790387356,0.1659189742003128,0.7828932571634204,0.0373451769088964,0.2447589177462818,0.0,0.0,0.0,0.0,0.0,0.0,0.0,0.0,0.0
2023-12-05 07:43:39.059015,1,Compas Dataset,No Bias Mitigation,MLPClassifier,,['race'],{},0.7051460361613352,0.7077922077922078,0.8094059405940595,0.0963015924029332,0.0998834045860862,0.1355128139019233,0.814799154334038,0.0305013337563181,0.204813632511667,0.0,0.0,0.0,0.0,0.0,0.0,0.0,0.0,0.0
2023-12-05 07:43:38.854480,1,Compas Dataset,FYP VAE,MLPClassifier,,['race'],{'my model config': <src.ml_models.FYP_VAE.configs.VAEMaskConfig object at 0x0000023195A00AC0>},0.7009735744089013,0.6924643584521385,0.8415841584158416,0.0292490504378378,0.0372068920844669,0.0680228261056394,0.9065161160782832,0.0153106327169747,0.0981464705908427,0.0,0.0,0.0,0.0,0.0,0.0,0.0,0.0,0.0
2023-12-05 07:34:38.552572,1,Compas Dataset,No Bias Mitigation,LogisticRegression,,['race'],{},0.717663421418637,0.7170626349892009,0.8217821782178217,0.0976828129604557,0.0693354061406917,0.1333986489970607,0.8176885130373502,0.0300254758095871,0.2012738058065429,0.0,0.0,0.0,0.0,0.0,0.0,0.0,0.0,0.0
2023-12-05 07:34:38.399850,1,Compas Dataset,Reweighing Bias Mitigation,LogisticRegression,,['race'],{},0.7121001390820584,0.7118279569892473,0.8193069306930693,0.0184161272883096,0.0103899468843114,0.0241238247477612,0.9635922644911088,0.0054298099856662,0.0370870359914627,0.0,0.0,0.0,0.0,0.0,0.0,0.0,0.0,0.0
2023-12-05 07:34:37.826768,1,Compas Dataset,FairBalance Bias Mitigation,LogisticRegression,,['race'],{},0.7190542420027817,0.7427884615384616,0.7648514851485149,0.0383425940557693,0.0162456276719782,0.010312999535915,0.9823819591261452,0.0023212582767366,0.0177750858395735,0.0,0.0,0.0,0.0,0.0,0.0,0.0,0.0,0.0
2023-12-05 07:34:37.148901,1,Compas Dataset,FairMask Bias Mitigation,LogisticRegression,DecisionTreeRegressor,['race'],{},0.717663421418637,0.7161290322580646,0.8242574257425742,0.1064031249065742,0.0757870190439176,0.1415287302978738,0.8087029249819947,0.0318554010844145,0.2123236419931279,0.0,0.0,0.0,0.0,0.0,0.0,0.0,0.0,0.0
2023-12-05 07:34:36.741660,1,Compas Dataset,No Bias Mitigation,LogisticRegression,,['race'],{},0.717663421418637,0.7170626349892009,0.8217821782178217,0.0976828129604557,0.0693354061406917,0.1333986489970607,0.8176885130373502,0.0300254758095871,0.2012738058065429,0.0,0.0,0.0,0.0,0.0,0.0,0.0,0.0,0.0
2023-12-05 07:34:36.547231,1,Compas Dataset,FYP VAE,LogisticRegression,,['race'],{'my model config': <src.ml_models.FYP_VAE.configs.VAEMaskConfig object at 0x0000023195A00AC0>},0.6981919332406119,0.6896551724137931,0.8415841584158416,0.0479647097784972,0.0372068920844669,0.0823321129617216,0.8887159352275631,0.0185313785759467,0.1179776274571314,0.0,0.0,0.0,0.0,0.0,0.0,0.0,0.0,0.0
2023-12-05 04:42:57.293373,7,Adult Dataset,No Bias Mitigation,RandomForestClassifier,,['race'],{},0.8481512347032767,0.7114771039960986,0.6296665807485603,0.0590945213168734,0.0753377615445246,0.1020317117831258,0.5562778740970667,0.0129681581545161,0.5912073721265704,3.412118323298369e-05,0.0003382323944365,0.0001825110455195,0.0003077895148235,0.0008749441783285,0.0001790916306353,0.0030188061922929,3.183906881697657e-06,0.0092831216778892
2023-12-05 04:42:57.280846,7,Adult Dataset,Reweighing Bias Mitigation,RandomForestClassifier,,['race'],{},0.8488091582964165,0.7138222347442874,0.6294866409679847,0.0502423472644319,0.0603692410492729,0.0972949128637473,0.5735928911436926,0.0123615298426425,0.5600572232264642,4.839605804064791e-05,0.0002666060554783,0.0003462119769031,0.0002609560846333,0.0004893721830534,0.0001426304319086,0.0028257795515404,2.3798416351945427e-06,0.0083826199415104
2023-12-05 04:42:57.268375,7,Adult Dataset,FairBalance Bias Mitigation,RandomForestClassifier,,['race'],{},0.8460020176323523,0.6947248007157745,0.6515179411808903,0.072511132348468,0.0932310109936337,0.1137454030374437,0.5344515923900207,0.0144576605395178,0.630024361818942,3.673375466004678e-05,0.0003848492634988,0.0001353856499571,0.0003877734886057,0.0012701511887416,0.0001196795210145,0.0020215178442034,2.280369431206708e-06,0.0069966440977127
2023-12-05 04:42:57.254325,7,Adult Dataset,FairMask Bias Mitigation,RandomForestClassifier,DecisionTreeRegressor,['race'],{},0.8472740032457563,0.7079841104948653,0.6304474290119576,0.0441516567007887,0.0562590827182882,0.0898079922063139,0.6087855672498225,0.0114122237342067,0.4994412988779756,3.161634671012923e-05,0.0002567162705915,0.0001537586426904,0.0001284294355218,0.0004342652479108,0.0001487585787503,0.0023981989695986,2.588328872203352e-06,0.0062285473897866
2023-12-05 04:42:57.242101,7,Adult Dataset,No Bias Mitigation,RandomForestClassifier,,['race'],{},0.8481512347032767,0.7114771039960986,0.6296665807485603,0.0590945213168734,0.0753377615445246,0.1020317117831258,0.5562778740970667,0.0129681581545161,0.5912073721265704,3.412118323298369e-05,0.0003382323944365,0.0001825110455195,0.0003077895148235,0.0008749441783285,0.0001790916306353,0.0030188061922929,3.183906881697657e-06,0.0092831216778892
2023-12-05 04:42:57.229513,7,Adult Dataset,FYP VAE,RandomForestClassifier,,['race'],{'my model config': <src.ml_models.FYP_VAE.configs.VAEMaskConfig object at 0x00000231E3A8C820>},0.8112636519145576,0.6921366743970037,0.4086954340880019,0.0208797748406736,0.0378313803948893,0.0500664495207107,0.6707914005913092,0.0063778524617082,0.4043892328559487,3.3767197119154994e-05,0.0013949249511163,0.0020416701201628,0.0002420771433836,0.0011122089197082,0.0001754241133368,0.0043727476476118,3.172739032946161e-06,0.0104246046039101
2023-12-05 04:42:57.216943,7,Adult Dataset,No Bias Mitigation,MLPClassifier,,['race'],{},0.8467476643712443,0.7078668118697846,0.630094894004993,0.067157077545851,0.0920887716191831,0.1046829252539327,0.5526769953506047,0.0133290970173416,0.5968967001759113,3.486378453699448e-05,0.0005842376203424,0.0006906206865952,0.0004458199650698,0.001045349588238,0.0004279481346227,0.0023790831498995,8.042909719636981e-06,0.0078534605762227
2023-12-05 04:42:57.204005,7,Adult Dataset,FairMask Bias Mitigation,MLPClassifier,DecisionTreeRegressor,['race'],{},0.8464844949339883,0.7052492643411951,0.6338958798506338,0.0419975203738011,0.054059598966696,0.0889852811098449,0.6179050884596451,0.0113202719934645,0.4843701644009395,2.908842413637313e-05,0.0005332240267608,0.0008679739376959,0.0003662856614606,0.0015164953587673,0.0002638770132236,0.0023926726454327,4.8305394816452605e-06,0.005725500946468
2023-12-05 04:42:57.191221,7,Adult Dataset,No Bias Mitigation,MLPClassifier,,['race'],{},0.8467476643712443,0.7078668118697846,0.630094894004993,0.067157077545851,0.0920887716191831,0.1046829252539327,0.5526769953506047,0.0133290970173416,0.5968967001759113,3.486378453699448e-05,0.0005842376203424,0.0006906206865952,0.0004458199650698,0.001045349588238,0.0004279481346227,0.0023790831498995,8.042909719636981e-06,0.0078534605762227
2023-12-05 04:42:57.178456,7,Adult Dataset,FYP VAE,MLPClassifier,,['race'],{'my model config': <src.ml_models.FYP_VAE.configs.VAEMaskConfig object at 0x00000231E3A8C820>},0.8089828501250055,0.6442371655187867,0.4866652290064984,0.0275253713166834,0.0437051067835454,0.0589023095719105,0.6982361157476534,0.0075231687614888,0.3623373202712446,0.0001121097108546,0.001133760104231,0.0064213179363712,0.0001559293951531,0.0007556197514325,0.0003512710008122,0.0031754789811961,6.4981707972285606e-06,0.0061676969364366
2023-12-05 04:42:57.157509,7,Adult Dataset,No Bias Mitigation,LogisticRegression,,['race'],{},0.8473617263915086,0.7252710757726929,0.5973083612049287,0.0710016991700552,0.1044213739412998,0.1007828441756299,0.5307927946847113,0.012805034042681,0.636621430758482,1.8811283809884583e-05,0.0002488039738868,0.0001704731316571,0.0005146705273333,0.0016771662774789,9.512380823922032e-05,0.001763362256061,1.684996106348608e-06,0.0065893659398423
2023-12-05 04:42:57.144920,7,Adult Dataset,Reweighing Bias Mitigation,LogisticRegression,,['race'],{},0.8476687574016404,0.7290425969816167,0.5925797214835,0.0268669229808371,0.0539473852456832,0.0510259609563844,0.7515037844188959,0.0064972362024345,0.2916993773896165,1.794940457621443e-05,0.0003711492583536,0.0001361051266096,0.0004194737028909,0.0015990362689658,0.0002841521814977,0.0064249954759119,4.845254127300156e-06,0.0123868832107124
2023-12-05 04:42:57.132322,7,Adult Dataset,FairBalance Bias Mitigation,LogisticRegression,,['race'],{},0.8088951269792535,0.5718225563843339,0.8432109374076576,0.0302924959302817,0.0365140668573798,0.1029454131977255,0.7263513310355961,0.0131239562928651,0.3257976568574396,2.0573519028728285e-05,0.0002981823748527,0.0001521988309933,0.000427736940396,0.0003312371880805,0.0010916677842112,0.0063832209396115,1.9500697046803395e-05,0.0121927359965917
2023-12-05 04:42:57.119411,7,Adult Dataset,FairMask Bias Mitigation,LogisticRegression,DecisionTreeRegressor,['race'],{},0.8473617263915083,0.7224233930810664,0.6025723738574079,0.0422919875325861,0.0674782287001624,0.0837677868922357,0.6104952352974945,0.0106416228981273,0.4967821181219056,1.8730482631728065e-05,0.0002400410485423,0.0001579143645889,0.0004870881715106,0.0008401698319079,0.0001338916579351,0.0023945941269213,2.2466637414819585e-06,0.0066855451960272
2023-12-05 04:42:57.106570,7,Adult Dataset,No Bias Mitigation,LogisticRegression,,['race'],{},0.8473617263915086,0.7252710757726929,0.5973083612049287,0.0710016991700552,0.1044213739412998,0.1007828441756299,0.5307927946847113,0.012805034042681,0.636621430758482,1.8811283809884583e-05,0.0002488039738868,0.0001704731316571,0.0005146705273333,0.0016771662774789,9.512380823922032e-05,0.001763362256061,1.684996106348608e-06,0.0065893659398423
2023-12-05 04:42:57.094239,7,Adult Dataset,FYP VAE,LogisticRegression,,['race'],{'my model config': <src.ml_models.FYP_VAE.configs.VAEMaskConfig object at 0x00000231E3A8C820>},0.8174481336900742,0.6726461891227808,0.4832712734257345,0.0255512990078092,0.041512647794599,0.0608494639564839,0.6705706738904936,0.0077422342223343,0.4109892696595968,2.550239089628044e-05,0.0003406192043873,0.0005658386085957,0.0003803626965124,0.0012188604775301,0.0004024961334214,0.0109174141332227,6.814117007222949e-06,0.0220555585866107
2023-12-05 04:42:57.077651,1,Adult Dataset,No Bias Mitigation,RandomForestClassifier,,['race'],{},0.8467915259441203,0.713859910581222,0.6094147582697201,0.0345656026059985,0.0351226238550181,0.0952398715613777,0.5680582508168714,0.0122747359104393,0.5655313112642585,0.0,0.0,0.0,0.0,0.0,0.0,0.0,0.0,0.0
2023-12-05 04:42:56.966492,1,Adult Dataset,Reweighing Bias Mitigation,RandomForestClassifier,,['race'],{},0.8458704329137243,0.7113095238095238,0.6081424936386769,0.037825860385543,0.0492071308972716,0.0908374110401626,0.5873471557682084,0.0117073365705607,0.5321392272059481,0.0,0.0,0.0,0.0,0.0,0.0,0.0,0.0,0.0
2023-12-05 04:42:54.027315,1,Adult Dataset,FairBalance Bias Mitigation,RandomForestClassifier,,['race'],{},0.8406509057414799,0.6846473029045643,0.6297709923664122,0.0531242647501885,0.0575002462326406,0.111684550062537,0.5326170798898071,0.0143941642803497,0.6299525372283915,0.0,0.0,0.0,0.0,0.0,0.0,0.0,0.0,0.0
2023-12-05 04:42:51.076983,1,Adult Dataset,FairMask Bias Mitigation,RandomForestClassifier,DecisionTreeRegressor,['race'],{},0.8452563708934603,0.7085798816568047,0.6094147582697201,0.0272458710153596,0.0351226238550181,0.0827566029593545,0.6240563530037214,0.0106658632515743,0.4715146053895132,0.0,0.0,0.0,0.0,0.0,0.0,0.0,0.0,0.0
2023-12-05 04:42:46.997052,1,Adult Dataset,No Bias Mitigation,RandomForestClassifier,,['race'],{},0.8467915259441203,0.713859910581222,0.6094147582697201,0.0345656026059985,0.0351226238550181,0.0952398715613777,0.5680582508168714,0.0122747359104393,0.5655313112642585,0.0,0.0,0.0,0.0,0.0,0.0,0.0,0.0,0.0
2023-12-05 04:42:46.858205,1,Adult Dataset,FYP VAE,RandomForestClassifier,,['race'],{'my model config': <src.ml_models.FYP_VAE.configs.VAEMaskConfig object at 0x00000231E3A8C820>},0.8142462388701259,0.7015590200445434,0.4007633587786259,0.0520032675094784,0.1154141633014872,0.0482149518355166,0.6679059925942719,0.0062140550067217,0.4036078449981312,0.0,0.0,0.0,0.0,0.0,0.0,0.0,0.0,0.0
2023-12-05 04:37:18.232944,1,Adult Dataset,No Bias Mitigation,MLPClassifier,,['race'],{},0.8507829290758366,0.7225519287833828,0.6195928753180662,0.0495272733092923,0.0617945434846842,0.1034728165068498,0.5352976923708631,0.0133358169819917,0.6249322525002513,0.0,0.0,0.0,0.0,0.0,0.0,0.0,0.0,0.0
2023-12-05 04:37:18.201638,1,Adult Dataset,FairMask Bias Mitigation,MLPClassifier,DecisionTreeRegressor,['race'],{},0.8486337120049124,0.7157584683357879,0.6183206106870229,0.034010946691451,0.044912833645228,0.0886072894038136,0.6007612833061446,0.0114199133129946,0.5095576225092388,0.0,0.0,0.0,0.0,0.0,0.0,0.0,0.0,0.0
2023-12-05 04:36:47.442637,1,Adult Dataset,No Bias Mitigation,MLPClassifier,,['race'],{},0.8507829290758366,0.7225519287833828,0.6195928753180662,0.0495272733092923,0.0617945434846842,0.1034728165068498,0.5352976923708631,0.0133358169819917,0.6249322525002513,0.0,0.0,0.0,0.0,0.0,0.0,0.0,0.0,0.0
2023-12-05 04:36:47.396246,1,Adult Dataset,FYP VAE,MLPClassifier,,['race'],{'my model config': <src.ml_models.FYP_VAE.configs.VAEMaskConfig object at 0x00000231E3A8C820>},0.8216149831132944,0.6677577741407529,0.5190839694656488,0.0212398905160951,0.0287205751994484,0.0663697072096782,0.6642616642616643,0.0085538820569173,0.4090791344487207,0.0,0.0,0.0,0.0,0.0,0.0,0.0,0.0,0.0
2023-12-05 04:30:44.868821,1,Adult Dataset,No Bias Mitigation,LogisticRegression,,['race'],{},0.8483266809947805,0.7253086419753086,0.5979643765903307,0.0325938120373606,0.0380183197084604,0.0892948310037376,0.5798427202175073,0.0115085252717064,0.5449983842542381,0.0,0.0,0.0,0.0,0.0,0.0,0.0,0.0,0.0
2023-12-05 04:30:44.840139,1,Adult Dataset,Reweighing Bias Mitigation,LogisticRegression,,['race'],{},0.8486337120049124,0.7271317829457364,0.5966921119592875,0.04823253265965,0.1027282576578351,0.0500925255450961,0.7564162754303599,0.0064560410684377,0.2791634254669203,0.0,0.0,0.0,0.0,0.0,0.0,0.0,0.0,0.0
2023-12-05 04:30:44.057589,1,Adult Dataset,FairBalance Bias Mitigation,LogisticRegression,,['race'],{},0.8130181148295977,0.5746835443037974,0.8664122137404581,0.0366156517184833,0.0234610459962573,0.1217255831303622,0.6816230486685033,0.0156882759497057,0.3832784885039874,0.0,0.0,0.0,0.0,0.0,0.0,0.0,0.0,0.0
2023-12-05 04:30:43.298126,1,Adult Dataset,FairMask Bias Mitigation,LogisticRegression,DecisionTreeRegressor,['race'],{},0.8495548050353086,0.725609756097561,0.6055979643765903,0.0120181996554376,0.0464887225450606,0.0731332148421214,0.6558876671312788,0.0094255786337336,0.4217657438302899,0.0,0.0,0.0,0.0,0.0,0.0,0.0,0.0,0.0
2023-12-05 04:30:42.623243,1,Adult Dataset,No Bias Mitigation,LogisticRegression,,['race'],{},0.8483266809947805,0.7253086419753086,0.5979643765903307,0.0325938120373606,0.0380183197084604,0.0892948310037376,0.5798427202175073,0.0115085252717064,0.5449983842542381,0.0,0.0,0.0,0.0,0.0,0.0,0.0,0.0,0.0
2023-12-05 04:30:42.574047,1,Adult Dataset,FYP VAE,LogisticRegression,,['race'],{'my model config': <src.ml_models.FYP_VAE.configs.VAEMaskConfig object at 0x00000231E3A8C820>},0.8213079521031624,0.6608832807570978,0.5330788804071247,0.0008971000370007,0.0178272431793559,0.0651679722642792,0.6814266559399303,0.0083989996652541,0.3835666551486343,0.0,0.0,0.0,0.0,0.0,0.0,0.0,0.0,0.0
2023-12-05 04:25:00.667906,1,Adult Dataset,No Bias Mitigation,RandomForestClassifier,,['race'],{},0.8538532391771569,0.717201166180758,0.6356589147286822,0.0607402445389458,0.0665976198385868,0.1116744340376755,0.5079953619259303,0.0139598714146211,0.6772829615124007,0.0,0.0,0.0,0.0,0.0,0.0,0.0,0.0,0.0
2023-12-05 04:25:00.549020,1,Adult Dataset,Reweighing Bias Mitigation,RandomForestClassifier,,['race'],{},0.8572305802886091,0.727540500736377,0.6382428940568475,0.0629585239037344,0.0694506868856623,0.1140687450039968,0.4934327298544551,0.0142591724453761,0.7063687417516352,0.0,0.0,0.0,0.0,0.0,0.0,0.0,0.0,0.0
2023-12-05 04:24:57.620050,1,Adult Dataset,FairBalance Bias Mitigation,RandomForestClassifier,,['race'],{},0.8520110531163647,0.7039106145251397,0.6511627906976745,0.0948380714970866,0.1290915131026127,0.1273780975219824,0.465895760013407,0.0159229091042094,0.7637933608373993,0.0,0.0,0.0,0.0,0.0,0.0,0.0,0.0,0.0
2023-12-05 04:24:54.644610,1,Adult Dataset,FairMask Bias Mitigation,RandomForestClassifier,DecisionTreeRegressor,['race'],{},0.8513969910961007,0.7089337175792507,0.6356589147286822,0.0628362082788274,0.0817227834991108,0.1047275387237379,0.5415077832252101,0.0130914742192461,0.6133978391906306,0.0,0.0,0.0,0.0,0.0,0.0,0.0,0.0,0.0
2023-12-05 04:24:50.547025,1,Adult Dataset,No Bias Mitigation,RandomForestClassifier,,['race'],{},0.8538532391771569,0.717201166180758,0.6356589147286822,0.0607402445389458,0.0665976198385868,0.1116744340376755,0.5079953619259303,0.0139598714146211,0.6772829615124007,0.0,0.0,0.0,0.0,0.0,0.0,0.0,0.0,0.0
2023-12-05 04:24:50.408813,1,Adult Dataset,FYP VAE,RandomForestClassifier,,['race'],{'my model config': <src.ml_models.FYP_VAE.configs.VAEMaskConfig object at 0x00000231E3A8C820>},0.8182376420018422,0.696969696969697,0.4160206718346253,0.0082231676662952,0.0246614425575987,0.0384673393360783,0.7391726747456154,0.004808612780729,0.3022237253205845,0.0,0.0,0.0,0.0,0.0,0.0,0.0,0.0,0.0
2023-12-05 04:19:06.508634,1,Adult Dataset,No Bias Mitigation,MLPClassifier,,['race'],{},0.8510899600859687,0.7199391171993912,0.6111111111111112,0.0722492147915091,0.1151193011939889,0.0963304827835844,0.5536687631027254,0.0120417995806769,0.5911886715852547,0.0,0.0,0.0,0.0,0.0,0.0,0.0,0.0,0.0
2023-12-05 04:19:06.476823,1,Adult Dataset,FairMask Bias Mitigation,MLPClassifier,DecisionTreeRegressor,['race'],{},0.8513969910961007,0.7196969696969697,0.6136950904392765,0.0619192947166557,0.1028472045805405,0.0875850263185677,0.5935118978871146,0.0109485731070812,0.5216980181457964,0.0,0.0,0.0,0.0,0.0,0.0,0.0,0.0,0.0
2023-12-05 04:18:24.219885,1,Adult Dataset,No Bias Mitigation,MLPClassifier,,['race'],{},0.8510899600859687,0.7199391171993912,0.6111111111111112,0.0722492147915091,0.1151193011939889,0.0963304827835844,0.5536687631027254,0.0120417995806769,0.5911886715852547,0.0,0.0,0.0,0.0,0.0,0.0,0.0,0.0,0.0
2023-12-05 04:18:24.169554,1,Adult Dataset,FYP VAE,MLPClassifier,,['race'],{'my model config': <src.ml_models.FYP_VAE.configs.VAEMaskConfig object at 0x00000231E3A8C820>},0.8047282775560332,0.6402439024390244,0.4069767441860465,0.0170640572036206,0.025853477419733,0.044346409664721,0.7185319203928664,0.0055435264297893,0.3305451480158303,0.0,0.0,0.0,0.0,0.0,0.0,0.0,0.0,0.0
2023-12-05 04:12:24.882370,1,Adult Dataset,No Bias Mitigation,LogisticRegression,,['race'],{},0.8483266809947805,0.720125786163522,0.5917312661498708,0.1067888650905433,0.1693471166435425,0.1157941571271285,0.4543936325196319,0.0144748577236021,0.7887914246143287,0.0,0.0,0.0,0.0,0.0,0.0,0.0,0.0,0.0
2023-12-05 04:12:24.852790,1,Adult Dataset,Reweighing Bias Mitigation,LogisticRegression,,['race'],{},0.8474055879643844,0.7237479806138933,0.5788113695090439,0.0361658789602593,0.0492056357844956,0.0777491214575509,0.614031147050015,0.0097190350459354,0.4877096240271339,0.0,0.0,0.0,0.0,0.0,0.0,0.0,0.0,0.0
2023-12-05 04:12:24.021943,1,Adult Dataset,FairBalance Bias Mitigation,LogisticRegression,,['race'],{},0.8071845256370893,0.563588850174216,0.8359173126614987,0.057613277033065,0.0457076974185606,0.1280364387735094,0.6550956397380268,0.0160052051041619,0.4229740391388018,0.0,0.0,0.0,0.0,0.0,0.0,0.0,0.0,0.0
2023-12-05 04:12:23.260103,1,Adult Dataset,FairMask Bias Mitigation,LogisticRegression,DecisionTreeRegressor,['race'],{},0.8486337120049124,0.71850699844479,0.5968992248062015,0.075678733529442,0.1145525960955973,0.101119104716227,0.5235404896421845,0.0126404016421869,0.6471409075513019,0.0,0.0,0.0,0.0,0.0,0.0,0.0,0.0,0.0
2023-12-05 04:12:22.563754,1,Adult Dataset,No Bias Mitigation,LogisticRegression,,['race'],{},0.8483266809947805,0.720125786163522,0.5917312661498708,0.1067888650905433,0.1693471166435425,0.1157941571271285,0.4543936325196319,0.0144748577236021,0.7887914246143287,0.0,0.0,0.0,0.0,0.0,0.0,0.0,0.0,0.0
2023-12-05 04:12:22.523772,1,Adult Dataset,FYP VAE,LogisticRegression,,['race'],{'my model config': <src.ml_models.FYP_VAE.configs.VAEMaskConfig object at 0x00000231E3A8C820>},0.8185446730119742,0.6631016042780749,0.4806201550387597,0.043659054215291,0.0466652336192914,0.0814472949941933,0.5577666404612159,0.0101813255198953,0.5838146111325396,0.0,0.0,0.0,0.0,0.0,0.0,0.0,0.0,0.0
2023-12-05 04:06:44.334749,1,Adult Dataset,No Bias Mitigation,RandomForestClassifier,,['race'],{},0.8381946576604237,0.7262569832402235,0.6110458284371327,0.0630120512260455,0.0749719416386083,0.1191549922106946,0.5004586128082938,0.0157615222177046,0.6922303753377289,0.0,0.0,0.0,0.0,0.0,0.0,0.0,0.0,0.0
2023-12-05 04:06:44.223781,1,Adult Dataset,Reweighing Bias Mitigation,RandomForestClassifier,,['race'],{},0.8372735646300277,0.7263751763046544,0.6051703877790834,0.035961000368385,0.0275452942119608,0.1050002636818827,0.5515851880708397,0.013889170383734,0.594958986086982,0.0,0.0,0.0,0.0,0.0,0.0,0.0,0.0,0.0
2023-12-05 04:06:41.331589,1,Adult Dataset,FairBalance Bias Mitigation,RandomForestClassifier,,['race'],{},0.8403438747313479,0.7146562905317769,0.6474735605170387,0.0605102080928274,0.0606541606541607,0.1275785593847233,0.5030769871341133,0.016875770464484,0.6870120646616312,0.0,0.0,0.0,0.0,0.0,0.0,0.0,0.0,0.0
2023-12-05 04:06:38.357533,1,Adult Dataset,FairMask Bias Mitigation,RandomForestClassifier,DecisionTreeRegressor,['race'],{},0.8378876266502917,0.7221458046767538,0.6169212690951822,0.0510440429963073,0.0678210678210677,0.1045919130904514,0.5635115602638607,0.0138351547961364,0.573567430603846,0.0,0.0,0.0,0.0,0.0,0.0,0.0,0.0,0.0
2023-12-05 04:06:34.314567,1,Adult Dataset,No Bias Mitigation,RandomForestClassifier,,['race'],{},0.8381946576604237,0.7262569832402235,0.6110458284371327,0.0630120512260455,0.0749719416386083,0.1191549922106946,0.5004586128082938,0.0157615222177046,0.6922303753377289,0.0,0.0,0.0,0.0,0.0,0.0,0.0,0.0,0.0
2023-12-05 04:06:34.177535,1,Adult Dataset,FYP VAE,RandomForestClassifier,,['race'],{'my model config': <src.ml_models.FYP_VAE.configs.VAEMaskConfig object at 0x00000231E3A8C820>},0.8001228124040528,0.6937984496124031,0.4206815511163337,0.0084426911997291,0.0262626262626262,0.074175138931846,0.5638438297497873,0.0098117005304179,0.5729779634340588,0.0,0.0,0.0,0.0,0.0,0.0,0.0,0.0,0.0
2023-12-05 04:00:44.214657,1,Adult Dataset,No Bias Mitigation,MLPClassifier,,['race'],{},0.8348173165489714,0.6883273164861613,0.6721504112808461,0.0959866004388647,0.1288600288600287,0.1424651833016677,0.4866018460021264,0.0188449355767493,0.720309054965175,0.0,0.0,0.0,0.0,0.0,0.0,0.0,0.0,0.0
2023-12-05 04:00:44.182611,1,Adult Dataset,FairMask Bias Mitigation,MLPClassifier,DecisionTreeRegressor,['race'],{},0.8363524715996316,0.6892857142857143,0.6803760282021152,0.0447878339606205,0.042440275773609,0.1155682059512288,0.5813320665671842,0.0152870711664322,0.5424331422539067,0.0,0.0,0.0,0.0,0.0,0.0,0.0,0.0,0.0
2023-12-05 04:00:11.650918,1,Adult Dataset,No Bias Mitigation,MLPClassifier,,['race'],{},0.8348173165489714,0.6883273164861613,0.6721504112808461,0.0959866004388647,0.1288600288600287,0.1424651833016677,0.4866018460021264,0.0188449355767493,0.720309054965175,0.0,0.0,0.0,0.0,0.0,0.0,0.0,0.0,0.0
2023-12-05 04:00:11.607909,1,Adult Dataset,FYP VAE,MLPClassifier,,['race'],{'my model config': <src.ml_models.FYP_VAE.configs.VAEMaskConfig object at 0x00000231E3A8C820>},0.7958243782622045,0.6013071895424836,0.6486486486486487,0.0240918225057352,0.007375340708674,0.0952297809444942,0.6791399037133973,0.0125967555391194,0.386928128887015,0.0,0.0,0.0,0.0,0.0,0.0,0.0,0.0,0.0
2023-12-05 03:53:42.431343,1,Adult Dataset,No Bias Mitigation,LogisticRegression,,['race'],{},0.8391157506908198,0.7436661698956781,0.5863689776733255,0.0759979367384508,0.1159211159211159,0.1120519724117485,0.4988685403213982,0.0148219526512368,0.6954126641883804,0.0,0.0,0.0,0.0,0.0,0.0,0.0,0.0,0.0
2023-12-05 03:53:42.401204,1,Adult Dataset,Reweighing Bias Mitigation,LogisticRegression,,['race'],{},0.8388087196806877,0.7484756097560976,0.5769682726204466,0.0005530294085985,0.0172679172679172,0.0740938964058021,0.652201983708833,0.0098009539737231,0.4274009740663292,0.0,0.0,0.0,0.0,0.0,0.0,0.0,0.0,0.0
2023-12-05 03:53:41.637525,1,Adult Dataset,FairBalance Bias Mitigation,LogisticRegression,,['race'],{},0.8102548357384096,0.5957271980279375,0.8519388954171563,0.0589000879290556,0.0273849607182939,0.1576931683587442,0.6041814987997152,0.020859255080741,0.5038806314852972,0.0,0.0,0.0,0.0,0.0,0.0,0.0,0.0,0.0
2023-12-05 03:53:40.832611,1,Adult Dataset,FairMask Bias Mitigation,LogisticRegression,DecisionTreeRegressor,['race'],{},0.8391157506908198,0.7407952871870398,0.5910693301997649,0.0466554159230617,0.0665383998717331,0.0963963951123356,0.5688851775594893,0.0127510723225354,0.5640766621272935,0.0,0.0,0.0,0.0,0.0,0.0,0.0,0.0,0.0
2023-12-05 03:53:40.165202,1,Adult Dataset,No Bias Mitigation,LogisticRegression,,['race'],{},0.8391157506908198,0.7436661698956781,0.5863689776733255,0.0759979367384508,0.1159211159211159,0.1120519724117485,0.4988685403213982,0.0148219526512368,0.6954126641883804,0.0,0.0,0.0,0.0,0.0,0.0,0.0,0.0,0.0
2023-12-05 03:53:40.118137,1,Adult Dataset,FYP VAE,LogisticRegression,,['race'],{'my model config': <src.ml_models.FYP_VAE.configs.VAEMaskConfig object at 0x00000231E3A8C820>},0.8068774946269573,0.6954225352112676,0.4641598119858989,0.0251945402241199,0.0081449414782748,0.0838273211488548,0.5530294682043584,0.0110884668801963,0.5923439909874025,0.0,0.0,0.0,0.0,0.0,0.0,0.0,0.0,0.0
2023-12-05 03:47:53.346664,1,Adult Dataset,No Bias Mitigation,RandomForestClassifier,,['race'],{},0.8572305802886091,0.7209302325581395,0.6449934980494149,0.0705724089197905,0.0986768691216323,0.108473622614332,0.5226129160063391,0.0136303103426464,0.6489142113018002,0.0,0.0,0.0,0.0,0.0,0.0,0.0,0.0,0.0
2023-12-05 03:47:53.233503,1,Adult Dataset,Reweighing Bias Mitigation,RandomForestClassifier,,['race'],{},0.8572305802886091,0.7190201729106628,0.6488946684005201,0.0643179637395921,0.087657420691854,0.1057473592605929,0.5375426509186352,0.0132877402809885,0.6207471715821092,0.0,0.0,0.0,0.0,0.0,0.0,0.0,0.0,0.0
2023-12-05 03:47:50.333947,1,Adult Dataset,FairBalance Bias Mitigation,RandomForestClassifier,,['race'],{},0.8569235492784771,0.7107093184979137,0.6644993498049415,0.0822472148646825,0.1201976725649609,0.1147498799663905,0.5171811868686869,0.0144189567751808,0.659362007709889,0.0,0.0,0.0,0.0,0.0,0.0,0.0,0.0,0.0
2023-12-05 03:47:47.362950,1,Adult Dataset,FairMask Bias Mitigation,RandomForestClassifier,DecisionTreeRegressor,['race'],{},0.8569235492784771,0.7173601147776184,0.6501950585175552,0.0443289847208426,0.0584449226845209,0.0921670567758972,0.5950191191983122,0.0115813001994994,0.5191617408463575,0.0,0.0,0.0,0.0,0.0,0.0,0.0,0.0,0.0
2023-12-05 03:47:43.276277,1,Adult Dataset,No Bias Mitigation,RandomForestClassifier,,['race'],{},0.8572305802886091,0.7209302325581395,0.6449934980494149,0.0705724089197905,0.0986768691216323,0.108473622614332,0.5226129160063391,0.0136303103426464,0.6489142113018002,0.0,0.0,0.0,0.0,0.0,0.0,0.0,0.0,0.0
2023-12-05 03:47:43.137223,1,Adult Dataset,FYP VAE,RandomForestClassifier,,['race'],{'my model config': <src.ml_models.FYP_VAE.configs.VAEMaskConfig object at 0x00000231E3A8C820>},0.8167024869511821,0.6877729257641921,0.4096228868660598,0.0044359832738598,0.0075522078750199,0.03786760292882,0.7409893267651888,0.0047582736467375,0.2997690576154423,0.0,0.0,0.0,0.0,0.0,0.0,0.0,0.0,0.0
2023-12-05 03:42:00.670011,1,Adult Dataset,No Bias Mitigation,MLPClassifier,,['race'],{},0.854467301197421,0.7218045112781954,0.6241872561768531,0.0270971670406749,0.0297505180934162,0.0806438302724762,0.6267534722222222,0.0101333430869333,0.4672020019156463,0.0,0.0,0.0,0.0,0.0,0.0,0.0,0.0,0.0
2023-12-05 03:42:00.640174,1,Adult Dataset,FairMask Bias Mitigation,MLPClassifier,DecisionTreeRegressor,['race'],{},0.854467301197421,0.7211394302848576,0.6254876462938882,0.018927232400152,0.0158616292045272,0.0764771636058096,0.6460381944444445,0.0096097783862046,0.4368966524203173,0.0,0.0,0.0,0.0,0.0,0.0,0.0,0.0,0.0
2023-12-05 03:41:29.690824,1,Adult Dataset,No Bias Mitigation,MLPClassifier,,['race'],{},0.854467301197421,0.7218045112781954,0.6241872561768531,0.0270971670406749,0.0297505180934162,0.0806438302724762,0.6267534722222222,0.0101333430869333,0.4672020019156463,0.0,0.0,0.0,0.0,0.0,0.0,0.0,0.0,0.0
2023-12-05 03:41:29.648692,1,Adult Dataset,FYP VAE,MLPClassifier,,['race'],{'my model config': <src.ml_models.FYP_VAE.configs.VAEMaskConfig object at 0x00000231E3A8C820>},0.8173165489714461,0.65,0.4902470741222366,0.0560060132558339,0.0965048621074445,0.0695827331652862,0.630532982791587,0.0087434550877357,0.4611898128255098,0.0,0.0,0.0,0.0,0.0,0.0,0.0,0.0,0.0
2023-12-05 03:34:42.653588,1,Adult Dataset,No Bias Mitigation,LogisticRegression,,['race'],{},0.8532391771568928,0.7221374045801526,0.6150845253576073,0.0611293899986511,0.0963255220787502,0.0917034269595486,0.5727174217002237,0.0115230425500485,0.5573628397547674,0.0,0.0,0.0,0.0,0.0,0.0,0.0,0.0,0.0
2023-12-05 03:34:42.616962,1,Adult Dataset,Reweighing Bias Mitigation,LogisticRegression,,['race'],{},0.8513969910961007,0.7216174183514774,0.6033810143042913,0.0216687589670014,0.0238522238163557,0.0336266654663305,0.8338411921708185,0.0042253764099317,0.1817123118163893,0.0,0.0,0.0,0.0,0.0,0.0,0.0,0.0,0.0
2023-12-05 03:34:41.677216,1,Adult Dataset,FairBalance Bias Mitigation,LogisticRegression,,['race'],{},0.8111759287688056,0.5679012345679012,0.8374512353706112,0.0146642279488405,0.0567511557468515,0.078490727403673,0.7818130630630631,0.009862793808739,0.2461396168052611,0.0,0.0,0.0,0.0,0.0,0.0,0.0,0.0,0.0
2023-12-05 03:34:40.714587,1,Adult Dataset,FairMask Bias Mitigation,LogisticRegression,DecisionTreeRegressor,['race'],{},0.8523180841264968,0.7181818181818181,0.6163849154746424,0.0492829847698929,0.0824366331898613,0.081286760292882,0.6212527964205816,0.0102141307982268,0.476017200300815,0.0,0.0,0.0,0.0,0.0,0.0,0.0,0.0,0.0
2023-12-05 03:34:39.782085,1,Adult Dataset,No Bias Mitigation,LogisticRegression,,['race'],{},0.8532391771568928,0.7221374045801526,0.6150845253576073,0.0611293899986511,0.0963255220787502,0.0917034269595486,0.5727174217002237,0.0115230425500485,0.5573628397547674,0.0,0.0,0.0,0.0,0.0,0.0,0.0,0.0,0.0
2023-12-05 03:34:39.730784,1,Adult Dataset,FYP VAE,LogisticRegression,,['race'],{'my model config': <src.ml_models.FYP_VAE.configs.VAEMaskConfig object at 0x00000231E3A8C820>},0.8213079521031624,0.6684684684684684,0.482444733420026,0.0624581539933046,0.1185437589670014,0.0654670807826191,0.6363958333333333,0.0082263006138074,0.451934529784858,0.0,0.0,0.0,0.0,0.0,0.0,0.0,0.0,0.0
2023-12-05 03:29:03.751346,1,Adult Dataset,No Bias Mitigation,RandomForestClassifier,,['race'],{},0.8458704329137243,0.6680672268907563,0.6428571428571429,0.0398662433383715,0.0570199031737492,0.0852945206201321,0.6319356012370383,0.0106807576020812,0.458967786803947,0.0,0.0,0.0,0.0,0.0,0.0,0.0,0.0,0.0
2023-12-05 03:29:03.630375,1,Adult Dataset,Reweighing Bias Mitigation,RandomForestClassifier,,['race'],{},0.8498618360454406,0.6774193548387096,0.6509433962264151,0.0231063233171871,0.0326340326340326,0.0751271114349853,0.6732734856372077,0.0094075734378677,0.3956036639223174,0.0,0.0,0.0,0.0,0.0,0.0,0.0,0.0,0.0
2023-12-05 03:29:00.634944,1,Adult Dataset,FairBalance Bias Mitigation,RandomForestClassifier,,['race'],{},0.842800122812404,0.6529255319148937,0.6617250673854448,0.040747949746244,0.0444683521606598,0.0965166121885449,0.6061385238297115,0.0120860112919915,0.5006467318571493,0.0,0.0,0.0,0.0,0.0,0.0,0.0,0.0,0.0
2023-12-05 03:28:57.635242,1,Adult Dataset,FairMask Bias Mitigation,RandomForestClassifier,DecisionTreeRegressor,['race'],{},0.8461774639238563,0.6718972895863052,0.6347708894878706,0.046433530412062,0.0647749686211224,0.0904241464299641,0.6042697591671333,0.0113231000347,0.5037345596152185,0.0,0.0,0.0,0.0,0.0,0.0,0.0,0.0,0.0
2023-12-05 03:28:53.567699,1,Adult Dataset,No Bias Mitigation,RandomForestClassifier,,['race'],{},0.8458704329137243,0.6680672268907563,0.6428571428571429,0.0398662433383715,0.0570199031737492,0.0852945206201321,0.6319356012370383,0.0106807576020812,0.458967786803947,0.0,0.0,0.0,0.0,0.0,0.0,0.0,0.0,0.0
2023-12-05 03:28:53.430459,1,Adult Dataset,FYP VAE,RandomForestClassifier,,['race'],{'my model config': <src.ml_models.FYP_VAE.configs.VAEMaskConfig object at 0x00000231E3A8C820>},0.8127110838194658,0.6085526315789473,0.4986522911051212,0.0162671092739787,0.0151515151515151,0.0594107630299572,0.6959438113070883,0.0074395395420967,0.3624863527872506,0.0,0.0,0.0,0.0,0.0,0.0,0.0,0.0,0.0
2023-12-05 03:23:07.735520,1,Adult Dataset,No Bias Mitigation,MLPClassifier,,['race'],{},0.8446423088731962,0.656084656084656,0.6684636118598383,0.0822167570319682,0.1017572171418325,0.1273786814136507,0.4921300492847409,0.0159506239083171,0.7090122696037566,0.0,0.0,0.0,0.0,0.0,0.0,0.0,0.0,0.0
2023-12-05 03:23:07.705555,1,Adult Dataset,FairMask Bias Mitigation,MLPClassifier,DecisionTreeRegressor,['race'],{},0.8452563708934603,0.6545454545454545,0.6792452830188679,0.0211931977537551,0.0028240989779451,0.0980899784847804,0.6089066711489168,0.0122830314980634,0.4960902723610849,0.0,0.0,0.0,0.0,0.0,0.0,0.0,0.0,0.0
2023-12-05 03:22:36.063598,1,Adult Dataset,No Bias Mitigation,MLPClassifier,,['race'],{},0.8446423088731962,0.656084656084656,0.6684636118598383,0.0822167570319682,0.1017572171418325,0.1273786814136507,0.4921300492847409,0.0159506239083171,0.7090122696037566,0.0,0.0,0.0,0.0,0.0,0.0,0.0,0.0,0.0
2023-12-05 03:22:36.021473,1,Adult Dataset,FYP VAE,MLPClassifier,,['race'],{'my model config': <src.ml_models.FYP_VAE.configs.VAEMaskConfig object at 0x00000231E3A8C820>},0.8185446730119742,0.6239737274220033,0.5121293800539084,0.0171505583975127,0.0532096109019185,0.0524149290630114,0.7307558449794662,0.006563506635386,0.313675876419327,0.0,0.0,0.0,0.0,0.0,0.0,0.0,0.0,0.0
2023-12-05 03:16:09.540686,1,Adult Dataset,No Bias Mitigation,LogisticRegression,,['race'],{},0.8510899600859687,0.69558599695586,0.6159029649595688,0.0615414643238439,0.077326519634212,0.1064657073900036,0.5101519853695032,0.013331857724262,0.6730465871316454,0.0,0.0,0.0,0.0,0.0,0.0,0.0,0.0,0.0
2023-12-05 03:16:09.512582,1,Adult Dataset,Reweighing Bias Mitigation,LogisticRegression,,['race'],{},0.8498618360454406,0.6931297709923664,0.6118598382749326,0.0605434150379278,0.1266810112963959,0.0419968352000433,0.7973798523942351,0.0052589312134587,0.2264241109778221,0.0,0.0,0.0,0.0,0.0,0.0,0.0,0.0,0.0
2023-12-05 03:16:08.729793,1,Adult Dataset,FairBalance Bias Mitigation,LogisticRegression,,['race'],{},0.7988946883635247,0.5370843989769821,0.8490566037735849,0.0141489718694053,0.0658956428187197,0.0886369829910822,0.7624665614925578,0.0110993077049323,0.2711966252424276,0.0,0.0,0.0,0.0,0.0,0.0,0.0,0.0,0.0
2023-12-05 03:16:07.928074,1,Adult Dataset,FairMask Bias Mitigation,LogisticRegression,DecisionTreeRegressor,['race'],{},0.8510899600859687,0.6920777279521674,0.623989218328841,0.0088053654712402,0.0135825712748789,0.0813611048795433,0.625658095264485,0.0101882070869016,0.4689512307881301,0.0,0.0,0.0,0.0,0.0,0.0,0.0,0.0,0.0
2023-12-05 03:16:07.254903,1,Adult Dataset,No Bias Mitigation,LogisticRegression,,['race'],{},0.8510899600859687,0.69558599695586,0.6159029649595688,0.0615414643238439,0.077326519634212,0.1064657073900036,0.5101519853695032,0.013331857724262,0.6730465871316454,0.0,0.0,0.0,0.0,0.0,0.0,0.0,0.0,0.0
2023-12-05 03:16:07.213386,1,Adult Dataset,FYP VAE,LogisticRegression,,['race'],{'my model config': <src.ml_models.FYP_VAE.configs.VAEMaskConfig object at 0x00000231E3A8C820>},0.8219220141234265,0.6411149825783972,0.4959568733153638,0.0144711870816102,0.0543302850995158,0.0569837137768168,0.6913104472012201,0.0071356193773237,0.3691662837464106,0.0,0.0,0.0,0.0,0.0,0.0,0.0,0.0,0.0
2023-12-05 03:10:23.142932,1,Adult Dataset,No Bias Mitigation,RandomForestClassifier,,['race'],{},0.8504758980657047,0.7231638418079096,0.6376089663760897,0.0540615065782196,0.0616454502593115,0.0821448235440385,0.6423600371172286,0.0104637525712786,0.4426063270062522,0.0,0.0,0.0,0.0,0.0,0.0,0.0,0.0,0.0
2023-12-05 03:10:23.033969,1,Adult Dataset,Reweighing Bias Mitigation,RandomForestClassifier,,['race'],{},0.8520110531163647,0.7257383966244726,0.6425902864259029,0.065599411238408,0.0791342527109854,0.0904592117649148,0.6098418109391757,0.0115228540139661,0.4945556817748872,0.0,0.0,0.0,0.0,0.0,0.0,0.0,0.0,0.0
2023-12-05 03:10:20.118468,1,Adult Dataset,FairBalance Bias Mitigation,RandomForestClassifier,,['race'],{},0.8483266809947805,0.704635761589404,0.6625155666251556,0.0806683667671484,0.101765087223008,0.1015287817700655,0.5889865545010066,0.0129329153739768,0.5293519232634204,0.0,0.0,0.0,0.0,0.0,0.0,0.0,0.0,0.0
2023-12-05 03:10:17.132482,1,Adult Dataset,FairMask Bias Mitigation,RandomForestClassifier,DecisionTreeRegressor,['race'],{},0.8495548050353086,0.7219858156028369,0.6338729763387297,0.047229460142663,0.0692332626119754,0.0665994707209207,0.7058788924621539,0.008483558098195,0.3483115966255143,0.0,0.0,0.0,0.0,0.0,0.0,0.0,0.0,0.0
2023-12-05 03:10:13.043117,1,Adult Dataset,No Bias Mitigation,RandomForestClassifier,,['race'],{},0.8504758980657047,0.7231638418079096,0.6376089663760897,0.0540615065782196,0.0616454502593115,0.0821448235440385,0.6423600371172286,0.0104637525712786,0.4426063270062522,0.0,0.0,0.0,0.0,0.0,0.0,0.0,0.0,0.0
2023-12-05 03:10:12.902375,1,Adult Dataset,FYP VAE,RandomForestClassifier,,['race'],{'my model config': <src.ml_models.FYP_VAE.configs.VAEMaskConfig object at 0x00000231E3A8C820>},0.8065704636168253,0.7331536388140162,0.3387297633872976,0.0266011337383961,0.0416224658180103,0.0351602046072145,0.7049739195230998,0.0044787689046308,0.3495944704384034,0.0,0.0,0.0,0.0,0.0,0.0,0.0,0.0,0.0
2023-12-05 03:04:27.233430,1,Adult Dataset,No Bias Mitigation,MLPClassifier,,['race'],{},0.8452563708934603,0.7241379310344828,0.6014943960149439,0.0779668917821135,0.1152758132956153,0.0866206063620055,0.6022347279993475,0.0110338856843515,0.5071079960496989,0.0,0.0,0.0,0.0,0.0,0.0,0.0,0.0,0.0
2023-12-05 03:04:27.203354,1,Adult Dataset,FairMask Bias Mitigation,MLPClassifier,DecisionTreeRegressor,['race'],{},0.8449493398833282,0.7191176470588235,0.6089663760896638,0.0377883203535421,0.0527758132956153,0.0599812620997105,0.724563657124215,0.0076405190058982,0.3221856575556869,0.0,0.0,0.0,0.0,0.0,0.0,0.0,0.0,0.0
2023-12-05 03:03:46.457188,1,Adult Dataset,No Bias Mitigation,MLPClassifier,,['race'],{},0.8452563708934603,0.7241379310344828,0.6014943960149439,0.0779668917821135,0.1152758132956153,0.0866206063620055,0.6022347279993475,0.0110338856843515,0.5071079960496989,0.0,0.0,0.0,0.0,0.0,0.0,0.0,0.0,0.0
2023-12-05 03:03:46.409811,1,Adult Dataset,FYP VAE,MLPClassifier,,['race'],{'my model config': <src.ml_models.FYP_VAE.configs.VAEMaskConfig object at 0x00000231E3A8C820>},0.8120970217992017,0.7098901098901099,0.4022415940224159,0.0307801309535732,0.0309405940594059,0.0510341367245084,0.6536433220829315,0.0065008183879995,0.4251934553762884,0.0,0.0,0.0,0.0,0.0,0.0,0.0,0.0,0.0
2023-12-05 02:57:16.660271,1,Adult Dataset,No Bias Mitigation,LogisticRegression,,['race'],{},0.8477126189745164,0.7471819645732689,0.5778331257783312,0.0951504927940388,0.1475571664309288,0.0941113262170754,0.5403981264637002,0.0119880667972027,0.6154491398456631,0.0,0.0,0.0,0.0,0.0,0.0,0.0,0.0,0.0
2023-12-05 02:57:16.631689,1,Adult Dataset,Reweighing Bias Mitigation,LogisticRegression,,['race'],{},0.8523180841264968,0.7580128205128205,0.589041095890411,0.0097681660486264,0.0290104903347477,0.0325263899496178,0.8344382835101254,0.0041432689460616,0.1809964948642463,0.0,0.0,0.0,0.0,0.0,0.0,0.0,0.0,0.0
2023-12-05 02:57:15.850958,1,Adult Dataset,FairBalance Bias Mitigation,LogisticRegression,,['race'],{},0.8130181148295977,0.5846422338568935,0.8343711083437111,0.0005613615979662,0.0224834983498349,0.0499092706723738,0.8611067633248208,0.0063575309654018,0.1495367830258538,0.0,0.0,0.0,0.0,0.0,0.0,0.0,0.0,0.0
2023-12-05 02:57:15.107874,1,Adult Dataset,FairMask Bias Mitigation,LogisticRegression,DecisionTreeRegressor,['race'],{},0.8477126189745164,0.7417322834645669,0.5865504358655044,0.049763588032134,0.0746404997642621,0.0654228016269115,0.6805013444357706,0.0083336719127145,0.3849254812338308,0.0,0.0,0.0,0.0,0.0,0.0,0.0,0.0,0.0
2023-12-05 02:57:14.338254,1,Adult Dataset,No Bias Mitigation,LogisticRegression,,['race'],{},0.8477126189745164,0.7471819645732689,0.5778331257783312,0.0951504927940388,0.1475571664309288,0.0941113262170754,0.5403981264637002,0.0119880667972027,0.6154491398456631,0.0,0.0,0.0,0.0,0.0,0.0,0.0,0.0,0.0
2023-12-05 02:57:14.293385,1,Adult Dataset,FYP VAE,LogisticRegression,,['race'],{'my model config': <src.ml_models.FYP_VAE.configs.VAEMaskConfig object at 0x00000231E3A8C820>},0.8185446730119742,0.6941391941391941,0.4719800747198007,0.0104879104482925,0.0199935172088637,0.0188193050695936,0.8895960683523202,0.0023972362872758,0.1169877750635709,0.0,0.0,0.0,0.0,0.0,0.0,0.0,0.0,0.0
2023-12-05 02:51:24.401046,1,Adult Dataset,No Bias Mitigation,RandomForestClassifier,,['race'],{},0.8446423088731962,0.7108603667136812,0.6260869565217392,0.0908435920107422,0.1333299229247663,0.1122397178936299,0.5205243387677652,0.0140061570228418,0.6529186316596052,0.0,0.0,0.0,0.0,0.0,0.0,0.0,0.0,0.0
2023-12-05 02:51:24.287135,1,Adult Dataset,Reweighing Bias Mitigation,RandomForestClassifier,,['race'],{},0.84218606079214,0.7093525179856115,0.6124223602484472,0.0619273478981736,0.0769558693131438,0.0998242878596962,0.5621272168173262,0.0124568617660042,0.57602709026137,0.0,0.0,0.0,0.0,0.0,0.0,0.0,0.0,0.0
2023-12-05 02:51:21.346873,1,Adult Dataset,FairBalance Bias Mitigation,RandomForestClassifier,,['race'],{},0.8409579367516119,0.6915887850467289,0.6434782608695652,0.0954418507210987,0.1389400450173931,0.1167813403678623,0.5272650544934131,0.0145728964864321,0.6400519071747129,0.0,0.0,0.0,0.0,0.0,0.0,0.0,0.0,0.0
2023-12-05 02:51:18.427453,1,Adult Dataset,FairMask Bias Mitigation,RandomForestClassifier,DecisionTreeRegressor,['race'],{},0.8437212158428001,0.7049861495844876,0.6322981366459627,0.0299434993394588,0.0166939499352022,0.0873892167438712,0.6272555034283652,0.010905115540096,0.4664013198747491,0.0,0.0,0.0,0.0,0.0,0.0,0.0,0.0,0.0
2023-12-05 02:51:14.143640,1,Adult Dataset,No Bias Mitigation,RandomForestClassifier,,['race'],{},0.8446423088731962,0.7108603667136812,0.6260869565217392,0.0908435920107422,0.1333299229247663,0.1122397178936299,0.5205243387677652,0.0140061570228418,0.6529186316596052,0.0,0.0,0.0,0.0,0.0,0.0,0.0,0.0,0.0
2023-12-05 02:51:14.000491,1,Adult Dataset,FYP VAE,RandomForestClassifier,,['race'],{'my model config': <src.ml_models.FYP_VAE.configs.VAEMaskConfig object at 0x00000231E3A8C820>},0.8102548357384096,0.7231503579952268,0.3763975155279503,0.0301850712229777,0.0341552417979674,0.0571691459755423,0.5827102494541123,0.0071340168206236,0.5400652153977704,0.0,0.0,0.0,0.0,0.0,0.0,0.0,0.0,0.0
2023-12-05 02:45:12.869877,1,Adult Dataset,No Bias Mitigation,MLPClassifier,,['race'],{},0.8461774639238563,0.7222222222222222,0.613664596273292,0.065055638426534,0.0920639792647158,0.0958688761372942,0.5720524164722068,0.0119632743023717,0.5585246546115971,0.0,0.0,0.0,0.0,0.0,0.0,0.0,0.0,0.0
2023-12-05 02:45:12.840719,1,Adult Dataset,FairMask Bias Mitigation,MLPClassifier,DecisionTreeRegressor,['race'],{},0.8443352778630642,0.717201166180758,0.6111801242236025,0.075355816740431,0.1167553372894072,0.0965880419050036,0.5702218487394958,0.0120530174775776,0.5617297855605454,0.0,0.0,0.0,0.0,0.0,0.0,0.0,0.0,0.0
2023-12-05 02:44:40.591083,1,Adult Dataset,No Bias Mitigation,MLPClassifier,,['race'],{},0.8461774639238563,0.7222222222222222,0.613664596273292,0.065055638426534,0.0920639792647158,0.0958688761372942,0.5720524164722068,0.0119632743023717,0.5585246546115971,0.0,0.0,0.0,0.0,0.0,0.0,0.0,0.0,0.0
2023-12-05 02:44:40.545201,1,Adult Dataset,FYP VAE,MLPClassifier,,['race'],{'my model config': <src.ml_models.FYP_VAE.configs.VAEMaskConfig object at 0x00000231E3A8C820>},0.7927540681608842,0.6164874551971327,0.4273291925465838,0.0263451263844133,0.0633312870881931,0.0333384702316741,0.8107871720116617,0.0041602371934745,0.2097496859260208,0.0,0.0,0.0,0.0,0.0,0.0,0.0,0.0,0.0
2023-12-05 02:38:10.291565,1,Adult Dataset,No Bias Mitigation,LogisticRegression,,['race'],{},0.8437212158428001,0.7228915662650602,0.5962732919254659,0.0638099332074977,0.0864538571720892,0.0960584881201671,0.5591771362010151,0.0119869355807085,0.5812889755203503,0.0,0.0,0.0,0.0,0.0,0.0,0.0,0.0,0.0
2023-12-05 02:38:10.263560,1,Adult Dataset,Reweighing Bias Mitigation,LogisticRegression,,['race'],{},0.8452563708934603,0.7311827956989247,0.591304347826087,0.011136679783796,0.0288861605620353,0.0470962926702504,0.7722177566678845,0.0058770467594936,0.2584887005084746,0.0,0.0,0.0,0.0,0.0,0.0,0.0,0.0,0.0
2023-12-05 02:38:09.490681,1,Adult Dataset,FairBalance Bias Mitigation,LogisticRegression,,['race'],{},0.8087196806877495,0.5791304347826087,0.8273291925465839,0.0295438934151562,0.013914466953141,0.0961257210543333,0.7381727421624869,0.0119953254363738,0.3035774138004488,0.0,0.0,0.0,0.0,0.0,0.0,0.0,0.0,0.0
2023-12-05 02:38:08.665392,1,Adult Dataset,FairMask Bias Mitigation,LogisticRegression,DecisionTreeRegressor,['race'],{},0.8431071538225361,0.7200598802395209,0.5975155279503106,0.0538396253468945,0.0741081781597434,0.0876551267756293,0.5977410766286713,0.0109382978905923,0.5145976010216781,0.0,0.0,0.0,0.0,0.0,0.0,0.0,0.0,0.0
2023-12-05 02:38:07.953240,1,Adult Dataset,No Bias Mitigation,LogisticRegression,,['race'],{},0.8437212158428001,0.7228915662650602,0.5962732919254659,0.0638099332074977,0.0864538571720892,0.0960584881201671,0.5591771362010151,0.0119869355807085,0.5812889755203503,0.0,0.0,0.0,0.0,0.0,0.0,0.0,0.0,0.0
2023-12-05 02:38:07.909357,1,Adult Dataset,FYP VAE,LogisticRegression,,['race'],{'my model config': <src.ml_models.FYP_VAE.configs.VAEMaskConfig object at 0x00000231E3A8C820>},0.8136321768498619,0.6853932584269663,0.4546583850931677,0.0216911470550457,0.0250835550098902,0.0542335596590308,0.684469603741078,0.0067676912125877,0.3791110417537619,0.0,0.0,0.0,0.0,0.0,0.0,0.0,0.0,0.0
2023-12-05 00:10:13.835068,2,Compas Dataset,FYP VAE,LogisticRegression,,['race'],{'my model config': <src.ml_models.FYP_VAE.configs.VAEMaskConfig object at 0x0000019FC6BEDF10>},0.6759388038942976,0.677925496018356,0.780532499042268,0.0975019825277668,0.0782112068965517,0.1270634414994986,0.8220683952387705,0.0288609779074243,,0.0001566849336797,0.0002767289953027,0.0008540187103826,0.000163379535476,3.846332491082227e-06,0.0001536738576172,0.0005195670397647,7.344474191213478e-06,
2023-12-05 00:10:13.814148,1,Compas Dataset,FYP VAE,LogisticRegression,,['race'],{'my model config': <src.ml_models.FYP_VAE.configs.VAEMaskConfig object at 0x0000019FC6BEDF10>},0.6884561891515995,0.694560669456067,0.8097560975609757,0.084719982078853,0.0762499999999999,0.1146669154693039,0.8448624084827064,0.0261509088693344,,0.0,0.0,0.0,0.0,0.0,0.0,0.0,0.0,
2023-12-05 00:09:17.761743,1,Compas Dataset,FYP VAE,LogisticRegression,,['race'],{'my model config': <src.ml_models.FYP_VAE.configs.VAEMaskConfig object at 0x0000019FC6BEDF10>},0.6634214186369958,0.6612903225806451,0.7513089005235603,0.1102839829766807,0.0801724137931034,0.1394599675296932,0.7992743819948346,0.0315710469455142,,0.0,0.0,0.0,0.0,0.0,0.0,0.0,0.0,
2023-12-05 00:06:29.593871,2,Adult Dataset,FYP VAE,LogisticRegression,,['race'],{'my model config': <src.ml_models.FYP_VAE.configs.VAEMaskConfig object at 0x0000019FC6BEDF70>},0.8179306109917102,0.6672327251961168,0.5257996632996633,0.0189507292139879,0.0569772682797308,0.0376258168966075,0.8186342131879641,0.004671122842664,,4.986779378564288e-05,0.0015173238854015,0.0003382750768062,1.968668915577656e-05,0.0004836824283663,0.0003108415269129,0.0050633753647012,5.326917482478442e-06,
2023-12-05 00:06:29.572334,1,Adult Dataset,FYP VAE,LogisticRegression,,['race'],{'my model config': <src.ml_models.FYP_VAE.configs.VAEMaskConfig object at 0x0000019FC6BEDF70>},0.8249923242247467,0.7061855670103093,0.5074074074074074,0.0145137607493967,0.0349844870011768,0.0199951184727519,0.8897916117119493,0.0023631112563676,,0.0,0.0,0.0,0.0,0.0,0.0,0.0,0.0,
2023-12-05 00:02:38.514606,1,Adult Dataset,FYP VAE,LogisticRegression,,['race'],{'my model config': <src.ml_models.FYP_VAE.configs.VAEMaskConfig object at 0x0000019FC6BEDF70>},0.8108688977586737,0.6282798833819242,0.5441919191919192,0.0233876976785791,0.0789700495582849,0.0552565153204631,0.747476814663979,0.0069791344289604,,0.0,0.0,0.0,0.0,0.0,0.0,0.0,0.0,
