data,ML method,sensitive attrs,bias mitigation,other,accuracy,precision,recall,f1score,mean_pred,sex|unprivileged mean_pred,sex|privileged mean_pred,sex|unprivileged acc,sex|privileged acc,sex|[AOD] Average Odds Difference,sex|[EOD] Equal Opportunity Difference,sex|[SPD] Statistical Parity Difference,sex|[ERD] Error Rate Difference,sex|[A_AOD] Absolute Average Odds Difference,sex|[A_EOD] Absolute Equal Opportunity Difference,sex|[A_SPD] Absolute Statistical Parity Difference,sex|[DI] Disparate Impact,sex|[DI_FM] Disparate Impact the way it was implemented in FairMask,sex|[FR] Flip Rate,sex|[SF] Statistical Parity Subgroup Fairness for One Attribute,sex|[DF] Differential Fairness for One Attribute,[SF] Statistical Parity Subgroup Fairness,[SF] Statistical Parity Subgroup Fairness if 0 was the positive label,[DF] Differential Fairness,[DF] Differential Fairness if 0 was the positive label,[MEOD] M Equal Opportunity Difference,[MAOD] M Average Odds Difference,id,TPR,FPR,FNR,TNR,MCC
Adult Dataset,LogisticRegression,['sex'],FYP VAE,"{'c': 'FYP', 'my model config': ""VAEMaskConfig(epochs=1500, latent_dim=30, mask_values=None vae_layers=(75, 60, 30, 30), lr=0.006, \nlosses_used=['Flipped ADV loss', 'Latent sens ADV loss', 'Reconstruction loss', 'KL divergence loss'])Flipped ADV loss: {'weight': 0.01, 'lr': 0.05, 'optimizer': 'Adam', 'layers': (75, 30, 10), 'input_dim': 25, 'sens_col_ids': [24]}, Latent sens ADV loss: {'weight': 0.1, 'lr': 0.05, 'optimizer': 'Adam', 'layers': (75, 30, 10), 'input_dim': 29}, Reconstruction loss: {'weight': 15}, KL divergence loss: {'weight': 0.05}, Sensitive KL loss: {'weight': 9000, 'sens_col_ids': [24]}, Pos Y vec loss: {'weight': 1200000}""}",0.015282413221409897,0.14192367988189902,0.10788111583860956,0.12097915570994235,0.04154823059359559,0.04475227417273824,0.045695064106548486,0.02700483800004381,0.02119362880171286,0.050585586680624954,0.0808379283685835,0.03888121220833852,0.03689706305189025,0.038213479728241184,0.05873989688524961,0.03660061369162143,0.18378923485234044,0.3512505686961786,0.037675799475412886,0.008111465426839819,0.23853617433153965,0.008111465426839819,0.008111465426839815,0.23853617433153965,0.043724463227345294,0.05873989688524961,0.038213479728241184,2.544865470322699e+18,0.026139858989590745,0.017806739828562054,0.009183275651731144,0.011365537523367029,0.037938136746963405
Adult Dataset,LogisticRegression,['sex'],FYP VAE,"{'c': 'FYP', 'my model config': ""VAEMaskConfig(epochs=1500, latent_dim=30, mask_values=None vae_layers=(75, 60, 30, 30), lr=0.006, \nlosses_used=['Flipped ADV loss', 'Pos Y vec loss', 'Reconstruction loss', 'KL divergence loss'])Flipped ADV loss: {'weight': 0.01, 'lr': 0.05, 'optimizer': 'Adam', 'layers': (75, 30, 10), 'input_dim': 25, 'sens_col_ids': [24]}, Pos Y vec loss: {'weight': 1200000}, Reconstruction loss: {'weight': 15}, KL divergence loss: {'weight': 0.05}, Latent sens ADV loss: {'weight': 0.1, 'lr': 0.05, 'optimizer': 'Adam', 'layers': (75, 30, 10), 'input_dim': 29}, Sensitive KL loss: {'weight': 9000, 'sens_col_ids': [24]}""}",0.011532858622049015,0.036510422846223904,0.04470694903788383,0.03575884242235235,0.01887780781833055,0.023319079232078013,0.020810805639369052,0.02599613074485461,0.009792404566933645,0.04655655875590634,0.0996470816176713,0.022681470044062596,0.026434178441761897,0.037521722408368756,0.06387749156861627,0.019085907480308428,0.12369363810915289,0.15497663093927488,0.03128123724215828,0.004202767821492092,0.12409849134123847,0.004202767821492092,0.004202767821492083,0.12409849134123847,0.022753208466459104,0.06387749156861627,0.03752172240836876,2.544865470322699e+18,0.012049368705326849,0.010259202446203044,0.011020262345616236,0.01415281328055685,0.0372203128856103
Adult Dataset,LogisticRegression,['sex'],FYP VAE,"{'c': 'FYP', 'my model config': ""VAEMaskConfig(epochs=1500, latent_dim=30, mask_values=None vae_layers=(75, 60, 30, 30), lr=0.006, \nlosses_used=['Flipped ADV loss', 'Reconstruction loss', 'KL divergence loss'])Flipped ADV loss: {'weight': 0.01, 'lr': 0.05, 'optimizer': 'Adam', 'layers': (75, 30, 10), 'input_dim': 25, 'sens_col_ids': [24]}, Reconstruction loss: {'weight': 15}, KL divergence loss: {'weight': 0.05}, Latent sens ADV loss: {'weight': 0.1, 'lr': 0.05, 'optimizer': 'Adam', 'layers': (75, 30, 10), 'input_dim': 29}, Sensitive KL loss: {'weight': 9000, 'sens_col_ids': [24]}, Pos Y vec loss: {'weight': 1200000}""}",0.011766930660805718,0.10294363514557825,0.0797725521656197,0.08732129422249023,0.0313133413138814,0.03204822921132985,0.03447130710139928,0.023390000925137017,0.01717871525524731,0.04928593684781287,0.09840355428137953,0.02649378670190711,0.032522386893042494,0.03278971491167409,0.0556212470749012,0.02509927085964322,0.13190105704568855,0.25534753352114176,0.033671328267878796,0.005548410823033998,0.17161609318776455,0.005548410823033998,0.005548410823034002,0.17161609318776455,0.02980779709550044,0.0556212470749012,0.03278971491167408,2.544865470322699e+18,0.019562397545219535,0.013336109896714975,0.009487987582987476,0.01220352720710311,0.02766632421175339
Adult Dataset,LogisticRegression,['sex'],FYP VAE,"{'c': 'FYP', 'my model config': ""VAEMaskConfig(epochs=1500, latent_dim=30, mask_values=None vae_layers=(75, 60, 30, 30), lr=0.006, \nlosses_used=['Flipped ADV loss', 'Sensitive KL loss', 'Reconstruction loss', 'KL divergence loss'])Flipped ADV loss: {'weight': 0.01, 'lr': 0.05, 'optimizer': 'Adam', 'layers': (75, 30, 10), 'input_dim': 25, 'sens_col_ids': [24]}, Sensitive KL loss: {'weight': 9000, 'sens_col_ids': [24]}, Reconstruction loss: {'weight': 15}, KL divergence loss: {'weight': 0.05}, Latent sens ADV loss: {'weight': 0.1, 'lr': 0.05, 'optimizer': 'Adam', 'layers': (75, 30, 10), 'input_dim': 29}, Pos Y vec loss: {'weight': 1200000}""}",0.009908334316136289,0.03247028193374673,0.04736190115671741,0.038373889553388225,0.01829480331557412,0.02454064366576688,0.020635374220466414,0.025475298915721818,0.009253696675362896,0.05664045714490827,0.11652572515925215,0.02578130571418761,0.028032194544429914,0.04010699085599144,0.06766626725564925,0.021815627294753462,0.12902994652021424,0.15976046163290603,0.03649333132817305,0.004796360858922061,0.1285539664623371,0.004796360858922061,0.0047963608589220484,0.1285539664623371,0.02648488643376258,0.06766626725564925,0.04010699085599144,2.544865470322699e+18,0.013278075221183969,0.008564628620049143,0.010885548653125769,0.012146109407753687,0.038533655129176954
Adult Dataset,LogisticRegression,['sex'],FYP VAE,"{'c': 'FYP', 'my model config': ""VAEMaskConfig(epochs=1500, latent_dim=30, mask_values=None vae_layers=(75, 60, 30, 30), lr=0.006, \nlosses_used=['Latent sens ADV loss', 'Pos Y vec loss', 'Reconstruction loss', 'KL divergence loss'])Latent sens ADV loss: {'weight': 0.1, 'lr': 0.05, 'optimizer': 'Adam', 'layers': (75, 30, 10), 'input_dim': 29}, Pos Y vec loss: {'weight': 1200000}, Reconstruction loss: {'weight': 15}, KL divergence loss: {'weight': 0.05}, Flipped ADV loss: {'weight': 0.01, 'lr': 0.05, 'optimizer': 'Adam', 'layers': (75, 30, 10), 'input_dim': 25, 'sens_col_ids': [24]}, Sensitive KL loss: {'weight': 9000, 'sens_col_ids': [24]}""}",0.011838455218696602,0.033575471445444864,0.03423278303009159,0.02798444950707574,0.017171001733838957,0.03427960662922031,0.015667208819041115,0.029090860216912776,0.009538830193060828,0.058999561124754685,0.1054759820457017,0.03426748193201345,0.030270922507943592,0.05161775242633273,0.08016362813525366,0.021177509651332332,0.18066422475527016,0.1845275879918598,0.049819531043841854,0.00467232592110071,0.1371122607499376,0.00467232592110071,0.004672325921100709,0.1371122607499376,0.025286437624658986,0.08016362813525366,0.05161775242633272,2.544865470322699e+18,0.009903329045951549,0.010427980535550958,0.0083743430506336,0.015519419050476152,0.03131213251519849
Adult Dataset,LogisticRegression,['sex'],FYP VAE,"{'c': 'FYP', 'my model config': ""VAEMaskConfig(epochs=1500, latent_dim=30, mask_values=None vae_layers=(75, 60, 30, 30), lr=0.006, \nlosses_used=['Latent sens ADV loss', 'Reconstruction loss', 'KL divergence loss'])Latent sens ADV loss: {'weight': 0.1, 'lr': 0.05, 'optimizer': 'Adam', 'layers': (75, 30, 10), 'input_dim': 29}, Reconstruction loss: {'weight': 15}, KL divergence loss: {'weight': 0.05}, Flipped ADV loss: {'weight': 0.01, 'lr': 0.05, 'optimizer': 'Adam', 'layers': (75, 30, 10), 'input_dim': 25, 'sens_col_ids': [24]}, Sensitive KL loss: {'weight': 9000, 'sens_col_ids': [24]}, Pos Y vec loss: {'weight': 1200000}""}",0.018967280352740534,0.22522329176557293,0.16912905234325906,0.192452079027306,0.06569709239603014,0.06637681171008032,0.07029747079632791,0.03282568257240432,0.03025968788216227,0.06665450132019357,0.10821863491249582,0.04512986720056253,0.052494759887387346,0.053679187350225636,0.0783158158483335,0.03780006136851703,0.22264124429100338,0.48623667845739743,0.052141875195910056,0.008341887096985122,0.2692055440279874,0.008341887096985122,0.008341887096985114,0.2692055440279874,0.0448129956087572,0.0783158158483335,0.05367918735022562,2.544865470322699e+18,0.04062934955424266,0.02624270769142374,0.009268476203992022,0.013478310337578406,0.03715662615387726
Adult Dataset,LogisticRegression,['sex'],FYP VAE,"{'c': 'FYP', 'my model config': ""VAEMaskConfig(epochs=1500, latent_dim=30, mask_values=None vae_layers=(75, 60, 30, 30), lr=0.006, \nlosses_used=['Pos Y vec loss', 'Reconstruction loss', 'KL divergence loss'])Pos Y vec loss: {'weight': 1200000}, Reconstruction loss: {'weight': 15}, KL divergence loss: {'weight': 0.05}, Latent sens ADV loss: {'weight': 0.1, 'lr': 0.05, 'optimizer': 'Adam', 'layers': (75, 30, 10), 'input_dim': 29}, Flipped ADV loss: {'weight': 0.01, 'lr': 0.05, 'optimizer': 'Adam', 'layers': (75, 30, 10), 'input_dim': 25, 'sens_col_ids': [24]}, Sensitive KL loss: {'weight': 9000, 'sens_col_ids': [24]}""}",0.01044631949045002,0.03605688124630983,0.039709523411734955,0.02851947491250928,0.018057529261102073,0.023260017948962097,0.018362646114701734,0.02221385966596773,0.010255855853454812,0.042988969772118815,0.0888688463592041,0.018743388422215283,0.023887869652851734,0.03233068379944171,0.06142297290494061,0.018735134407783977,0.10119985891576604,0.16056322345509627,0.041759838033517425,0.004137346184461232,0.1265957800586993,0.004137346184461232,0.004137346184461231,0.1265957800586993,0.022179875063443343,0.06142297290494061,0.03233068379944171,2.544865470322699e+18,0.009871612916710468,0.010922490497239676,0.011217327556801207,0.013245012158676718,0.029683540602821353
Adult Dataset,LogisticRegression,['sex'],FYP VAE,"{'c': 'FYP', 'my model config': ""VAEMaskConfig(epochs=1500, latent_dim=30, mask_values=None vae_layers=(75, 60, 30, 30), lr=0.006, \nlosses_used=['Reconstruction loss', 'KL divergence loss'])Reconstruction loss: {'weight': 15}, KL divergence loss: {'weight': 0.05}, Latent sens ADV loss: {'weight': 0.1, 'lr': 0.05, 'optimizer': 'Adam', 'layers': (75, 30, 10), 'input_dim': 29}, Flipped ADV loss: {'weight': 0.01, 'lr': 0.05, 'optimizer': 'Adam', 'layers': (75, 30, 10), 'input_dim': 25, 'sens_col_ids': [24]}, Sensitive KL loss: {'weight': 9000, 'sens_col_ids': [24]}, Pos Y vec loss: {'weight': 1200000}""}",0.00997513415695725,0.03128806264180622,0.03741545146735163,0.030800092587289638,0.013937277294404271,0.023823979070591184,0.016663801712004118,0.026128826640854204,0.010079508633997203,0.05054465917387871,0.10143185632602875,0.02851948774647284,0.029593654526436006,0.03327879420575595,0.05703808262627896,0.02414054405503215,0.14145254749814448,0.22898200679630112,0.02925147883336852,0.005312297821718871,0.15812759926862935,0.005312297821718871,0.005312297821718868,0.15812759926862935,0.02877001312419828,0.05703808262627896,0.03327879420575595,2.544865470322699e+18,0.009898397555677358,0.0076809694052767715,0.010149292530904935,0.010797021195917966,0.03250294615886567
Adult Dataset,LogisticRegression,['sex'],FYP VAE,"{'c': 'FYP', 'my model config': ""VAEMaskConfig(epochs=1500, latent_dim=30, mask_values=None vae_layers=(75, 60, 30, 30), lr=0.006, \nlosses_used=['Sensitive KL loss', 'Latent sens ADV loss', 'Reconstruction loss', 'KL divergence loss'])Sensitive KL loss: {'weight': 9000, 'sens_col_ids': [24]}, Latent sens ADV loss: {'weight': 0.1, 'lr': 0.05, 'optimizer': 'Adam', 'layers': (75, 30, 10), 'input_dim': 29}, Reconstruction loss: {'weight': 15}, KL divergence loss: {'weight': 0.05}, Flipped ADV loss: {'weight': 0.01, 'lr': 0.05, 'optimizer': 'Adam', 'layers': (75, 30, 10), 'input_dim': 25, 'sens_col_ids': [24]}, Pos Y vec loss: {'weight': 1200000}""}",0.0101203001104848,0.034972849527101085,0.043417235723591206,0.03481138951685801,0.01620641614770921,0.025637537739701694,0.015449639738969187,0.02602870814961386,0.009355216991354436,0.07179065667047338,0.14779131409437157,0.022765517467983578,0.028581147999065692,0.04814268730456867,0.07817140776780364,0.016145029002506518,0.12531652051106298,0.1283486631961626,0.04940739016616474,0.0035827250832189024,0.10523317387019096,0.0035827250832189024,0.003582725083218909,0.10523317387019096,0.019188018415153774,0.07817140776780364,0.04814268730456867,2.544865470322699e+18,0.011232508746597357,0.009071284622952907,0.011390586284840958,0.010472528645995858,0.03649688949672274
Adult Dataset,LogisticRegression,['sex'],FYP VAE,"{'c': 'FYP', 'my model config': ""VAEMaskConfig(epochs=1500, latent_dim=30, mask_values=None vae_layers=(75, 60, 30, 30), lr=0.006, \nlosses_used=['Sensitive KL loss', 'Pos Y vec loss', 'Reconstruction loss', 'KL divergence loss'])Sensitive KL loss: {'weight': 9000, 'sens_col_ids': [24]}, Pos Y vec loss: {'weight': 1200000}, Reconstruction loss: {'weight': 15}, KL divergence loss: {'weight': 0.05}, Latent sens ADV loss: {'weight': 0.1, 'lr': 0.05, 'optimizer': 'Adam', 'layers': (75, 30, 10), 'input_dim': 29}, Flipped ADV loss: {'weight': 0.01, 'lr': 0.05, 'optimizer': 'Adam', 'layers': (75, 30, 10), 'input_dim': 25, 'sens_col_ids': [24]}""}",0.00890452364976608,0.028645707235937647,0.03831112595182826,0.028544405402861038,0.014911541752251,0.021200354585301118,0.01658807966003526,0.01961482468750894,0.010323440607866826,0.04256653838409199,0.08378792671911386,0.02220297179825654,0.023350529647292687,0.03780363870857437,0.06388313027584089,0.021739081716750593,0.11398694124808922,0.19429941851609064,0.0466562711174806,0.004801302471550689,0.14547207281428715,0.004801302471550689,0.004801302471550697,0.14547207281428715,0.025788661373062318,0.06388313027584089,0.03780363870857436,2.544865470322699e+18,0.0097102652637277,0.007859203485410344,0.010755854172569702,0.010616414643717983,0.028843826422016584
Adult Dataset,LogisticRegression,['sex'],FYP VAE,"{'c': 'FYP', 'my model config': ""VAEMaskConfig(epochs=1500, latent_dim=30, mask_values=None vae_layers=(75, 60, 30, 30), lr=0.006, \nlosses_used=['Sensitive KL loss', 'Reconstruction loss', 'KL divergence loss'])Sensitive KL loss: {'weight': 9000, 'sens_col_ids': [24]}, Reconstruction loss: {'weight': 15}, KL divergence loss: {'weight': 0.05}, Latent sens ADV loss: {'weight': 0.1, 'lr': 0.05, 'optimizer': 'Adam', 'layers': (75, 30, 10), 'input_dim': 29}, Flipped ADV loss: {'weight': 0.01, 'lr': 0.05, 'optimizer': 'Adam', 'layers': (75, 30, 10), 'input_dim': 25, 'sens_col_ids': [24]}, Pos Y vec loss: {'weight': 1200000}""}",0.012290133212358114,0.03703786649509175,0.041133292717511004,0.03429354164130666,0.015190241922646645,0.020825648340487772,0.017130536654220534,0.025930605534815823,0.010954878607149924,0.04574106049334982,0.09902370325006883,0.022408844653876322,0.026382591829205996,0.03704618819882638,0.06472715353838764,0.019325468397112355,0.1183982240352735,0.15628768275675242,0.018753833379092175,0.0042815717755964365,0.12364272302352203,0.0042815717755964365,0.004281571775596429,0.12364272302352203,0.023063060684873984,0.06472715353838764,0.037046188198826394,2.544865470322699e+18,0.010049715677147004,0.009490316310598063,0.011728588708817433,0.01166089674966513,0.03791532767724884
Adult Dataset,LogisticRegression,['sex'],FairBalance Bias Mitigation,{},0.0054947521483777,0.014527294233139452,0.014659557583683211,0.012542889594691912,0.010137866451169295,0.012017181719316943,0.014402212351087728,0.009438804174486993,0.008004455304469582,0.021474330606358772,0.035324026513693575,0.02036655210827853,0.01403455922377802,0.012869342755663742,0.03241739320273109,0.02036655210827853,0.040179791167667483,0.12786696530620642,0.006937565669504321,0.004499601923216624,0.07145560175425548,0.004499601923216624,0.004499601923216625,0.07145560175425548,0.03051498742936246,0.03241739320273109,0.012869342755663732,2.544865470322699e+18,0.008750470110595692,0.005320290412269899,0.0034970998283483986,0.009933331960862912,0.013742629065138843
Adult Dataset,LogisticRegression,['sex'],FairMask Bias Mitigation,{},0.005985358342790318,0.016407205187467154,0.01781186071086605,0.01255597059251379,0.006160226095290822,0.006700246339551072,0.008877890998783918,0.007344543688300343,0.008414186178966485,0.025318733195931184,0.050001881682321336,0.012277251966758424,0.012298622807005529,0.025318733195931184,0.050001881682321336,0.012277251966758424,0.030010738228914428,0.47651335647376675,0.0,0.0027229585103359477,0.11843526794768863,0.0027229585103359477,0.0027229585103359416,0.11843526794768863,0.015200557813788922,0.050001881682321336,0.025318733195931194,2.544865470322699e+18,0.005601689955237116,0.003502892312473971,0.006549744246737882,0.008368568357804784,0.014522649973105348
Adult Dataset,LogisticRegression,['sex'],LFR,{'c': 'LFR'},0.007429766565187279,0.021748114555466557,0.023409485087925817,0.01912643626437147,0.007936766458659565,0.013610421648822426,0.012470263571126853,0.008387188284383687,0.010008368836080592,0.04534757175226679,0.07930427730951946,0.02183850173219637,0.013091643157646203,0.04534757175226679,0.07483856630015202,0.02183850173219637,0.06729531598614363,0.8451327289401008,0.02089460566703998,0.004787101418792023,0.22984687233232923,0.004787101418792023,0.004787101418792026,0.22984687233232923,0.025804340465585413,0.07483856630015202,0.04534757175226678,2.544865470322699e+18,0.0071081075200386135,0.004329698337915187,0.007260022084500128,0.008889469223687272,0.021450145094630557
Adult Dataset,LogisticRegression,['sex'],No Bias Mitigation,{},0.005944999776518044,0.016328207878514696,0.018416754187094094,0.013057180188518692,0.00624869951713883,0.006737384552684834,0.008899272215330104,0.007885987513633182,0.008307529154815356,0.026850486006685277,0.05267106050013025,0.012130624379270115,0.012553233472222586,0.026850486006685277,0.05267106050013025,0.012130624379270115,0.02895790138033994,0.5936424631946804,0.00344254619996819,0.002704394716496351,0.12993643529799795,0.002704394716496351,0.0027043947164963563,0.12993643529799795,0.015041571656719875,0.05267106050013025,0.026850486006685263,2.544865470322699e+18,0.005802716349307545,0.003409430499296061,0.006581336452963896,0.00828178217889952,0.014903442310031816
Adult Dataset,LogisticRegression,['sex'],Reweighing Bias Mitigation,{},0.006648093569654673,0.014438714506448156,0.016995663906808137,0.012838992417588497,0.006505981921938042,0.008560994422429385,0.009603988593313859,0.007665410913525731,0.008348778008700186,0.02359417836711278,0.04345153565823266,0.014393481307451064,0.010831125516339387,0.02039580967990139,0.04185707752656145,0.014393481307451064,0.05234433133445937,0.19740940484885033,0.005775310241603555,0.003180906223055369,0.10093778160159232,0.003180906223055369,0.003180906223055366,0.10093778160159232,0.017310498738175903,0.04185707752656145,0.0203958096799014,2.544865470322699e+18,0.005601231467715334,0.003051743536859884,0.006402393682158812,0.009362464546049816,0.01480362157728792
Compas Dataset,LogisticRegression,['sex'],FYP VAE,"{'c': 'FYP', 'my model config': ""VAEMaskConfig(epochs=1800, latent_dim=17, mask_values=None vae_layers=(100, 75, 50), lr=0.006, \nlosses_used=['Flipped ADV loss', 'Latent sens ADV loss', 'Reconstruction loss', 'KL divergence loss'])Flipped ADV loss: {'weight': 0.01, 'lr': 0.05, 'optimizer': 'Adam', 'layers': (75, 30, 10), 'input_dim': 10, 'sens_col_ids': [7]}, Latent sens ADV loss: {'weight': 0.1, 'lr': 0.05, 'optimizer': 'Adam', 'layers': (75, 30, 10), 'input_dim': 16}, Reconstruction loss: {'weight': 15}, KL divergence loss: {'weight': 0.05}, Sensitive KL loss: {'weight': 9000, 'sens_col_ids': [7]}, Pos Y vec loss: {'weight': 1200000}""}",0.013579393002334152,0.020222554149738874,0.020943671762129343,0.013601070231557278,0.019124382793698377,0.04082040302613362,0.02137566743852283,0.03208358314191639,0.01629605680025998,0.04632742404449867,0.05064762804688998,0.04497954997881794,0.03837400179899633,0.030656288768297506,0.03098778977965075,0.033032267963110824,0.07331979328247328,0.045412819337810356,0.016245244542439224,0.005236391877344549,0.049815587583492964,0.005236391877344549,0.0052363918773445485,0.049815587583492964,0.10189577986687723,0.03098778977965075,0.03065628876829751,2.72365761164148e+18,0.015174349578368516,0.01589138246556147,0.01301236548134965,0.013223349183115136,0.0268912787762687
Compas Dataset,LogisticRegression,['sex'],FYP VAE,"{'c': 'FYP', 'my model config': ""VAEMaskConfig(epochs=1800, latent_dim=17, mask_values=None vae_layers=(100, 75, 50), lr=0.006, \nlosses_used=['Flipped ADV loss', 'Pos Y vec loss', 'Reconstruction loss', 'KL divergence loss'])Flipped ADV loss: {'weight': 0.01, 'lr': 0.05, 'optimizer': 'Adam', 'layers': (75, 30, 10), 'input_dim': 10, 'sens_col_ids': [7]}, Pos Y vec loss: {'weight': 1200000}, Reconstruction loss: {'weight': 15}, KL divergence loss: {'weight': 0.05}, Latent sens ADV loss: {'weight': 0.1, 'lr': 0.05, 'optimizer': 'Adam', 'layers': (75, 30, 10), 'input_dim': 16}, Sensitive KL loss: {'weight': 9000, 'sens_col_ids': [7]}""}",0.01325257395291584,0.021141732771092173,0.01949493780163121,0.013154461462503916,0.020774275467280064,0.03682807533134271,0.02382112704067999,0.03574591372879603,0.016359910978063014,0.04031641482108883,0.051988526499521834,0.041928024244335026,0.0430163870232051,0.02900803326680682,0.03469570418097599,0.03932264551780158,0.07063862466359509,0.05219522973656267,0.009294688349605862,0.006294884445535706,0.05886333671092412,0.006294884445535706,0.006294884445535706,0.05886333671092412,0.1244038361269657,0.03469570418097599,0.02900803326680683,2.72365761164148e+18,0.015421891396564245,0.017213588441539536,0.011947645128799903,0.014392576608878178,0.025084770216763412
Compas Dataset,LogisticRegression,['sex'],FYP VAE,"{'c': 'FYP', 'my model config': ""VAEMaskConfig(epochs=1800, latent_dim=17, mask_values=None vae_layers=(100, 75, 50), lr=0.006, \nlosses_used=['Flipped ADV loss', 'Reconstruction loss', 'KL divergence loss'])Flipped ADV loss: {'weight': 0.01, 'lr': 0.05, 'optimizer': 'Adam', 'layers': (75, 30, 10), 'input_dim': 10, 'sens_col_ids': [7]}, Reconstruction loss: {'weight': 15}, KL divergence loss: {'weight': 0.05}, Latent sens ADV loss: {'weight': 0.1, 'lr': 0.05, 'optimizer': 'Adam', 'layers': (75, 30, 10), 'input_dim': 16}, Sensitive KL loss: {'weight': 9000, 'sens_col_ids': [7]}, Pos Y vec loss: {'weight': 1200000}""}",0.013584140499310022,0.020586511103388886,0.0231477523554375,0.014159430869866726,0.021567207677216985,0.03953315750117698,0.022901893215691107,0.035671825071540104,0.01626865463623025,0.03888381031084502,0.0471970990882595,0.039494396818645174,0.042041842043479966,0.0286597762429162,0.03240960291448649,0.034643098779623925,0.0654563172965348,0.04558851745779291,0.011900068686426868,0.005534635544595703,0.05133435503475949,0.005534635544595703,0.005534635544595704,0.05133435503475949,0.11242003769705297,0.03240960291448649,0.02865977624291621,2.72365761164148e+18,0.01630862688683765,0.016548644570800623,0.014081865793962116,0.013725124300844029,0.026375992854577514
Compas Dataset,LogisticRegression,['sex'],FYP VAE,"{'c': 'FYP', 'my model config': ""VAEMaskConfig(epochs=1800, latent_dim=17, mask_values=None vae_layers=(100, 75, 50), lr=0.006, \nlosses_used=['Flipped ADV loss', 'Sensitive KL loss', 'Reconstruction loss', 'KL divergence loss'])Flipped ADV loss: {'weight': 0.01, 'lr': 0.05, 'optimizer': 'Adam', 'layers': (75, 30, 10), 'input_dim': 10, 'sens_col_ids': [7]}, Sensitive KL loss: {'weight': 9000, 'sens_col_ids': [7]}, Reconstruction loss: {'weight': 15}, KL divergence loss: {'weight': 0.05}, Latent sens ADV loss: {'weight': 0.1, 'lr': 0.05, 'optimizer': 'Adam', 'layers': (75, 30, 10), 'input_dim': 16}, Pos Y vec loss: {'weight': 1200000}""}",0.013647888366299163,0.02022911023516913,0.021169333902821996,0.013960260689321049,0.01877957772553222,0.03688579997625683,0.021248637053708008,0.03488645625980478,0.01625093163331627,0.04028730894615322,0.05175285656614912,0.04127457507314803,0.040894677663686776,0.02444613424462447,0.032284887885518546,0.031060111558737346,0.0678007420644596,0.0435469033701047,0.012924782268158769,0.004938731900918215,0.04744859446005369,0.004938731900918215,0.004938731900918202,0.04744859446005369,0.09247170985557082,0.032284887885518546,0.024446134244624478,2.72365761164148e+18,0.01531943744797321,0.01555399292635845,0.013143589437421457,0.01289981405732466,0.02668991684889627
Compas Dataset,LogisticRegression,['sex'],FYP VAE,"{'c': 'FYP', 'my model config': ""VAEMaskConfig(epochs=1800, latent_dim=17, mask_values=None vae_layers=(100, 75, 50), lr=0.006, \nlosses_used=['Latent sens ADV loss', 'Pos Y vec loss', 'Reconstruction loss', 'KL divergence loss'])Latent sens ADV loss: {'weight': 0.1, 'lr': 0.05, 'optimizer': 'Adam', 'layers': (75, 30, 10), 'input_dim': 16}, Pos Y vec loss: {'weight': 1200000}, Reconstruction loss: {'weight': 15}, KL divergence loss: {'weight': 0.05}, Flipped ADV loss: {'weight': 0.01, 'lr': 0.05, 'optimizer': 'Adam', 'layers': (75, 30, 10), 'input_dim': 10, 'sens_col_ids': [7]}, Sensitive KL loss: {'weight': 9000, 'sens_col_ids': [7]}""}",0.011926454161161802,0.019641870296225283,0.018755109134180558,0.012503216938297796,0.018696992499160327,0.04350711021532722,0.02144609124630006,0.032436553454754664,0.01458486079192688,0.04943152051629012,0.054813933519349115,0.048897374929962614,0.03863081700266236,0.031147976491441937,0.029376642047954937,0.04257078627024565,0.08118342385710418,0.05733903092821831,0.019936048769527388,0.0066464197991780855,0.06383317520741473,0.0066464197991780855,0.006646419799178079,0.06383317520741473,0.13205628034155806,0.029376642047954937,0.031147976491441947,2.72365761164148e+18,0.015008705870763792,0.01524153489654614,0.011606511074377532,0.013280614045100472,0.023180433694064778
Compas Dataset,LogisticRegression,['sex'],FYP VAE,"{'c': 'FYP', 'my model config': ""VAEMaskConfig(epochs=1800, latent_dim=17, mask_values=None vae_layers=(100, 75, 50), lr=0.006, \nlosses_used=['Latent sens ADV loss', 'Reconstruction loss', 'KL divergence loss'])Latent sens ADV loss: {'weight': 0.1, 'lr': 0.05, 'optimizer': 'Adam', 'layers': (75, 30, 10), 'input_dim': 16}, Reconstruction loss: {'weight': 15}, KL divergence loss: {'weight': 0.05}, Flipped ADV loss: {'weight': 0.01, 'lr': 0.05, 'optimizer': 'Adam', 'layers': (75, 30, 10), 'input_dim': 10, 'sens_col_ids': [7]}, Sensitive KL loss: {'weight': 9000, 'sens_col_ids': [7]}, Pos Y vec loss: {'weight': 1200000}""}",0.014175553585802721,0.02090281092137524,0.02022664102878227,0.014168553257608272,0.017457359134180176,0.039851089620768256,0.01893518453568988,0.0349260066360061,0.017211610414608555,0.04216575107449536,0.04886040116598751,0.04257710240623885,0.041919348063546996,0.028328960977191182,0.029587114391707133,0.036897352546576286,0.06961168056163045,0.04988593428593568,0.019028278207810684,0.00580280008335084,0.05494266869611673,0.00580280008335084,0.005802800083350854,0.05494266869611673,0.11558752131771385,0.029587114391707133,0.028328960977191172,2.72365761164148e+18,0.014896546019287544,0.015835845830156188,0.012581807443594889,0.012310822136442887,0.027842173966915795
Compas Dataset,LogisticRegression,['sex'],FYP VAE,"{'c': 'FYP', 'my model config': ""VAEMaskConfig(epochs=1800, latent_dim=17, mask_values=None vae_layers=(100, 75, 50), lr=0.006, \nlosses_used=['Pos Y vec loss', 'Reconstruction loss', 'KL divergence loss'])Pos Y vec loss: {'weight': 1200000}, Reconstruction loss: {'weight': 15}, KL divergence loss: {'weight': 0.05}, Latent sens ADV loss: {'weight': 0.1, 'lr': 0.05, 'optimizer': 'Adam', 'layers': (75, 30, 10), 'input_dim': 16}, Flipped ADV loss: {'weight': 0.01, 'lr': 0.05, 'optimizer': 'Adam', 'layers': (75, 30, 10), 'input_dim': 10, 'sens_col_ids': [7]}, Sensitive KL loss: {'weight': 9000, 'sens_col_ids': [7]}""}",0.014102587662323949,0.021171552398595497,0.021659133814595437,0.014526717449872767,0.02054186094428134,0.03578376523247188,0.022798818033307525,0.03671918958247981,0.017466263801686612,0.03666861368847623,0.05005564646108487,0.0377094726604909,0.044317620789591276,0.02739285266540849,0.03670403999495538,0.03762205781053095,0.06189010120426039,0.04969548210613079,0.00867595848146609,0.005888734835072301,0.05528510648214519,0.005888734835072301,0.005888734835072315,0.05528510648214519,0.12390027822383398,0.03670403999495538,0.02739285266540849,2.72365761164148e+18,0.01640977879077556,0.016656529158436496,0.012955446316223706,0.013532192959291096,0.02700308784891516
Compas Dataset,LogisticRegression,['sex'],FYP VAE,"{'c': 'FYP', 'my model config': ""VAEMaskConfig(epochs=1800, latent_dim=17, mask_values=None vae_layers=(100, 75, 50), lr=0.006, \nlosses_used=['Reconstruction loss', 'KL divergence loss'])Reconstruction loss: {'weight': 15}, KL divergence loss: {'weight': 0.05}, Latent sens ADV loss: {'weight': 0.1, 'lr': 0.05, 'optimizer': 'Adam', 'layers': (75, 30, 10), 'input_dim': 16}, Flipped ADV loss: {'weight': 0.01, 'lr': 0.05, 'optimizer': 'Adam', 'layers': (75, 30, 10), 'input_dim': 10, 'sens_col_ids': [7]}, Sensitive KL loss: {'weight': 9000, 'sens_col_ids': [7]}, Pos Y vec loss: {'weight': 1200000}""}",0.01362629305317515,0.0214042213539585,0.021492130018463194,0.013849241821211049,0.01987209964660547,0.04127548783535453,0.020879166155808263,0.037029110582328086,0.016772836361681503,0.0413581410030082,0.05148944548213043,0.041860840473553845,0.04418476083157914,0.02849910299579112,0.03409833968612762,0.03588215483632804,0.06949980542302196,0.04726484885609582,0.013779899236728333,0.005632404426240898,0.05321947832518661,0.005632404426240898,0.005632404426240897,0.05321947832518661,0.11522344244736199,0.03409833968612762,0.028499102995791132,2.72365761164148e+18,0.015242145053389606,0.017053065369938947,0.013350688819324512,0.012491553135041323,0.025670619389750193
Compas Dataset,LogisticRegression,['sex'],FYP VAE,"{'c': 'FYP', 'my model config': ""VAEMaskConfig(epochs=1800, latent_dim=17, mask_values=None vae_layers=(100, 75, 50), lr=0.006, \nlosses_used=['Sensitive KL loss', 'Latent sens ADV loss', 'Reconstruction loss', 'KL divergence loss'])Sensitive KL loss: {'weight': 9000, 'sens_col_ids': [7]}, Latent sens ADV loss: {'weight': 0.1, 'lr': 0.05, 'optimizer': 'Adam', 'layers': (75, 30, 10), 'input_dim': 16}, Reconstruction loss: {'weight': 15}, KL divergence loss: {'weight': 0.05}, Flipped ADV loss: {'weight': 0.01, 'lr': 0.05, 'optimizer': 'Adam', 'layers': (75, 30, 10), 'input_dim': 10, 'sens_col_ids': [7]}, Pos Y vec loss: {'weight': 1200000}""}",0.015005896597810906,0.02067168719997273,0.02531416492361187,0.01618035306687335,0.02098483449790089,0.045893911310915934,0.01930378383540792,0.039966500629099184,0.017022896957630023,0.03933633673329224,0.04875399213285414,0.04046205782302556,0.04504916083974298,0.02319379237302088,0.030378494084112084,0.029430078761350637,0.0651341041403513,0.03938171414688862,0.018120948291790114,0.0045573234655632315,0.04315552882590571,0.0045573234655632315,0.004557323465563235,0.04315552882590571,0.09433400578675759,0.030378494084112084,0.023193792373020886,2.72365761164148e+18,0.017565980540172776,0.01577779548387068,0.014813072149738767,0.012862511873926062,0.029361056135719165
Compas Dataset,LogisticRegression,['sex'],FYP VAE,"{'c': 'FYP', 'my model config': ""VAEMaskConfig(epochs=1800, latent_dim=17, mask_values=None vae_layers=(100, 75, 50), lr=0.006, \nlosses_used=['Sensitive KL loss', 'Pos Y vec loss', 'Reconstruction loss', 'KL divergence loss'])Sensitive KL loss: {'weight': 9000, 'sens_col_ids': [7]}, Pos Y vec loss: {'weight': 1200000}, Reconstruction loss: {'weight': 15}, KL divergence loss: {'weight': 0.05}, Latent sens ADV loss: {'weight': 0.1, 'lr': 0.05, 'optimizer': 'Adam', 'layers': (75, 30, 10), 'input_dim': 16}, Flipped ADV loss: {'weight': 0.01, 'lr': 0.05, 'optimizer': 'Adam', 'layers': (75, 30, 10), 'input_dim': 10, 'sens_col_ids': [7]}""}",0.013966524783023104,0.02153478129448864,0.021381314760870098,0.013942110478928144,0.020090325600933476,0.0429380177353432,0.02260449514910766,0.036292513781641236,0.015665940112946534,0.04650720460515369,0.05253061060986494,0.047797878134363,0.04059789907523488,0.02690899992126854,0.03012645955039103,0.037201610745296015,0.07831845162740393,0.05155147720985245,0.01454550721104815,0.005877713812194847,0.056224207844282864,0.005877713812194847,0.005877713812194853,0.056224207844282864,0.11341597358943771,0.03012645955039103,0.026908999921268544,2.72365761164148e+18,0.01517332809296102,0.017209229745657542,0.013209322733898193,0.013215329190108281,0.026909168941619658
Compas Dataset,LogisticRegression,['sex'],FYP VAE,"{'c': 'FYP', 'my model config': ""VAEMaskConfig(epochs=1800, latent_dim=17, mask_values=None vae_layers=(100, 75, 50), lr=0.006, \nlosses_used=['Sensitive KL loss', 'Reconstruction loss', 'KL divergence loss'])Sensitive KL loss: {'weight': 9000, 'sens_col_ids': [7]}, Reconstruction loss: {'weight': 15}, KL divergence loss: {'weight': 0.05}, Latent sens ADV loss: {'weight': 0.1, 'lr': 0.05, 'optimizer': 'Adam', 'layers': (75, 30, 10), 'input_dim': 16}, Flipped ADV loss: {'weight': 0.01, 'lr': 0.05, 'optimizer': 'Adam', 'layers': (75, 30, 10), 'input_dim': 10, 'sens_col_ids': [7]}, Pos Y vec loss: {'weight': 1200000}""}",0.015419961569486173,0.022238844156732395,0.025301304253141258,0.015600382722284466,0.023382141123798297,0.04443738787270455,0.024428905753784855,0.0315946966342884,0.017505038170653277,0.04511169289132095,0.048660714898954245,0.04432558990875223,0.03612087135793006,0.03021973748238608,0.03046657123489682,0.034672324148776745,0.07174596287048127,0.04868687301580748,0.012192151938326267,0.005491983692353403,0.05220148262068958,0.005491983692353403,0.005491983692353412,0.05220148262068958,0.10764874977903366,0.03046657123489682,0.03021973748238608,2.72365761164148e+18,0.017150622358509896,0.01810931171909069,0.015242185729644064,0.014384648190957586,0.030085585698120556
Compas Dataset,LogisticRegression,['sex'],FairBalance Bias Mitigation,{},0.013680783911963531,0.021125407870926274,0.01919655015940321,0.0145506679345764,0.016984394613454162,0.04154450770730275,0.019700097440296483,0.04042354490262525,0.01451429549932903,0.048261432143418645,0.05593450779212104,0.047464792679625896,0.04379382578391212,0.03550863322081271,0.0389224456977441,0.02914169492371289,0.08929628273858968,0.05536201604277642,0.010481790486932421,0.004523996963989895,0.05475057530313057,0.004523996963989895,0.004523996963989895,0.05475057530313057,0.06391844579611927,0.0389224456977441,0.03550863322081272,2.72365761164148e+18,0.014550919508845706,0.01344748852664414,0.012388736968119351,0.014367397405909765,0.027389821851011013
Compas Dataset,LogisticRegression,['sex'],FairMask Bias Mitigation,{},0.012518128194967955,0.019980117898735675,0.017313956283236814,0.012778507663068739,0.017068764263951573,0.03312452181942875,0.019553194011552363,0.03684499206215816,0.0163903928642606,0.0375493994822905,0.04503694678086461,0.03695353446680394,0.045323472678401144,0.0375493994822905,0.04080610654446997,0.03695353446680394,0.06520069745612948,0.045016909650478026,0.0,0.005866341197301609,0.054087559270690665,0.005866341197301609,0.005866341197301607,0.054087559270690665,0.12661384988074212,0.04080610654446997,0.03754939948229051,2.72365761164148e+18,0.014620333771944901,0.014948273106194877,0.010917254444482678,0.0129803075163231,0.02406871589390122
Compas Dataset,LogisticRegression,['sex'],LFR,{'c': 'LFR'},0.014137407455800213,0.021881364656485006,0.02298174338666796,0.014999447588897685,0.019992786182518565,0.041063565371588145,0.021987670946677283,0.03841800493956835,0.017304114870592045,0.04477493825266733,0.051846861610337365,0.04407978450791633,0.04568761738523558,0.029097583515092715,0.03182121847728258,0.030497632772571025,0.07277720622939259,0.04482525291606142,0.012180195877499056,0.0047042374310725535,0.04747742701648152,0.0047042374310725535,0.004704237431072561,0.04747742701648152,0.08895982843286773,0.03182121847728258,0.029097583515092704,2.72365761164148e+18,0.016017135796240707,0.016555536687026983,0.014130696067312978,0.012087199540591882,0.0267490524393905
Compas Dataset,LogisticRegression,['sex'],No Bias Mitigation,{},0.014671640178884351,0.020883540614631026,0.018616788015381882,0.014646348650164115,0.01691856026006008,0.02918338176149877,0.02016872189582654,0.03695997061770301,0.017077299920077005,0.03631251772333198,0.040431339345337054,0.033313961888564676,0.04244228575708431,0.03631251772333198,0.040431339345337054,0.033313961888564676,0.06668818687400202,0.03356722080658563,0.015385344480515678,0.00584996917860517,0.04720640595193594,0.00584996917860517,0.005849969178605164,0.04720640595193594,0.15990246871355548,0.040431339345337054,0.036312517723332015,2.72365761164148e+18,0.015573114344380195,0.015134050897125188,0.011388658665578226,0.013306591710551588,0.028495539086182974
Compas Dataset,LogisticRegression,['sex'],Reweighing Bias Mitigation,{},0.014518031116505693,0.02111921910763614,0.018592984101502476,0.013916399234916457,0.01646812381573333,0.037714571871627516,0.018043355863054632,0.034525975244838955,0.016615760240554833,0.039653469581220555,0.04857729864884699,0.040492816517600644,0.03952897126004184,0.025923161902811537,0.029959191739067706,0.03034077614208394,0.06752226650740163,0.04262815081565367,0.008433313371584435,0.0048361623105720305,0.04664711227052257,0.0048361623105720305,0.0048361623105720175,0.04664711227052257,0.08957072179176213,0.029959191739067706,0.025923161902811544,2.72365761164148e+18,0.014141573054964784,0.015718150270034193,0.011905277551625857,0.013039400631508064,0.028736775661262627
