data,ML method,sensitive attrs,bias mitigation,other,accuracy,precision,recall,f1score,mean_pred,race|unprivileged mean_pred,race|privileged mean_pred,race|unprivileged acc,race|privileged acc,race|[AOD] Average Odds Difference,race|[EOD] Equal Opportunity Difference,race|[SPD] Statistical Parity Difference,race|[ERD] Error Rate Difference,race|[A_AOD] Absolute Average Odds Difference,race|[A_EOD] Absolute Equal Opportunity Difference,race|[A_SPD] Absolute Statistical Parity Difference,race|[DI] Disparate Impact,race|[DI_FM] Disparate Impact the way it was implemented in FairMask,race|[FR] Flip Rate,race|[SF] Statistical Parity Subgroup Fairness for One Attribute,race|[DF] Differential Fairness for One Attribute,[SF] Statistical Parity Subgroup Fairness,[SF] Statistical Parity Subgroup Fairness if 0 was the positive label,[DF] Differential Fairness,[DF] Differential Fairness if 0 was the positive label,[MEOD] M Equal Opportunity Difference,[MAOD] M Average Odds Difference,id,TPR,FPR,FNR,TNR,MCC
Adult Dataset,RandomForestClassifier,['race'],FYP VAE,"{'c': 'FYP', 'my model config': ""VAEMaskConfig(epochs=1500, latent_dim=30, mask_values=None vae_layers=(75, 60, 30, 30), lr=0.006, \nlosses_used=['Flipped ADV loss', 'Latent sens ADV loss', 'Reconstruction loss', 'KL divergence loss'])Flipped ADV loss: {'weight': 0.01, 'lr': 0.05, 'optimizer': 'Adam', 'layers': (75, 30, 10), 'input_dim': 25, 'sens_col_ids': [23]}, Latent sens ADV loss: {'weight': 0.1, 'lr': 0.05, 'optimizer': 'Adam', 'layers': (75, 30, 10), 'input_dim': 29}, Reconstruction loss: {'weight': 15}, KL divergence loss: {'weight': 0.05}, Sensitive KL loss: {'weight': 9000, 'sens_col_ids': [23]}, Pos Y vec loss: {'weight': 1200000}""}",0.026077759407496653,0.30224417521709107,0.2473964302302374,0.27089596742956057,0.09455986341822631,0.07196795868920376,0.09873486962195473,0.017415669724632,0.029751515325417425,0.03402019225575515,0.05785258214387854,0.0349792988725801,0.030232237276494562,0.02660066771604549,0.04553480885970666,0.0349792988725801,0.16173640890185706,0.27677200750507697,0.051722514272586353,0.004332225289837773,0.20772146765656727,0.004332225289837773,0.004332225289837773,0.20772146765656727,0.042453821707028175,0.04553480885970666,0.02660066771604549,3.08172726727322e+18,0.05917706731042659,0.0358454194378409,0.009560038825636746,0.011659245518442718,0.025582595385978416
Adult Dataset,RandomForestClassifier,['race'],FYP VAE,"{'c': 'FYP', 'my model config': ""VAEMaskConfig(epochs=1500, latent_dim=30, mask_values=None vae_layers=(75, 60, 30, 30), lr=0.006, \nlosses_used=['Flipped ADV loss', 'Pos Y vec loss', 'Reconstruction loss', 'KL divergence loss'])Flipped ADV loss: {'weight': 0.01, 'lr': 0.05, 'optimizer': 'Adam', 'layers': (75, 30, 10), 'input_dim': 25, 'sens_col_ids': [23]}, Pos Y vec loss: {'weight': 1200000}, Reconstruction loss: {'weight': 15}, KL divergence loss: {'weight': 0.05}, Latent sens ADV loss: {'weight': 0.1, 'lr': 0.05, 'optimizer': 'Adam', 'layers': (75, 30, 10), 'input_dim': 29}, Sensitive KL loss: {'weight': 9000, 'sens_col_ids': [23]}""}",0.006828079757064682,0.018768586761583262,0.03421607742661696,0.021960745529628293,0.015455625674617179,0.019257947715311412,0.01660043978109865,0.014898037792664753,0.007686207571997714,0.031135893317706612,0.05614774055306154,0.019887689677209948,0.01718730076988783,0.02178855404053967,0.037091549015208544,0.019887689677209948,0.0908420062749829,0.20046678546061097,0.014145081915784953,0.0024923863393193197,0.13339305154949335,0.0024923863393193197,0.0024923863393193197,0.13339305154949335,0.023817544949422675,0.037091549015208544,0.02178855404053967,3.08172726727322e+18,0.009143523710167627,0.007629001474692292,0.008821531508877684,0.011054395509721001,0.0204871384605168
Adult Dataset,RandomForestClassifier,['race'],FYP VAE,"{'c': 'FYP', 'my model config': ""VAEMaskConfig(epochs=1500, latent_dim=30, mask_values=None vae_layers=(75, 60, 30, 30), lr=0.006, \nlosses_used=['Flipped ADV loss', 'Reconstruction loss', 'KL divergence loss'])Flipped ADV loss: {'weight': 0.01, 'lr': 0.05, 'optimizer': 'Adam', 'layers': (75, 30, 10), 'input_dim': 25, 'sens_col_ids': [23]}, Reconstruction loss: {'weight': 15}, KL divergence loss: {'weight': 0.05}, Latent sens ADV loss: {'weight': 0.1, 'lr': 0.05, 'optimizer': 'Adam', 'layers': (75, 30, 10), 'input_dim': 29}, Sensitive KL loss: {'weight': 9000, 'sens_col_ids': [23]}, Pos Y vec loss: {'weight': 1200000}""}",0.018554935308435515,0.2118081255050975,0.1716206000038869,0.18813672772183487,0.06583264110175159,0.0517602100093424,0.06869714513052695,0.01630627706318693,0.02076704264443034,0.03346770769208772,0.06231320337066335,0.02727506334453892,0.022934043789342187,0.023965596765306223,0.0451438913065466,0.02727506334453892,0.12603219567656798,0.213917150892648,0.03628126331987357,0.0033742601642318838,0.16196541702469403,0.0033742601642318838,0.0033742601642318838,0.16196541702469403,0.03311907094588747,0.0451438913065466,0.023965596765306223,3.08172726727322e+18,0.04135494802384905,0.02542402884710669,0.008101198121274555,0.01209646008662249,0.024535917205369937
Adult Dataset,RandomForestClassifier,['race'],FYP VAE,"{'c': 'FYP', 'my model config': ""VAEMaskConfig(epochs=1500, latent_dim=30, mask_values=None vae_layers=(75, 60, 30, 30), lr=0.006, \nlosses_used=['Flipped ADV loss', 'Sensitive KL loss', 'Reconstruction loss', 'KL divergence loss'])Flipped ADV loss: {'weight': 0.01, 'lr': 0.05, 'optimizer': 'Adam', 'layers': (75, 30, 10), 'input_dim': 25, 'sens_col_ids': [23]}, Sensitive KL loss: {'weight': 9000, 'sens_col_ids': [23]}, Reconstruction loss: {'weight': 15}, KL divergence loss: {'weight': 0.05}, Latent sens ADV loss: {'weight': 0.1, 'lr': 0.05, 'optimizer': 'Adam', 'layers': (75, 30, 10), 'input_dim': 29}, Pos Y vec loss: {'weight': 1200000}""}",0.010508631312923703,0.10047139353531287,0.08618295329990762,0.09054900103892885,0.03420440875869836,0.034377584213493254,0.03558874769016443,0.013858885530944378,0.01232413407790294,0.03580255605226314,0.05911272559955228,0.026061634618740684,0.02037555929725313,0.021351767377819332,0.03885153433391148,0.026061634618740684,0.12682399241814726,0.22947809534454203,0.0235604603798656,0.00321434491044096,0.16840907078482276,0.00321434491044096,0.00321434491044096,0.16840907078482276,0.031173013919945168,0.03885153433391148,0.021351767377819332,3.08172726727322e+18,0.021306022702975904,0.013710823623722756,0.0076405669762061885,0.01189790252355954,0.01927683346406707
Adult Dataset,RandomForestClassifier,['race'],FYP VAE,"{'c': 'FYP', 'my model config': ""VAEMaskConfig(epochs=1500, latent_dim=30, mask_values=None vae_layers=(75, 60, 30, 30), lr=0.006, \nlosses_used=['Latent sens ADV loss', 'Pos Y vec loss', 'Reconstruction loss', 'KL divergence loss'])Latent sens ADV loss: {'weight': 0.1, 'lr': 0.05, 'optimizer': 'Adam', 'layers': (75, 30, 10), 'input_dim': 29}, Pos Y vec loss: {'weight': 1200000}, Reconstruction loss: {'weight': 15}, KL divergence loss: {'weight': 0.05}, Flipped ADV loss: {'weight': 0.01, 'lr': 0.05, 'optimizer': 'Adam', 'layers': (75, 30, 10), 'input_dim': 25, 'sens_col_ids': [23]}, Sensitive KL loss: {'weight': 9000, 'sens_col_ids': [23]}""}",0.007464860209931598,0.02258598334493908,0.029748221708032967,0.019633448601562114,0.013087480834505102,0.021977575926457035,0.014141612585103809,0.016056440043150943,0.008691461529707008,0.03458472195228595,0.06138782101748898,0.023640944680095442,0.01939224519717432,0.022748796159779285,0.04043892883243025,0.02235574107592086,0.11596901092658143,0.2152642403909467,0.022351117365146216,0.0027792490763511716,0.15118308039261547,0.0027792490763511716,0.0027792490763511716,0.15118308039261547,0.026594980037991548,0.04043892883243025,0.022748796159779285,3.08172726727322e+18,0.007512304014092891,0.007711770730445467,0.008554332381981222,0.00970820789575168,0.02096590321965855
Adult Dataset,RandomForestClassifier,['race'],FYP VAE,"{'c': 'FYP', 'my model config': ""VAEMaskConfig(epochs=1500, latent_dim=30, mask_values=None vae_layers=(75, 60, 30, 30), lr=0.006, \nlosses_used=['Latent sens ADV loss', 'Reconstruction loss', 'KL divergence loss'])Latent sens ADV loss: {'weight': 0.1, 'lr': 0.05, 'optimizer': 'Adam', 'layers': (75, 30, 10), 'input_dim': 29}, Reconstruction loss: {'weight': 15}, KL divergence loss: {'weight': 0.05}, Flipped ADV loss: {'weight': 0.01, 'lr': 0.05, 'optimizer': 'Adam', 'layers': (75, 30, 10), 'input_dim': 25, 'sens_col_ids': [23]}, Sensitive KL loss: {'weight': 9000, 'sens_col_ids': [23]}, Pos Y vec loss: {'weight': 1200000}""}",0.020010225832074527,0.21127954519142475,0.17133342063147686,0.18777648196752716,0.06533271519120833,0.05163975486799769,0.06840521427648619,0.0172352351763083,0.022500366648674823,0.0442935775417948,0.07969300224473035,0.03136301945737922,0.02520550116468773,0.03389298109652953,0.06039057322068214,0.03136301945737922,0.14488715192843,0.3013549188294573,0.038908225518929265,0.0038774300758439018,0.20085216868792471,0.0038774300758439018,0.0038774300758439018,0.20085216868792471,0.03768695188202403,0.06039057322068214,0.03389298109652953,3.08172726727322e+18,0.04125912917545788,0.024581328385828827,0.00849697275184923,0.012267855361970682,0.022771870792346893
Adult Dataset,RandomForestClassifier,['race'],FYP VAE,"{'c': 'FYP', 'my model config': ""VAEMaskConfig(epochs=1500, latent_dim=30, mask_values=None vae_layers=(75, 60, 30, 30), lr=0.006, \nlosses_used=['Pos Y vec loss', 'Reconstruction loss', 'KL divergence loss'])Pos Y vec loss: {'weight': 1200000}, Reconstruction loss: {'weight': 15}, KL divergence loss: {'weight': 0.05}, Latent sens ADV loss: {'weight': 0.1, 'lr': 0.05, 'optimizer': 'Adam', 'layers': (75, 30, 10), 'input_dim': 29}, Flipped ADV loss: {'weight': 0.01, 'lr': 0.05, 'optimizer': 'Adam', 'layers': (75, 30, 10), 'input_dim': 25, 'sens_col_ids': [23]}, Sensitive KL loss: {'weight': 9000, 'sens_col_ids': [23]}""}",0.0063170801271589085,0.021664627882940803,0.029976739195620977,0.018781308724672992,0.015267199821546994,0.019687928844697913,0.016545157283895492,0.018122879266341776,0.006698955534475926,0.028740338222771156,0.05224305522753728,0.021111980926360678,0.019261701901316753,0.017177876897399184,0.030021983163941918,0.021111980926360678,0.10171180441407625,0.23084982671858983,0.017182192370475927,0.002640924216070323,0.1513601707860455,0.002640924216070323,0.002640924216070323,0.1513601707860455,0.024994993843120723,0.030021983163941918,0.017177876897399184,3.08172726727322e+18,0.008554560839625585,0.008147899609200997,0.007535215965241798,0.011531277585015175,0.01732332219456028
Adult Dataset,RandomForestClassifier,['race'],FYP VAE,"{'c': 'FYP', 'my model config': ""VAEMaskConfig(epochs=1500, latent_dim=30, mask_values=None vae_layers=(75, 60, 30, 30), lr=0.006, \nlosses_used=['Reconstruction loss', 'KL divergence loss'])Reconstruction loss: {'weight': 15}, KL divergence loss: {'weight': 0.05}, Latent sens ADV loss: {'weight': 0.1, 'lr': 0.05, 'optimizer': 'Adam', 'layers': (75, 30, 10), 'input_dim': 29}, Flipped ADV loss: {'weight': 0.01, 'lr': 0.05, 'optimizer': 'Adam', 'layers': (75, 30, 10), 'input_dim': 25, 'sens_col_ids': [23]}, Sensitive KL loss: {'weight': 9000, 'sens_col_ids': [23]}, Pos Y vec loss: {'weight': 1200000}""}",0.014771708954946314,0.16974415277794994,0.13554898660430592,0.14956880248410362,0.05105459296129847,0.041809744422582944,0.05318154187860334,0.015557037664433877,0.01654251586897953,0.030002426440181185,0.0560529840827721,0.02300549238073686,0.020513035953874742,0.01893096445318593,0.033180439410802426,0.02300549238073686,0.11635315121275495,0.22534585842548405,0.027722107815414496,0.002886667792835505,0.15817810468065094,0.002886667792835505,0.002886667792835505,0.15817810468065094,0.027211649955377903,0.033180439410802426,0.01893096445318593,3.08172726727322e+18,0.032561612980885495,0.019097227095239738,0.00802646624687591,0.008213043300039767,0.019236591205894455
Adult Dataset,RandomForestClassifier,['race'],FYP VAE,"{'c': 'FYP', 'my model config': ""VAEMaskConfig(epochs=1500, latent_dim=30, mask_values=None vae_layers=(75, 60, 30, 30), lr=0.006, \nlosses_used=['Sensitive KL loss', 'Latent sens ADV loss', 'Reconstruction loss', 'KL divergence loss'])Sensitive KL loss: {'weight': 9000, 'sens_col_ids': [23]}, Latent sens ADV loss: {'weight': 0.1, 'lr': 0.05, 'optimizer': 'Adam', 'layers': (75, 30, 10), 'input_dim': 29}, Reconstruction loss: {'weight': 15}, KL divergence loss: {'weight': 0.05}, Flipped ADV loss: {'weight': 0.01, 'lr': 0.05, 'optimizer': 'Adam', 'layers': (75, 30, 10), 'input_dim': 25, 'sens_col_ids': [23]}, Pos Y vec loss: {'weight': 1200000}""}",0.0058840955586907375,0.017664836435419405,0.031071657040682054,0.019708885441458365,0.014110164630596276,0.02085966080226058,0.015763646745346516,0.01597823046246109,0.007104540520363099,0.040824752855243916,0.07248976295904866,0.024621970256964016,0.019189510987643973,0.025977436423614872,0.04848683372154984,0.024621970256964016,0.11465347035631923,0.22032714183378535,0.01467207972467352,0.0031260896037882797,0.15706645532606522,0.0031260896037882797,0.0031260896037882797,0.15706645532606522,0.029516061881508623,0.04848683372154984,0.025977436423614872,3.08172726727322e+18,0.008714160045076644,0.006818855599622475,0.007927639576430329,0.010235439020449212,0.01858347780652686
Adult Dataset,RandomForestClassifier,['race'],FYP VAE,"{'c': 'FYP', 'my model config': ""VAEMaskConfig(epochs=1500, latent_dim=30, mask_values=None vae_layers=(75, 60, 30, 30), lr=0.006, \nlosses_used=['Sensitive KL loss', 'Pos Y vec loss', 'Reconstruction loss', 'KL divergence loss'])Sensitive KL loss: {'weight': 9000, 'sens_col_ids': [23]}, Pos Y vec loss: {'weight': 1200000}, Reconstruction loss: {'weight': 15}, KL divergence loss: {'weight': 0.05}, Latent sens ADV loss: {'weight': 0.1, 'lr': 0.05, 'optimizer': 'Adam', 'layers': (75, 30, 10), 'input_dim': 29}, Flipped ADV loss: {'weight': 0.01, 'lr': 0.05, 'optimizer': 'Adam', 'layers': (75, 30, 10), 'input_dim': 25, 'sens_col_ids': [23]}""}",0.007113907659506037,0.02122226491030053,0.037109523875082595,0.023839957990069466,0.017095623976746747,0.021304811345259647,0.018138751553473043,0.016872140134106865,0.008347886697035185,0.03027290816810557,0.0572630675177211,0.02091071291063178,0.020188063870506687,0.016875230750189724,0.03292322840723117,0.02091071291063178,0.09864921889013123,0.19423718842130708,0.012199761369776662,0.002646667057254596,0.13695207989984848,0.002646667057254596,0.002646667057254596,0.13695207989984848,0.025187682047395972,0.03292322840723117,0.016875230750189724,3.08172726727322e+18,0.01014059752891678,0.008570081707293448,0.009329096906593533,0.011656916532756877,0.022794754851870304
Adult Dataset,RandomForestClassifier,['race'],FYP VAE,"{'c': 'FYP', 'my model config': ""VAEMaskConfig(epochs=1500, latent_dim=30, mask_values=None vae_layers=(75, 60, 30, 30), lr=0.006, \nlosses_used=['Sensitive KL loss', 'Reconstruction loss', 'KL divergence loss'])Sensitive KL loss: {'weight': 9000, 'sens_col_ids': [23]}, Reconstruction loss: {'weight': 15}, KL divergence loss: {'weight': 0.05}, Latent sens ADV loss: {'weight': 0.1, 'lr': 0.05, 'optimizer': 'Adam', 'layers': (75, 30, 10), 'input_dim': 29}, Flipped ADV loss: {'weight': 0.01, 'lr': 0.05, 'optimizer': 'Adam', 'layers': (75, 30, 10), 'input_dim': 25, 'sens_col_ids': [23]}, Pos Y vec loss: {'weight': 1200000}""}",0.006356936197072575,0.014774953493405026,0.030231399330960185,0.019281669422548966,0.014433966244348494,0.01793295726416528,0.016669388331589697,0.013176912706499502,0.007237405289467909,0.036877579804133816,0.06400694199955316,0.024111301208073498,0.015587235160642829,0.02301591954502271,0.03987404641956811,0.024111301208073498,0.10815394103549499,0.20841236760961476,0.013695701811122687,0.003003987555529243,0.14801391611537168,0.003003987555529243,0.003003987555529243,0.14801391611537168,0.02916216971781024,0.03987404641956811,0.02301591954502271,3.08172726727322e+18,0.008864490622053332,0.006595669904207724,0.0074147256270962495,0.01131439510196296,0.017985761297702876
Adult Dataset,RandomForestClassifier,['race'],FairBalance Bias Mitigation,{},0.007644145870211547,0.0163741682235747,0.022036695162441708,0.017202172607094085,0.008593986008954134,0.01644925406621535,0.008988442178895566,0.01260275569020435,0.008709433297231178,0.033387397780839136,0.06456369960039218,0.016714693527191057,0.015678654984590635,0.030808332130964577,0.05509397959845913,0.016714693527191057,0.06233523135594747,0.24435779103913804,0.007456339174928773,0.0020443258605903286,0.1218959311556686,0.0020443258605903286,0.0020443258605903286,0.1218959311556686,0.019866571932769164,0.05509397959845913,0.030808332130964577,3.08172726727322e+18,0.007524903162588093,0.004343834488479266,0.005637971599603428,0.009018619696292238,0.021136942676555314
Adult Dataset,RandomForestClassifier,['race'],FairMask Bias Mitigation,{},0.006874993392683511,0.017648298797054797,0.019012774314654854,0.015645531208884168,0.008421676067148281,0.015146588699490208,0.00931172153730999,0.015528273471664033,0.0080531100555965,0.03504963706741413,0.07144903601575843,0.017100454098747105,0.01880920301967014,0.027608740310916657,0.04317176984602651,0.017100454098747105,0.06979037487022437,0.2018168004877147,0.0,0.002060848043271322,0.11726022740754402,0.002060848043271322,0.002060848043271322,0.11726022740754402,0.0204466507887628,0.04317176984602651,0.027608740310916657,3.08172726727322e+18,0.006887848701115417,0.004612112682066326,0.005008890058173234,0.008984034111980767,0.01882730275377647
Adult Dataset,RandomForestClassifier,['race'],LFR,{'c': 'LFR'},0.007261707409122578,0.01870606765861657,0.020453040599628828,0.017392726658113068,0.007460354163816624,0.018470771505522718,0.008998298385436776,0.01577676317401086,0.008223802485249215,0.03675009088308898,0.06838190777551109,0.022508478661783224,0.018498878242985725,0.02203142266124244,0.038750291929785956,0.022508478661783224,0.09480385001621736,0.2135364743168528,0.00875383158933924,0.002783933379986439,0.1409114815067078,0.002783933379986439,0.002783933379986439,0.1409114815067078,0.02708936889897776,0.038750291929785956,0.02203142266124244,3.08172726727322e+18,0.006761869056042027,0.004319816950250259,0.005600645584130452,0.008304461552053492,0.020740233904862456
Adult Dataset,RandomForestClassifier,['race'],No Bias Mitigation,{},0.007483778418668901,0.01731629261485153,0.020775997197956825,0.017183024037922292,0.007861301223217399,0.01526417260959395,0.008206055496279833,0.011797101090367561,0.008816914514075685,0.03136270410469444,0.06180812046812443,0.015556700740113762,0.015865991247219813,0.031116592820139816,0.054336877318939956,0.015556700740113762,0.06469841604484987,0.2225820711799067,0.0060238393638895335,0.001911467225583436,0.11894261508663549,0.001911467225583436,0.001911467225583436,0.11894261508663549,0.018219082422971454,0.054336877318939956,0.031116592820139816,3.08172726727322e+18,0.00700303416707263,0.004126363745140842,0.005548947316986289,0.008790480382822567,0.020749033111346557
Adult Dataset,RandomForestClassifier,['race'],Reweighing Bias Mitigation,{},0.006739841750912337,0.015235606347465454,0.0199314301155018,0.01605445514184835,0.007897863042754607,0.016519232970812602,0.008194156483194664,0.012162283257931148,0.007863384519833708,0.02944323454686146,0.056208998105854134,0.016962716717588082,0.015437485484256068,0.02944323454686146,0.05086109197217365,0.016962716717588082,0.07176713218260204,0.23339970393017725,0.00649751564332456,0.002072633101173877,0.12814134318088616,0.002072633101173877,0.002072633101173877,0.12814134318088616,0.01985328141834449,0.05086109197217365,0.02944323454686146,3.08172726727322e+18,0.007016506847800156,0.0035351517842381,0.0052374688397860665,0.008658388448545728,0.01891127926984417
Compas Dataset,RandomForestClassifier,['race'],FYP VAE,"{'c': 'FYP', 'my model config': ""VAEMaskConfig(epochs=1800, latent_dim=17, mask_values=None vae_layers=(100, 75, 50), lr=0.006, \nlosses_used=['Flipped ADV loss', 'Latent sens ADV loss', 'Reconstruction loss', 'KL divergence loss'])Flipped ADV loss: {'weight': 0.01, 'lr': 0.05, 'optimizer': 'Adam', 'layers': (75, 30, 10), 'input_dim': 10, 'sens_col_ids': [8]}, Latent sens ADV loss: {'weight': 0.1, 'lr': 0.05, 'optimizer': 'Adam', 'layers': (75, 30, 10), 'input_dim': 16}, Reconstruction loss: {'weight': 15}, KL divergence loss: {'weight': 0.05}, Sensitive KL loss: {'weight': 9000, 'sens_col_ids': [8]}, Pos Y vec loss: {'weight': 1200000}""}",0.014088512374786349,0.025840872900338725,0.024574711302808718,0.016660806668112572,0.02042499586721482,0.023624518767354954,0.03638604884615945,0.020552759089499575,0.02767034024442797,0.04099617239874526,0.053539033058669555,0.042376476139264055,0.0389936349016119,0.027485836432244563,0.032217601010507996,0.034433723210180386,0.06534974649668508,0.060517580791750805,0.020073407035976733,0.007697002389158781,0.05550139976850327,0.007697002389158781,0.007697002389158781,0.05550139976850327,0.09247309774298489,0.032217601010507996,0.027485836432244563,2.605225452157392e+18,0.017960629753555207,0.01850111771290615,0.016262333261482808,0.013860873036631697,0.027166323053536053
Compas Dataset,RandomForestClassifier,['race'],FYP VAE,"{'c': 'FYP', 'my model config': ""VAEMaskConfig(epochs=1800, latent_dim=17, mask_values=None vae_layers=(100, 75, 50), lr=0.006, \nlosses_used=['Flipped ADV loss', 'Pos Y vec loss', 'Reconstruction loss', 'KL divergence loss'])Flipped ADV loss: {'weight': 0.01, 'lr': 0.05, 'optimizer': 'Adam', 'layers': (75, 30, 10), 'input_dim': 10, 'sens_col_ids': [8]}, Pos Y vec loss: {'weight': 1200000}, Reconstruction loss: {'weight': 15}, KL divergence loss: {'weight': 0.05}, Latent sens ADV loss: {'weight': 0.1, 'lr': 0.05, 'optimizer': 'Adam', 'layers': (75, 30, 10), 'input_dim': 16}, Sensitive KL loss: {'weight': 9000, 'sens_col_ids': [8]}""}",0.017187058901069918,0.027025160281981424,0.023132777128203472,0.016833313488332453,0.026030924349516756,0.0297830369560076,0.0389693284042903,0.02215402755979391,0.025433578073888793,0.043236680773813624,0.04913281082538728,0.04329620523041056,0.03359452217770086,0.030257609233418904,0.028872953469291404,0.03294889924082737,0.06749761166777578,0.06040521332557348,0.020756719641106,0.007407632551184646,0.05427202564201421,0.007407632551184646,0.007407632551184646,0.05427202564201421,0.08620688096139338,0.028872953469291404,0.030257609233418904,2.605225452157392e+18,0.019010577567065663,0.021184816285982053,0.01492386530991804,0.021115870531140907,0.035235195729589594
Compas Dataset,RandomForestClassifier,['race'],FYP VAE,"{'c': 'FYP', 'my model config': ""VAEMaskConfig(epochs=1800, latent_dim=17, mask_values=None vae_layers=(100, 75, 50), lr=0.006, \nlosses_used=['Flipped ADV loss', 'Reconstruction loss', 'KL divergence loss'])Flipped ADV loss: {'weight': 0.01, 'lr': 0.05, 'optimizer': 'Adam', 'layers': (75, 30, 10), 'input_dim': 10, 'sens_col_ids': [8]}, Reconstruction loss: {'weight': 15}, KL divergence loss: {'weight': 0.05}, Latent sens ADV loss: {'weight': 0.1, 'lr': 0.05, 'optimizer': 'Adam', 'layers': (75, 30, 10), 'input_dim': 16}, Sensitive KL loss: {'weight': 9000, 'sens_col_ids': [8]}, Pos Y vec loss: {'weight': 1200000}""}",0.01720768055481303,0.024462327196340766,0.02952069751558012,0.02180204786759006,0.0283865119313113,0.030421353971599452,0.0409328781998952,0.02082243441998735,0.025139705713857093,0.041169641091611774,0.04457674338897678,0.04105944669981396,0.0301861490064816,0.028130193023144148,0.02591782324150985,0.029861843893450712,0.0642271292534559,0.05346076954403635,0.024448369321844868,0.006731389929378566,0.04854373669628638,0.006731389929378566,0.006731389929378566,0.04854373669628638,0.08013017655559909,0.02591782324150985,0.028130193023144148,2.605225452157392e+18,0.02526941204988192,0.01647745792769799,0.015646473961778387,0.02127986376496121,0.03351475019860184
Compas Dataset,RandomForestClassifier,['race'],FYP VAE,"{'c': 'FYP', 'my model config': ""VAEMaskConfig(epochs=1800, latent_dim=17, mask_values=None vae_layers=(100, 75, 50), lr=0.006, \nlosses_used=['Flipped ADV loss', 'Sensitive KL loss', 'Reconstruction loss', 'KL divergence loss'])Flipped ADV loss: {'weight': 0.01, 'lr': 0.05, 'optimizer': 'Adam', 'layers': (75, 30, 10), 'input_dim': 10, 'sens_col_ids': [8]}, Sensitive KL loss: {'weight': 9000, 'sens_col_ids': [8]}, Reconstruction loss: {'weight': 15}, KL divergence loss: {'weight': 0.05}, Latent sens ADV loss: {'weight': 0.1, 'lr': 0.05, 'optimizer': 'Adam', 'layers': (75, 30, 10), 'input_dim': 16}, Pos Y vec loss: {'weight': 1200000}""}",0.01688921815629044,0.02563333155296655,0.02977290633308484,0.02096208363006338,0.028408148272260913,0.030875773203289405,0.040815510267666534,0.018431948499782913,0.030751830183633606,0.04137296168011132,0.04822485613754952,0.0415095720759651,0.03434905801220411,0.02336141988049414,0.03213111955769786,0.027775836285911484,0.06581156345327892,0.048684855547850826,0.017960802307665016,0.006267362102471272,0.04476441854225146,0.006267362102471272,0.006267362102471272,0.04476441854225146,0.07562609528625834,0.03213111955769786,0.02336141988049414,2.605225452157392e+18,0.024606102733319767,0.018117115895798782,0.016714161292615406,0.019621708308013987,0.031978194311755394
Compas Dataset,RandomForestClassifier,['race'],FYP VAE,"{'c': 'FYP', 'my model config': ""VAEMaskConfig(epochs=1800, latent_dim=17, mask_values=None vae_layers=(100, 75, 50), lr=0.006, \nlosses_used=['Latent sens ADV loss', 'Pos Y vec loss', 'Reconstruction loss', 'KL divergence loss'])Latent sens ADV loss: {'weight': 0.1, 'lr': 0.05, 'optimizer': 'Adam', 'layers': (75, 30, 10), 'input_dim': 16}, Pos Y vec loss: {'weight': 1200000}, Reconstruction loss: {'weight': 15}, KL divergence loss: {'weight': 0.05}, Flipped ADV loss: {'weight': 0.01, 'lr': 0.05, 'optimizer': 'Adam', 'layers': (75, 30, 10), 'input_dim': 10, 'sens_col_ids': [8]}, Sensitive KL loss: {'weight': 9000, 'sens_col_ids': [8]}""}",0.015385344472931628,0.027455899333403172,0.023560025796804787,0.01768673862377423,0.023811804993946244,0.029650469556708456,0.03458144240414051,0.019046800030415582,0.024879487590745732,0.04213298537341329,0.043648410224652524,0.043757772016965756,0.031359539900768396,0.03129930513265766,0.02899688444435369,0.0354631514384995,0.06630652571675039,0.06500592605905012,0.01999973143831004,0.007951838415077232,0.05797648993877672,0.007951838415077232,0.007951838415077232,0.05797648993877672,0.09452603996136873,0.02899688444435369,0.03129930513265766,2.605225452157392e+18,0.019939655994429498,0.01982690300877799,0.014718387570306291,0.017383331528541254,0.02977440519660093
Compas Dataset,RandomForestClassifier,['race'],FYP VAE,"{'c': 'FYP', 'my model config': ""VAEMaskConfig(epochs=1800, latent_dim=17, mask_values=None vae_layers=(100, 75, 50), lr=0.006, \nlosses_used=['Latent sens ADV loss', 'Reconstruction loss', 'KL divergence loss'])Latent sens ADV loss: {'weight': 0.1, 'lr': 0.05, 'optimizer': 'Adam', 'layers': (75, 30, 10), 'input_dim': 16}, Reconstruction loss: {'weight': 15}, KL divergence loss: {'weight': 0.05}, Flipped ADV loss: {'weight': 0.01, 'lr': 0.05, 'optimizer': 'Adam', 'layers': (75, 30, 10), 'input_dim': 10, 'sens_col_ids': [8]}, Sensitive KL loss: {'weight': 9000, 'sens_col_ids': [8]}, Pos Y vec loss: {'weight': 1200000}""}",0.016394658942718836,0.024936511126927637,0.021820990654993194,0.01876048738428026,0.020058205203692805,0.026404808018400366,0.029025192509630756,0.018443985750555995,0.031280667537102395,0.0362476310647263,0.048133231613899735,0.039335465720770416,0.036041080228679606,0.024425377840134446,0.03085468276295886,0.029592008561673943,0.06252247298280852,0.05290507041023919,0.02144471347759387,0.0066664218266499,0.048917362627674627,0.0066664218266499,0.0066664218266499,0.048917362627674627,0.07586003699964068,0.03085468276295886,0.024425377840134446,2.605225452157392e+18,0.020907165075495993,0.01582017753161995,0.013046625863609834,0.017869265581664257,0.03228898573688773
Compas Dataset,RandomForestClassifier,['race'],FYP VAE,"{'c': 'FYP', 'my model config': ""VAEMaskConfig(epochs=1800, latent_dim=17, mask_values=None vae_layers=(100, 75, 50), lr=0.006, \nlosses_used=['Pos Y vec loss', 'Reconstruction loss', 'KL divergence loss'])Pos Y vec loss: {'weight': 1200000}, Reconstruction loss: {'weight': 15}, KL divergence loss: {'weight': 0.05}, Latent sens ADV loss: {'weight': 0.1, 'lr': 0.05, 'optimizer': 'Adam', 'layers': (75, 30, 10), 'input_dim': 16}, Flipped ADV loss: {'weight': 0.01, 'lr': 0.05, 'optimizer': 'Adam', 'layers': (75, 30, 10), 'input_dim': 10, 'sens_col_ids': [8]}, Sensitive KL loss: {'weight': 9000, 'sens_col_ids': [8]}""}",0.01789145727189382,0.029580238446314928,0.026222600917265717,0.021045214967375277,0.02366363455251449,0.027204570809718734,0.03294373471294243,0.02041773664635245,0.026593869596464575,0.03616882254167311,0.040609429294912076,0.03635009044944613,0.02973933826795386,0.022827661557048882,0.025832149220886568,0.027348869521770267,0.05857370855758169,0.05010553506617706,0.022870843199335536,0.0061585816796129785,0.0460413990672449,0.0061585816796129785,0.0061585816796129785,0.0460413990672449,0.06908824169908283,0.025832149220886568,0.022827661557048882,2.605225452157392e+18,0.021560192232430286,0.0203958345711892,0.015429608273317309,0.0163390116574675,0.03388384780178664
Compas Dataset,RandomForestClassifier,['race'],FYP VAE,"{'c': 'FYP', 'my model config': ""VAEMaskConfig(epochs=1800, latent_dim=17, mask_values=None vae_layers=(100, 75, 50), lr=0.006, \nlosses_used=['Reconstruction loss', 'KL divergence loss'])Reconstruction loss: {'weight': 15}, KL divergence loss: {'weight': 0.05}, Latent sens ADV loss: {'weight': 0.1, 'lr': 0.05, 'optimizer': 'Adam', 'layers': (75, 30, 10), 'input_dim': 16}, Flipped ADV loss: {'weight': 0.01, 'lr': 0.05, 'optimizer': 'Adam', 'layers': (75, 30, 10), 'input_dim': 10, 'sens_col_ids': [8]}, Sensitive KL loss: {'weight': 9000, 'sens_col_ids': [8]}, Pos Y vec loss: {'weight': 1200000}""}",0.016749770605056072,0.025139657399018592,0.027638450510285986,0.018998970271881063,0.024388066648598855,0.025788507473457747,0.03811862768666011,0.022175255004882443,0.031902480349627275,0.038693790027693145,0.05448615871501834,0.03896039931215946,0.04181330480002117,0.0266328055672616,0.030101638234663265,0.031066929683865263,0.06078647836465563,0.055178500241791155,0.022006023435510415,0.006932558132034706,0.0507262682226457,0.006932558132034706,0.006932558132034706,0.0507262682226457,0.08162122073086002,0.030101638234663265,0.0266328055672616,2.605225452157392e+18,0.020886782421158094,0.018115473175054478,0.01719629126008064,0.017916147974932302,0.032849957034524216
Compas Dataset,RandomForestClassifier,['race'],FYP VAE,"{'c': 'FYP', 'my model config': ""VAEMaskConfig(epochs=1800, latent_dim=17, mask_values=None vae_layers=(100, 75, 50), lr=0.006, \nlosses_used=['Sensitive KL loss', 'Latent sens ADV loss', 'Reconstruction loss', 'KL divergence loss'])Sensitive KL loss: {'weight': 9000, 'sens_col_ids': [8]}, Latent sens ADV loss: {'weight': 0.1, 'lr': 0.05, 'optimizer': 'Adam', 'layers': (75, 30, 10), 'input_dim': 16}, Reconstruction loss: {'weight': 15}, KL divergence loss: {'weight': 0.05}, Flipped ADV loss: {'weight': 0.01, 'lr': 0.05, 'optimizer': 'Adam', 'layers': (75, 30, 10), 'input_dim': 10, 'sens_col_ids': [8]}, Pos Y vec loss: {'weight': 1200000}""}",0.019826902946505992,0.029095006026365455,0.026096824829263243,0.020693635471265105,0.02112702492548151,0.023141156617951394,0.03376577257512911,0.021819910371207205,0.03217365451721667,0.0350198376119525,0.0483882141886529,0.036679109779454974,0.034894780928092596,0.022362144711963922,0.026423221019618515,0.029374527674829818,0.05650990751373934,0.05156930540822585,0.022831366251428464,0.006650152010951765,0.047293013599429154,0.006650152010951765,0.006650152010951765,0.047293013599429154,0.0789829998760713,0.026423221019618515,0.022362144711963922,2.605225452157392e+18,0.01973057514444665,0.020624123275534305,0.01637327855433666,0.016202443665203785,0.03836823792832224
Compas Dataset,RandomForestClassifier,['race'],FYP VAE,"{'c': 'FYP', 'my model config': ""VAEMaskConfig(epochs=1800, latent_dim=17, mask_values=None vae_layers=(100, 75, 50), lr=0.006, \nlosses_used=['Sensitive KL loss', 'Pos Y vec loss', 'Reconstruction loss', 'KL divergence loss'])Sensitive KL loss: {'weight': 9000, 'sens_col_ids': [8]}, Pos Y vec loss: {'weight': 1200000}, Reconstruction loss: {'weight': 15}, KL divergence loss: {'weight': 0.05}, Latent sens ADV loss: {'weight': 0.1, 'lr': 0.05, 'optimizer': 'Adam', 'layers': (75, 30, 10), 'input_dim': 16}, Flipped ADV loss: {'weight': 0.01, 'lr': 0.05, 'optimizer': 'Adam', 'layers': (75, 30, 10), 'input_dim': 10, 'sens_col_ids': [8]}""}",0.016488779681131244,0.027235070423752512,0.029409850951608793,0.020209927516882022,0.02601758306734412,0.028300025732566635,0.0393482145842686,0.021960017140497484,0.02540123327112879,0.03876808542266463,0.05323188679316042,0.040625343333806706,0.03459794051397415,0.022783257666490465,0.030974126796600738,0.022724826107021718,0.06714210603479367,0.04004376064493331,0.02324505071951998,0.005152004749893526,0.03792641690641014,0.005152004749893526,0.005152004749893526,0.03792641690641014,0.058215373745683675,0.030974126796600738,0.022783257666490465,2.605225452157392e+18,0.02237424582328149,0.019282549614432883,0.017576248399196845,0.016530051643610304,0.03128578699056227
Compas Dataset,RandomForestClassifier,['race'],FYP VAE,"{'c': 'FYP', 'my model config': ""VAEMaskConfig(epochs=1800, latent_dim=17, mask_values=None vae_layers=(100, 75, 50), lr=0.006, \nlosses_used=['Sensitive KL loss', 'Reconstruction loss', 'KL divergence loss'])Sensitive KL loss: {'weight': 9000, 'sens_col_ids': [8]}, Reconstruction loss: {'weight': 15}, KL divergence loss: {'weight': 0.05}, Latent sens ADV loss: {'weight': 0.1, 'lr': 0.05, 'optimizer': 'Adam', 'layers': (75, 30, 10), 'input_dim': 16}, Flipped ADV loss: {'weight': 0.01, 'lr': 0.05, 'optimizer': 'Adam', 'layers': (75, 30, 10), 'input_dim': 10, 'sens_col_ids': [8]}, Pos Y vec loss: {'weight': 1200000}""}",0.01787998344943847,0.027696561012995898,0.026424162303746983,0.019667459588923474,0.028332644187388678,0.030254491733927517,0.03570908651563869,0.021712274399709703,0.026056050722032494,0.033329147238584954,0.040842990076138036,0.03195395162509005,0.03179748399011792,0.02235640794634107,0.027111221944494498,0.02679583424778937,0.049725426401298685,0.048212769027164856,0.016616840175070903,0.006134754850779475,0.04405768566416716,0.006134754850779475,0.006134754850779475,0.04405768566416716,0.0699939489344579,0.027111221944494498,0.02235640794634107,2.605225452157392e+18,0.02245810589231488,0.020615944866229703,0.015119623706271998,0.021685064830173417,0.03630392729598106
Compas Dataset,RandomForestClassifier,['race'],FairBalance Bias Mitigation,{},0.014476762012602229,0.02426010582892024,0.02152358187906781,0.016158562748405995,0.020893638087909686,0.025646040325093867,0.029392226100813525,0.020129921704198247,0.025261259342945167,0.037107092813096085,0.048949264222456136,0.03742359536259439,0.034848237609139784,0.037107092813096085,0.04841738877595777,0.03742359536259439,0.053758277471972725,0.0811485341197839,0.01516613488501233,0.008497213660220148,0.06588617919442666,0.008497213660220148,0.008497213660220148,0.06588617919442666,0.09143528383827994,0.04841738877595777,0.037107092813096085,2.605225452157392e+18,0.01806526457804423,0.015586326246443332,0.014679878224776755,0.019160657713839586,0.029954080920852562
Compas Dataset,RandomForestClassifier,['race'],FairMask Bias Mitigation,{},0.015586485416889919,0.02246073089294794,0.021307459393780624,0.015572472287566596,0.017356489883732076,0.019267698491729605,0.032044647953011256,0.02136773976016409,0.025833893325823348,0.03706094589101987,0.05139284600440722,0.03660495491067902,0.035693484518316464,0.03706094589101987,0.045712059319193046,0.03660495491067902,0.050271059317387366,0.07737898106264103,0.0,0.008410468275963381,0.06224742215276322,0.008410468275963381,0.008410468275963381,0.06224742215276322,0.09330196324463402,0.045712059319193046,0.03706094589101987,2.605225452157392e+18,0.01630744834969905,0.014141616874689674,0.01553867878965747,0.018509828536574072,0.032657699129759285
Compas Dataset,RandomForestClassifier,['race'],LFR,{'c': 'LFR'},0.016233332857648337,0.024865711611737038,0.024657711719460348,0.017974528549917754,0.018704120642034753,0.025494827425594488,0.02635612936823514,0.020990305830611775,0.023076234770069752,0.03863964937634347,0.04452327394733589,0.03731420447180104,0.030808172319841322,0.03764390888105547,0.03434684250785235,0.037282555679246605,0.0548466801619201,0.07680120015350034,0.017108238452844354,0.008237329872109282,0.06452385193165255,0.008237329872109282,0.008237329872109282,0.06452385193165255,0.09208593844076968,0.03434684250785235,0.03764390888105547,2.605225452157392e+18,0.018182020465225882,0.015730570387418052,0.016599705489532945,0.016296457238063496,0.032702112499177406
Compas Dataset,RandomForestClassifier,['race'],No Bias Mitigation,{},0.01465485419026677,0.024104716370023024,0.021387505725350395,0.01585239913047679,0.02103559027194396,0.025409280284294313,0.031368720909231006,0.02206448761284768,0.02428222571393937,0.03903193976754268,0.0509909619486721,0.03854952170663948,0.03702750618110547,0.03903193976754268,0.04854541222892909,0.03854952170663948,0.05333801422123153,0.08318894826765491,0.015209243017559325,0.00868181402290711,0.0664602169679441,0.00868181402290711,0.00868181402290711,0.0664602169679441,0.09731521617192618,0.04854541222892909,0.03903193976754268,2.605225452157392e+18,0.018039437711319283,0.015860296490175955,0.014662298216353252,0.019264052696181234,0.030378453006494055
Compas Dataset,RandomForestClassifier,['race'],Reweighing Bias Mitigation,{},0.014735521936947412,0.02469859166182836,0.02065799993982727,0.015423701134841242,0.021686894619458323,0.026796457786062607,0.02971433511036119,0.019986896908177523,0.025638447637423685,0.03631471620591084,0.048924829247054366,0.03768037591972684,0.03435619152423823,0.03631471620591084,0.04458822322806519,0.03768037591972684,0.05354695640122559,0.08093956873571055,0.013777379413138223,0.00843465579096543,0.0656750669201653,0.00843465579096543,0.00843465579096543,0.0656750669201653,0.0929150430199847,0.04458822322806519,0.03631471620591084,2.605225452157392e+18,0.017760439491745283,0.016780206324768947,0.014409840268232934,0.019712970390082567,0.030713855229946505
