data,ML method,sensitive attrs,bias mitigation,other,index,accuracy,precision,recall,f1score,mean_pred,race|unprivileged mean_pred,sex|unprivileged mean_pred,race|privileged mean_pred,sex|privileged mean_pred,race|unprivileged acc,sex|unprivileged acc,race|privileged acc,sex|privileged acc,race|[AOD] Average Odds Difference,sex|[AOD] Average Odds Difference,race|[EOD] Equal Opportunity Difference,sex|[EOD] Equal Opportunity Difference,race|[SPD] Statistical Parity Difference,sex|[SPD] Statistical Parity Difference,race|[ERD] Error Rate Difference,sex|[ERD] Error Rate Difference,race|[A_AOD] Absolute Average Odds Difference,sex|[A_AOD] Absolute Average Odds Difference,race|[A_EOD] Absolute Equal Opportunity Difference,sex|[A_EOD] Absolute Equal Opportunity Difference,race|[A_SPD] Absolute Statistical Parity Difference,sex|[A_SPD] Absolute Statistical Parity Difference,race|[DI] Disparate Impact,sex|[DI] Disparate Impact,race|[DI_FM] Disparate Impact the way it was implemented in FairMask,sex|[DI_FM] Disparate Impact the way it was implemented in FairMask,race|[FR] Flip Rate,sex|[FR] Flip Rate,race|[SF] Statistical Parity Subgroup Fairness for One Attribute,sex|[SF] Statistical Parity Subgroup Fairness for One Attribute,race|[DF] Differential Fairness for One Attribute,sex|[DF] Differential Fairness for One Attribute,[SF] Statistical Parity Subgroup Fairness,[SF] Statistical Parity Subgroup Fairness if 0 was the positive label,[DF] Differential Fairness,[DF] Differential Fairness if 0 was the positive label,[MEOD] M Equal Opportunity Difference,[MAOD] M Average Odds Difference,id,TPR,FPR,FNR,TNR,MCC,acc * sf
Adult Dataset,,"['race', 'sex']",FYP VAE,"{'c': 'FYP', 'my model config': ""VAEMaskConfig(epochs=1500, latent_dim=30, mask_values=None vae_layers=(75, 60, 30, 30), lr=0.006, \nlosses_used=['Flipped ADV loss', 'Latent sens ADV loss', 'Reconstruction loss', 'KL divergence loss'])Flipped ADV loss: {'weight': 0.01, 'lr': 0.05, 'optimizer': 'Adam', 'layers': (75, 30, 10), 'input_dim': 25, 'sens_col_ids': [23, 24]}, Latent sens ADV loss: {'weight': 0.1, 'lr': 0.05, 'optimizer': 'Adam', 'layers': (75, 30, 10), 'input_dim': 28}, Reconstruction loss: {'weight': 15}, KL divergence loss: {'weight': 0.05}, Sensitive KL loss: {'weight': 9000, 'sens_col_ids': [23, 24]}, Pos Y vec loss: {'weight': 1200000}""}",3826.7359550561796,0.9163693111515914,0.49236580506066296,0.45596516183078967,0.4614651168256905,0.5918967792306414,0.9187086114234656,1.4408109004519585,0.5624638622558705,0.46945993612775133,0.9217451944022683,0.8992236861688004,0.915641347425479,0.9273740920950492,0.09613867651878312,-0.27312033438926275,1.175597220284469,-0.21327512004618052,0.11883224115012098,0.05552225753768418,1.5231654398326298,0.8104006234718913,1.310195905045554,0.373547023961461,1.9946708392505383,0.7785462933438955,0.17865280563093017,0.08535903413362904,1.7963950478496244,3.4708847404334637,0.13847934864330536,0.04184077911836194,inf,inf,0.17865277136273938,0.08535903726698384,0.17242240470856796,0.07498824574077237,0.10613981214100333,0.10613981214100333,0.12560683616448595,0.17262618148682407,0.7958397968586636,0.5905874917636749,5.011122584269662e+18,0.07104663076763534,0.07093796249079161,0.12192861389729281,0.6418727169438287,0.3666947615779775,-0.1401923204424748
Adult Dataset,,"['race', 'sex']",FYP VAE,"{'c': 'FYP', 'my model config': ""VAEMaskConfig(epochs=1500, latent_dim=30, mask_values=None vae_layers=(75, 60, 30, 30), lr=0.006, \nlosses_used=['Flipped ADV loss', 'Pos Y vec loss', 'Reconstruction loss', 'KL divergence loss'])Flipped ADV loss: {'weight': 0.01, 'lr': 0.05, 'optimizer': 'Adam', 'layers': (75, 30, 10), 'input_dim': 25, 'sens_col_ids': [23, 24]}, Pos Y vec loss: {'weight': 1200000}, Reconstruction loss: {'weight': 15}, KL divergence loss: {'weight': 0.05}, Latent sens ADV loss: {'weight': 0.1, 'lr': 0.05, 'optimizer': 'Adam', 'layers': (75, 30, 10), 'input_dim': 28}, Sensitive KL loss: {'weight': 9000, 'sens_col_ids': [23, 24]}""}",3827.9226519337017,0.9390935595356359,0.8468695814390441,0.7195131496244495,0.7643422810111403,0.856325650669581,1.3259146610317887,2.1562775495904236,0.8161681565639124,0.6812797567609938,0.9236506359588467,0.8837584466965515,0.9420785789154518,0.9721573359766208,0.3332838542947349,-0.4251576523000242,1.375147117410026,-5.4057617099304425,0.23795880607067812,0.1083960434290066,0.8595019072093869,0.4152254760177359,1.5783140240306057,0.5930958659572458,2.543471955760843,6.283709089207714,0.2751232223445499,0.1366206816668579,1.640138831662971,3.3128247573112084,0.22755118183042186,0.07120457839927859,inf,inf,0.275123221724826,0.13662068700096647,0.2836129896350079,0.1297921741902302,0.16858378084312287,0.16858378084312287,0.2089010259673618,0.24831758833111714,1.1070798970102624,0.8167071452294918,5.03509591160221e+18,0.11143868624589136,0.09255203835631859,0.12827789534227052,0.6677313800555196,0.36958919721151806,-0.2951766387696184
Adult Dataset,,"['race', 'sex']",FYP VAE,"{'c': 'FYP', 'my model config': ""VAEMaskConfig(epochs=1500, latent_dim=30, mask_values=None vae_layers=(75, 60, 30, 30), lr=0.006, \nlosses_used=['Flipped ADV loss', 'Reconstruction loss', 'KL divergence loss'])Flipped ADV loss: {'weight': 0.01, 'lr': 0.05, 'optimizer': 'Adam', 'layers': (75, 30, 10), 'input_dim': 25, 'sens_col_ids': [23, 24]}, Reconstruction loss: {'weight': 15}, KL divergence loss: {'weight': 0.05}, Latent sens ADV loss: {'weight': 0.1, 'lr': 0.05, 'optimizer': 'Adam', 'layers': (75, 30, 10), 'input_dim': 28}, Sensitive KL loss: {'weight': 9000, 'sens_col_ids': [23, 24]}, Pos Y vec loss: {'weight': 1200000}""}",3810.622950819672,0.9405777577941231,0.7863796519181088,0.649943098015306,0.6939772709016995,0.7691465385568306,1.208978573042089,1.8900800565466513,0.7313184977168711,0.6181197133180599,0.9274647446140837,0.8995227323936417,0.9431420139877906,0.9652750385071689,0.2694046922380499,-0.3421192037058039,0.5339101941762452,-2.834817919776405,0.19198634110135368,0.12367904109183188,0.9296204066757552,0.5607355797459203,1.4010697438023108,0.4367704798370085,1.68146157541219,3.248546962855906,0.22971007644294522,0.15694302193204251,1.698595909700539,3.3289575862025056,0.1973450752544784,0.08782097154595551,inf,inf,0.2297101076496127,0.15694302304258828,0.2517462324179272,0.15244574983151446,0.17664016247509812,0.17664016247509812,0.20225904290474409,0.23654014042293942,0.9481448295117697,0.6876571261478377,5.014811857923497e+18,0.10033035196287793,0.08056292375843356,0.13067641872308852,0.67227912022334,0.3691037419328006,-0.3149572939391739
Adult Dataset,,"['race', 'sex']",FYP VAE,"{'c': 'FYP', 'my model config': ""VAEMaskConfig(epochs=1500, latent_dim=30, mask_values=None vae_layers=(75, 60, 30, 30), lr=0.006, \nlosses_used=['Flipped ADV loss', 'Sensitive KL loss', 'Reconstruction loss', 'KL divergence loss'])Flipped ADV loss: {'weight': 0.01, 'lr': 0.05, 'optimizer': 'Adam', 'layers': (75, 30, 10), 'input_dim': 25, 'sens_col_ids': [23, 24]}, Sensitive KL loss: {'weight': 9000, 'sens_col_ids': [23, 24]}, Reconstruction loss: {'weight': 15}, KL divergence loss: {'weight': 0.05}, Latent sens ADV loss: {'weight': 0.1, 'lr': 0.05, 'optimizer': 'Adam', 'layers': (75, 30, 10), 'input_dim': 28}, Pos Y vec loss: {'weight': 1200000}""}",3810.8379888268155,0.9330242731073557,0.7643021771763008,0.6401644577470428,0.685267164461949,0.7775344430172614,1.236271067388833,1.979161361791415,0.7378114194467025,0.615455170384347,0.9212013793545037,0.877235117225735,0.9353599900125684,0.9664168171894278,-0.06054077663516083,-0.196443301095879,1.0641721954282177,4.134944590893855,0.1542526499496662,0.08415677354895015,0.9700241640457272,0.4150296000493864,1.4011340443221876,0.49468920438986647,2.2717121440436463,5.148572085454238,0.22160829731074078,0.1169463898694359,1.7307440414702402,3.36700524199756,0.18692184352983476,0.05948726480881061,inf,inf,0.22160826211992385,0.11694638930219418,0.23629961750523829,0.10874696016437455,0.14029635934232687,0.14029635934232687,0.17032814254936987,0.2075401567354265,1.1238022757909119,0.7341909618773002,5.01985938547486e+18,0.09889142940261031,0.08497383377057405,0.131714431228003,0.6676033607963873,0.35514480757086464,-0.22302852248679467
Adult Dataset,,"['race', 'sex']",FYP VAE,"{'c': 'FYP', 'my model config': ""VAEMaskConfig(epochs=1500, latent_dim=30, mask_values=None vae_layers=(75, 60, 30, 30), lr=0.006, \nlosses_used=['Latent sens ADV loss', 'Pos Y vec loss', 'Reconstruction loss', 'KL divergence loss'])Latent sens ADV loss: {'weight': 0.1, 'lr': 0.05, 'optimizer': 'Adam', 'layers': (75, 30, 10), 'input_dim': 28}, Pos Y vec loss: {'weight': 1200000}, Reconstruction loss: {'weight': 15}, KL divergence loss: {'weight': 0.05}, Flipped ADV loss: {'weight': 0.01, 'lr': 0.05, 'optimizer': 'Adam', 'layers': (75, 30, 10), 'input_dim': 25, 'sens_col_ids': [23, 24]}, Sensitive KL loss: {'weight': 9000, 'sens_col_ids': [23, 24]}""}",3829.9226519337017,0.9362199136950115,0.8356443409075719,0.7188035506574268,0.7587854254258606,0.8682054697152721,1.4224915639987403,2.3497084444918883,0.8204256833559695,0.6685873052543995,0.9119933404376116,0.8787716503710707,0.9408400754503062,0.9706555237150633,-0.16444697941779995,-0.7477142977012546,0.3176261017133634,-4.122814542235512,0.1221807456543531,0.01615645308867045,0.7046148363303109,0.3835953719504251,1.5008176208094954,0.8798686636877713,1.8376803385138276,4.924777488517341,0.22989162708772376,0.11831919179762422,1.7498919495461653,3.648359431470487,0.18732270335125073,0.056127918991240616,inf,inf,0.22989164002730678,0.11831918669797502,0.24020442161370054,0.10798733155154541,0.14046004107588456,0.14046004107588456,0.21288965834889645,0.2729242379110207,1.3773201487129252,1.0546124665642596,5.03509591160221e+18,0.1113470858342538,0.09491329342541469,0.1283694956346141,0.6653701251057174,0.3636430663827099,-0.22399544279167038
Adult Dataset,,"['race', 'sex']",FYP VAE,"{'c': 'FYP', 'my model config': ""VAEMaskConfig(epochs=1500, latent_dim=30, mask_values=None vae_layers=(75, 60, 30, 30), lr=0.006, \nlosses_used=['Latent sens ADV loss', 'Reconstruction loss', 'KL divergence loss'])Latent sens ADV loss: {'weight': 0.1, 'lr': 0.05, 'optimizer': 'Adam', 'layers': (75, 30, 10), 'input_dim': 28}, Reconstruction loss: {'weight': 15}, KL divergence loss: {'weight': 0.05}, Flipped ADV loss: {'weight': 0.01, 'lr': 0.05, 'optimizer': 'Adam', 'layers': (75, 30, 10), 'input_dim': 25, 'sens_col_ids': [23, 24]}, Sensitive KL loss: {'weight': 9000, 'sens_col_ids': [23, 24]}, Pos Y vec loss: {'weight': 1200000}""}",3818.0489130434785,0.932813458412411,0.6122671378730962,0.5105041213440219,0.5433062201324788,0.6171867426597042,0.9927151909583564,1.6319767690304976,0.5851064827261512,0.48148032125736884,0.9310838901713516,0.9039217138562338,0.9332440630256241,0.9503577437004983,0.024298978766080583,-0.3922347016707768,0.43979237391678366,-1.497213468699019,0.11267013098636082,0.03794070651136487,0.9958479172733281,0.6836478075573971,1.122325302473681,0.5065201051469393,1.8476199306306111,1.8890870774851356,0.19546131144181753,0.08567189778384353,1.7813665566892305,3.6395957273689747,0.16309320556902693,0.04147264136726753,inf,inf,0.19546130524818187,0.08567189919385103,0.2047573167223545,0.07978554006153525,0.10726700531481537,0.10726700531481537,0.14078325148684823,0.17141843732229425,0.8477827627472877,0.597365345008271,4.999990489130435e+18,0.07830792541714185,0.06522406589807554,0.13205770346958967,0.6708535920378731,0.3589609549163855,-0.1412505245353677
Adult Dataset,,"['race', 'sex']",FYP VAE,"{'c': 'FYP', 'my model config': ""VAEMaskConfig(epochs=1500, latent_dim=30, mask_values=None vae_layers=(75, 60, 30, 30), lr=0.006, \nlosses_used=['Pos Y vec loss', 'Reconstruction loss', 'KL divergence loss'])Pos Y vec loss: {'weight': 1200000}, Reconstruction loss: {'weight': 15}, KL divergence loss: {'weight': 0.05}, Latent sens ADV loss: {'weight': 0.1, 'lr': 0.05, 'optimizer': 'Adam', 'layers': (75, 30, 10), 'input_dim': 28}, Flipped ADV loss: {'weight': 0.01, 'lr': 0.05, 'optimizer': 'Adam', 'layers': (75, 30, 10), 'input_dim': 25, 'sens_col_ids': [23, 24]}, Sensitive KL loss: {'weight': 9000, 'sens_col_ids': [23, 24]}""}",3839.3802083333335,0.9334125135759422,0.8333270701903147,0.6726797717299164,0.7145509067701931,0.8145187329053393,1.2591843148343729,2.097975636995732,0.7766606603328636,0.6439332231207967,0.922121282502204,0.8811798193785582,0.9356678034377234,0.9648070425663046,0.14924692331659054,-0.37457656692961483,0.6485417097727244,4.060922958289035,0.23409874890076088,0.08816073660810764,0.8570203843412095,0.4371587492582494,1.3631798341645565,0.5164473169204243,1.9190830778336174,5.461451979521684,0.28871908433718574,0.14463883214327647,1.6500352385319925,3.5979372661020803,0.2625956351310595,0.07827767946801602,inf,inf,0.2887190722310891,0.14463884598446403,0.32365710162331707,0.14675495042628886,0.17429294004308918,0.17429294004308918,0.243517175180454,0.27011633635105514,0.9438237814259055,0.6863838162801819,4.977144458333334e+18,0.10350623017732989,0.08990091854142011,0.13610636455168135,0.6694738838566956,0.3462401208688635,-0.3068485585871415
Adult Dataset,,"['race', 'sex']",FYP VAE,"{'c': 'FYP', 'my model config': ""VAEMaskConfig(epochs=1500, latent_dim=30, mask_values=None vae_layers=(75, 60, 30, 30), lr=0.006, \nlosses_used=['Reconstruction loss', 'KL divergence loss'])Reconstruction loss: {'weight': 15}, KL divergence loss: {'weight': 0.05}, Latent sens ADV loss: {'weight': 0.1, 'lr': 0.05, 'optimizer': 'Adam', 'layers': (75, 30, 10), 'input_dim': 28}, Flipped ADV loss: {'weight': 0.01, 'lr': 0.05, 'optimizer': 'Adam', 'layers': (75, 30, 10), 'input_dim': 25, 'sens_col_ids': [23, 24]}, Sensitive KL loss: {'weight': 9000, 'sens_col_ids': [23, 24]}, Pos Y vec loss: {'weight': 1200000}""}",3858.405128205128,0.935883102383098,0.8401347123316848,0.684643213479506,0.7263510629119916,0.8240453442169454,1.2979582368892466,2.1595198688652517,0.7834655419154533,0.6483344297184483,0.9227043410608985,0.8817137084114706,0.9384529852486863,0.9683241383739569,-0.023056521440098218,-0.4029254176167259,1.4498328361186754,-0.10516950234658384,0.19719988877530792,0.07783109073708669,0.7730318842999949,0.4232763296035943,1.2883182628230367,0.5998419430618023,2.8704788210311114,1.3420247955667401,0.26953231459923355,0.13561184309046673,1.6688025347866091,3.636185212846451,0.2389487527696642,0.07087231001787543,inf,inf,0.26953237441582684,0.13561185687855823,0.295866980063998,0.13511047356601774,0.1609014701872861,0.1609014701872861,0.22464995899762075,0.25269048044368253,1.0156952948080735,0.7537318277352165,4.974874389743589e+18,0.10436535115626362,0.08901222613091588,0.13575651648052361,0.6708659062322968,0.3499189009940003,-0.2742081439554241
Adult Dataset,,"['race', 'sex']",FYP VAE,"{'c': 'FYP', 'my model config': ""VAEMaskConfig(epochs=1500, latent_dim=30, mask_values=None vae_layers=(75, 60, 30, 30), lr=0.006, \nlosses_used=['Sensitive KL loss', 'Latent sens ADV loss', 'Reconstruction loss', 'KL divergence loss'])Sensitive KL loss: {'weight': 9000, 'sens_col_ids': [23, 24]}, Latent sens ADV loss: {'weight': 0.1, 'lr': 0.05, 'optimizer': 'Adam', 'layers': (75, 30, 10), 'input_dim': 28}, Reconstruction loss: {'weight': 15}, KL divergence loss: {'weight': 0.05}, Flipped ADV loss: {'weight': 0.01, 'lr': 0.05, 'optimizer': 'Adam', 'layers': (75, 30, 10), 'input_dim': 25, 'sens_col_ids': [23, 24]}, Pos Y vec loss: {'weight': 1200000}""}",3847.35593220339,0.921447366450798,0.7897610497654364,0.6694987027369584,0.711001395546619,0.8545792619386466,1.3994806810016132,2.2495752235158655,0.8076166710510122,0.6657411377723874,0.9014329809579208,0.8389025857676202,0.9252814562622488,0.9703615467930027,0.23317360542689472,0.10500845947155016,1.4830367732163936,0.6513747315602684,0.12573141973179583,0.04780025647858558,0.6785366866029985,0.10661761297987914,1.758826818557757,0.4878840214071173,2.54233735876674,2.24518959020176,0.2304131983843402,0.09821464233794604,1.773196550034685,3.582087287018847,0.1884691107261924,0.05079872646633493,inf,inf,0.2304132100038606,0.09821463721731424,0.2416996574128507,0.09737494950248746,0.12559667203931474,0.12559667203931474,0.18346233639226012,0.22453576257152788,1.261767433634911,0.7161953285919571,5.01258220338983e+18,0.10464380064744401,0.100184045132217,0.13513527541273013,0.6600368788076089,0.325725623253113,-0.18427686158556403
Adult Dataset,,"['race', 'sex']",FYP VAE,"{'c': 'FYP', 'my model config': ""VAEMaskConfig(epochs=1500, latent_dim=30, mask_values=None vae_layers=(75, 60, 30, 30), lr=0.006, \nlosses_used=['Sensitive KL loss', 'Pos Y vec loss', 'Reconstruction loss', 'KL divergence loss'])Sensitive KL loss: {'weight': 9000, 'sens_col_ids': [23, 24]}, Pos Y vec loss: {'weight': 1200000}, Reconstruction loss: {'weight': 15}, KL divergence loss: {'weight': 0.05}, Latent sens ADV loss: {'weight': 0.1, 'lr': 0.05, 'optimizer': 'Adam', 'layers': (75, 30, 10), 'input_dim': 28}, Flipped ADV loss: {'weight': 0.01, 'lr': 0.05, 'optimizer': 'Adam', 'layers': (75, 30, 10), 'input_dim': 25, 'sens_col_ids': [23, 24]}""}",3828.9226519337017,0.9380795997559054,0.8442813898088185,0.7164615030845691,0.7597510677596782,0.8544579681375543,1.3696493478364014,2.226583977349184,0.8104292126735402,0.6716356703307247,0.9205162939628052,0.8838893062968771,0.9414433631142491,0.9705048133961183,0.22979598297086792,-0.5639395200862612,1.3597496459183935,-4.956190220186271,0.181346745758288,0.07545768297154876,0.8256538942264235,0.4323381562807362,1.8681060711631365,0.6982587251853383,2.4215030720378,5.477654144594184,0.23795484946284856,0.12548981483763372,1.7124993612351975,3.4790563821880904,0.19337565393479417,0.0648354146006393,inf,inf,0.23795483792690156,0.12548981540398965,0.24912770986191288,0.11996464975912302,0.15023318773934097,0.15023318773934097,0.1959570287046511,0.23584705269317027,1.1901423794451123,0.8728530607210992,5.03509591160221e+18,0.11109603285498437,0.09300495151518139,0.1286205486524793,0.6672784669773549,0.3671762140691936,-0.24842356358472065
Adult Dataset,,"['race', 'sex']",FYP VAE,"{'c': 'FYP', 'my model config': ""VAEMaskConfig(epochs=1500, latent_dim=30, mask_values=None vae_layers=(75, 60, 30, 30), lr=0.006, \nlosses_used=['Sensitive KL loss', 'Reconstruction loss', 'KL divergence loss'])Sensitive KL loss: {'weight': 9000, 'sens_col_ids': [23, 24]}, Reconstruction loss: {'weight': 15}, KL divergence loss: {'weight': 0.05}, Latent sens ADV loss: {'weight': 0.1, 'lr': 0.05, 'optimizer': 'Adam', 'layers': (75, 30, 10), 'input_dim': 28}, Flipped ADV loss: {'weight': 0.01, 'lr': 0.05, 'optimizer': 'Adam', 'layers': (75, 30, 10), 'input_dim': 25, 'sens_col_ids': [23, 24]}, Pos Y vec loss: {'weight': 1200000}""}",3808.451612903226,0.929971258337942,0.8195530875994296,0.6811618977025459,0.7224326415198932,0.8392956845801807,1.341437202976384,2.1944271171050143,0.7962659844756298,0.6583898129822394,0.9153361800800638,0.8633567920200756,0.9328534373073738,0.9694309119916386,0.18352115891463605,-0.20204498231318024,0.16649083061100395,0.0854119286098297,0.17389530657054783,0.06875922265543949,0.9193963797850988,0.28032613334272405,1.6047142690432161,0.5618289297404778,1.6551542196504985,1.4856788875477922,0.2565827585900073,0.11335326956646859,1.7126600773663623,3.637339811721176,0.22363319124053302,0.05646850040938778,inf,inf,0.2565828423341591,0.11335326354773123,0.2807357287391666,0.11211214340458175,0.1432202419388738,0.1432202419388738,0.19249495527290816,0.22573271690180102,1.1447147641762276,0.7429252705305721,4.997697419354839e+18,0.10535125337962156,0.09425026658274403,0.13452745265858182,0.6658710273790526,0.34158728945356615,-0.22969631428370432
Adult Dataset,,"['race', 'sex']",FairBalance Bias Mitigation,{},3854.5485436893205,0.974157648578183,0.8505281910878072,1.4907045146295559,1.1033781182479199,1.9398263706722727,2.3472401892316843,3.253277401773452,1.9071241794610965,1.8079909467753559,0.961566859143212,0.9619376566085309,0.9765681060019608,0.9816217917293898,0.9369791522783775,0.9594943308818007,-0.8792176809532442,3.5848249211392065,1.5081595613862189,1.4283064064382356,0.9523489928802263,0.8712454796214218,1.7374785736570968,0.9786882363900874,2.520057072015582,3.876618303805771,1.5081595613862189,1.4283064064382356,1.2520725544502362,1.6744468572077797,0.702384499630333,0.5806032453389618,1.5573738284282475,3.712331855167741,1.508159564474049,1.4283064052465395,0.7388999606617599,0.6938161647469161,1.4211903493696936,1.4211903493696936,0.6768333304181556,1.8125831368713834,0.8707144693810794,0.9564858941247211,5.013498330097087e+18,0.18346742342566014,0.13766614698696122,0.056577170611761374,0.6222892589756173,0.5375436638986308,-3.4790110738132003
Adult Dataset,,"['race', 'sex']",FairMask Bias Mitigation,{},3855.5485436893205,0.9986095996559852,0.9960635925565771,1.0021681390630177,0.9986921532042389,1.0063387317164336,1.1457049997229252,1.0507778113454758,0.9952989368850268,1.0015271715741279,0.9926985102458576,0.9967113084006375,0.999758558482417,0.9997354077513365,0.6755504273445183,1.01001578909876,1.2127608181473264,3.655004729384434,0.8550314073962999,0.9878216800863824,0.9873665388546266,0.9804727412007771,0.8688694162046283,1.01001578909876,1.5896297550400462,3.656828355643341,0.8550314073962999,0.9878216800863824,1.1514834484845793,1.0492255805615094,0.7758222862498335,0.9523229005852244,0.0,0.0,0.855031407522409,0.9878216800540657,0.8189338763223982,0.9719782367202806,0.9570692093920495,0.9570692093920495,0.9014991615331893,0.9602684402060324,0.9928467641538878,0.9291740307736035,5.013498330097087e+18,0.1417350530890197,0.07515254672165989,0.09830954090271164,0.6848028592866087,0.5225216191453402,-2.3560163838194232
Adult Dataset,,"['race', 'sex']",No Bias Mitigation,{},3856.5485436893205,1.0,1.0,1.0,1.0,1.0,1.0,1.0,1.0,1.0,1.0,1.0,1.0,1.0,1.0,1.0,1.0,1.0,1.0,1.0,1.0,1.0,1.0,1.0,1.0,1.0,1.0,1.0,1.0,1.0,1.0,1.0,1.0,1.0,1.0,1.0,1.0,1.0,1.0,1.0,1.0,1.0,1.0,1.0,5.013498330097087e+18,0.14133561468124567,0.07362931519254073,0.09870897932472317,0.6863260908014904,0.5237700320490248,-2.4699999999999998
Adult Dataset,,"['race', 'sex']",Reweighing Bias Mitigation,{},3867.7156862745096,1.0031156238299082,1.0288230377569656,0.9246030761322382,0.9692869268808157,0.9012100091435384,1.1142997906100294,1.3447185666406214,0.8831948224172507,0.8451344566625008,0.9916530446098516,0.9904388929659449,1.0053113954676651,1.0109090887370158,0.645993510074759,0.14197260641164944,0.8004294613126941,-1.642664687283285,0.6312128336452076,0.669274125161114,0.935986397405642,0.9026772806998221,1.5479863669156828,0.6569341217206238,2.298943768025077,2.3805497186818894,0.6362918932808351,0.669274125161114,1.2705016139906593,1.6189076474079864,0.6183215750805071,0.5680876009355775,1.0410941168452217,3.6348439476911714,0.6362918934128945,0.6692741250215465,0.6663256486030126,0.67906636075283,0.651387247311578,0.651387247311578,0.6958226885829253,0.6843862028815594,0.980996945954835,0.7645583729617075,5.013800715686275e+18,0.13152967667683144,0.06144533345061953,0.1085866338685821,0.6984383560039669,0.5125454624051302,-1.5663626156848602
Compas Dataset,,"['race', 'sex']",FYP VAE,"{'c': 'FYP', 'my model config': ""VAEMaskConfig(epochs=1800, latent_dim=17, mask_values=None vae_layers=(100, 75, 50), lr=0.006, \nlosses_used=['Flipped ADV loss', 'Latent sens ADV loss', 'Reconstruction loss', 'KL divergence loss'])Flipped ADV loss: {'weight': 0.01, 'lr': 0.05, 'optimizer': 'Adam', 'layers': (75, 30, 10), 'input_dim': 10, 'sens_col_ids': [8, 7]}, Latent sens ADV loss: {'weight': 0.1, 'lr': 0.05, 'optimizer': 'Adam', 'layers': (75, 30, 10), 'input_dim': 15}, Reconstruction loss: {'weight': 15}, KL divergence loss: {'weight': 0.05}, Sensitive KL loss: {'weight': 9000, 'sens_col_ids': [8, 7]}, Pos Y vec loss: {'weight': 1200000}""}",4202.5,0.9867476964545792,0.9851124066477422,1.0058085173817164,0.9938691720014934,1.0222717891999065,1.090720941183065,0.8897309102412808,0.9218358159125748,1.0636701500475478,0.9821371599424349,0.9750161118479458,0.9961859369633121,0.9901528129589169,0.37277571883384325,0.07282894412225234,-0.05473580728512726,-0.17128886762571122,0.2616945262361102,0.24965883238939532,0.9350894862228447,0.19712565402948237,0.6125226238938031,0.36990732715383484,0.7670090677658224,0.7210076834746173,0.41884005422573556,0.37636894323028997,1.1865539764446782,0.8385504492652505,0.39571150271607464,0.41659543495785467,inf,inf,0.4188400401422385,0.3763689603179234,0.42019947570371774,0.3876587346437599,0.4043453536679194,0.4043453536679194,0.5413885040184775,0.4862782356973153,0.6616559986715377,0.5356314975997892,4.804522925000001e+18,0.4209765547584764,0.21992847208080932,0.13037949531736978,0.22871547784334453,0.2877746152552899,-0.9106368353762151
Compas Dataset,,"['race', 'sex']",FYP VAE,"{'c': 'FYP', 'my model config': ""VAEMaskConfig(epochs=1800, latent_dim=17, mask_values=None vae_layers=(100, 75, 50), lr=0.006, \nlosses_used=['Flipped ADV loss', 'Pos Y vec loss', 'Reconstruction loss', 'KL divergence loss'])Flipped ADV loss: {'weight': 0.01, 'lr': 0.05, 'optimizer': 'Adam', 'layers': (75, 30, 10), 'input_dim': 10, 'sens_col_ids': [8, 7]}, Pos Y vec loss: {'weight': 1200000}, Reconstruction loss: {'weight': 15}, KL divergence loss: {'weight': 0.05}, Latent sens ADV loss: {'weight': 0.1, 'lr': 0.05, 'optimizer': 'Adam', 'layers': (75, 30, 10), 'input_dim': 15}, Sensitive KL loss: {'weight': 9000, 'sens_col_ids': [8, 7]}""}",4204.5,0.9865386940796926,0.9854956602921724,1.0038061478600189,0.9930730657167682,1.0198277743626436,1.08678628154233,0.8932369171096791,0.9215862101784006,1.0595456250544897,0.9823123670379204,0.9755444133106005,0.9951719494917766,0.9896364638113005,0.2308400584771823,0.18749859845021874,-0.07605014798524408,-0.09583910016604286,0.30258310415119954,0.25777041170947623,0.588380725595126,0.36893051957012596,0.5255611304728256,0.4679844123765015,0.6636099925652666,0.757846521867784,0.4204269483400891,0.40433959091369776,1.1817442832703393,0.845196464819341,0.3977027728897471,0.4427461601374257,inf,inf,0.4204269394446275,0.40433958776411577,0.42406185589917117,0.41544748324161124,0.4065037557732066,0.4065037557732066,0.5228813808405612,0.4729040492391224,0.5988208080410808,0.5128195151781576,4.804522925000001e+18,0.42025630835790523,0.21932743890280904,0.13109974169856314,0.22931651104072256,0.28779321654704987,-0.9165888537072693
Compas Dataset,,"['race', 'sex']",FYP VAE,"{'c': 'FYP', 'my model config': ""VAEMaskConfig(epochs=1800, latent_dim=17, mask_values=None vae_layers=(100, 75, 50), lr=0.006, \nlosses_used=['Flipped ADV loss', 'Reconstruction loss', 'KL divergence loss'])Flipped ADV loss: {'weight': 0.01, 'lr': 0.05, 'optimizer': 'Adam', 'layers': (75, 30, 10), 'input_dim': 10, 'sens_col_ids': [8, 7]}, Reconstruction loss: {'weight': 15}, KL divergence loss: {'weight': 0.05}, Latent sens ADV loss: {'weight': 0.1, 'lr': 0.05, 'optimizer': 'Adam', 'layers': (75, 30, 10), 'input_dim': 15}, Sensitive KL loss: {'weight': 9000, 'sens_col_ids': [8, 7]}, Pos Y vec loss: {'weight': 1200000}""}",4207.5,0.9872931990320684,0.9858300836565462,1.0053644967710715,0.9940340957522539,1.0210900198894484,1.0886654868307624,0.8902994152135003,0.9222235362378446,1.0620216265574516,0.9830507396678706,0.9732718805130336,0.9959122790018906,0.9912788497438452,0.28773534192078287,0.08570572032893152,0.400583075162587,-0.2375297962550786,0.28803323843555034,0.2631494787163728,-0.62675358565278,-0.3207955042203081,0.547056973602764,0.35282350536272283,1.1097180221758727,0.7723811984440924,0.41229729459820974,0.35449002421865417,1.1832077293634824,0.8402065716387875,0.3912490155235525,0.390277192811731,inf,inf,0.4122972905978092,0.35449002437737615,0.41496234107675456,0.36394276548449556,0.39476832123442335,0.39476832123442335,0.49637854477337817,0.45551929722765144,0.6155139389371431,0.4928487227925339,4.804522925000001e+18,0.42085237429925143,0.21948638985074861,0.13050367571884333,0.22915756013115665,0.2885730903561432,-0.8873066809651537
Compas Dataset,,"['race', 'sex']",FYP VAE,"{'c': 'FYP', 'my model config': ""VAEMaskConfig(epochs=1800, latent_dim=17, mask_values=None vae_layers=(100, 75, 50), lr=0.006, \nlosses_used=['Flipped ADV loss', 'Sensitive KL loss', 'Reconstruction loss', 'KL divergence loss'])Flipped ADV loss: {'weight': 0.01, 'lr': 0.05, 'optimizer': 'Adam', 'layers': (75, 30, 10), 'input_dim': 10, 'sens_col_ids': [8, 7]}, Sensitive KL loss: {'weight': 9000, 'sens_col_ids': [8, 7]}, Reconstruction loss: {'weight': 15}, KL divergence loss: {'weight': 0.05}, Latent sens ADV loss: {'weight': 0.1, 'lr': 0.05, 'optimizer': 'Adam', 'layers': (75, 30, 10), 'input_dim': 15}, Pos Y vec loss: {'weight': 1200000}""}",4203.5,0.9868415821062527,0.9869110973146251,1.0007025116852002,0.9923708610184416,1.015310252752142,1.0854684772839807,0.8712202993968511,0.9125406463259684,1.0603082621802646,0.9808676452227619,0.9744491513929392,0.9988676608489054,0.9903090655838629,0.26566483903176785,-0.02104572587508759,0.4185392849010081,-0.2470493972021162,0.25999216849631124,0.15518065240803636,-0.21579381085457847,1.181771201796354,0.5167351399629794,0.4005845132051907,1.0490708808471727,0.7433714325376015,0.3910193397185311,0.3360085409209183,1.192370334108445,0.8239899770818706,0.3705843664763574,0.3822837056933774,inf,inf,0.39101933156142643,0.33600854295497595,0.3953812609534291,0.35174805127936853,0.3448045230645742,0.3448045230645742,0.4758066317942543,0.4152481867009181,0.6150820670197761,0.4809502300596969,4.804522925000001e+18,0.41892012718116184,0.2178372739974096,0.132435922928153,0.23080667589327558,0.2883617965208857,-0.7586045310121708
Compas Dataset,,"['race', 'sex']",FYP VAE,"{'c': 'FYP', 'my model config': ""VAEMaskConfig(epochs=1800, latent_dim=17, mask_values=None vae_layers=(100, 75, 50), lr=0.006, \nlosses_used=['Latent sens ADV loss', 'Pos Y vec loss', 'Reconstruction loss', 'KL divergence loss'])Latent sens ADV loss: {'weight': 0.1, 'lr': 0.05, 'optimizer': 'Adam', 'layers': (75, 30, 10), 'input_dim': 15}, Pos Y vec loss: {'weight': 1200000}, Reconstruction loss: {'weight': 15}, KL divergence loss: {'weight': 0.05}, Flipped ADV loss: {'weight': 0.01, 'lr': 0.05, 'optimizer': 'Adam', 'layers': (75, 30, 10), 'input_dim': 10, 'sens_col_ids': [8, 7]}, Sensitive KL loss: {'weight': 9000, 'sens_col_ids': [8, 7]}""}",4206.5,0.9881021180559256,0.9860278166505615,1.008552075865527,0.9955321630845357,1.0242609955656485,1.078464526688733,0.9034582312238703,0.9449666025464077,1.0621089843575682,0.9830108466966422,0.9791404984697339,0.9984001022740395,0.990660585018064,0.3838447165519524,0.07115575517937217,0.3505917001938579,-0.09590820638118971,0.4420118571639894,0.33035231527789394,1.6708856866277095,0.21487756090097193,0.4807178384761399,0.4450104982083335,0.8276157762006433,0.7644990806970864,0.5002883212406222,0.4089345059431903,1.1435375619244217,0.8527540572526124,0.47522536683281036,0.4420159989971863,inf,inf,0.5002883183046286,0.40893450488943284,0.4990893894100376,0.41651296612267286,0.46508886365925406,0.46508886365925406,0.5346440517176276,0.49804896410864163,0.6206190443009998,0.5244955894353232,4.804522925000001e+18,0.4220345718523146,0.2201420623905426,0.12932147825448634,0.22850188750265651,0.28953067882849165,-1.0696917024944308
Compas Dataset,,"['race', 'sex']",FYP VAE,"{'c': 'FYP', 'my model config': ""VAEMaskConfig(epochs=1800, latent_dim=17, mask_values=None vae_layers=(100, 75, 50), lr=0.006, \nlosses_used=['Latent sens ADV loss', 'Reconstruction loss', 'KL divergence loss'])Latent sens ADV loss: {'weight': 0.1, 'lr': 0.05, 'optimizer': 'Adam', 'layers': (75, 30, 10), 'input_dim': 15}, Reconstruction loss: {'weight': 15}, KL divergence loss: {'weight': 0.05}, Flipped ADV loss: {'weight': 0.01, 'lr': 0.05, 'optimizer': 'Adam', 'layers': (75, 30, 10), 'input_dim': 10, 'sens_col_ids': [8, 7]}, Sensitive KL loss: {'weight': 9000, 'sens_col_ids': [8, 7]}, Pos Y vec loss: {'weight': 1200000}""}",4208.5,0.9863673516119962,0.9860734291086259,1.002399658529295,0.9926420082033658,1.017993968975271,1.0870200440009787,0.8826269771709211,0.9167763521361664,1.0603024923750224,0.9826139560170776,0.9734671198658859,0.9940692233419719,0.989909953389193,0.3496257019736205,0.14491641134040287,-0.14596324490896795,-0.17735512992434538,0.2873118840905475,0.19121494765597358,1.1964759736578887,0.1731795472979069,0.5349052902623607,0.4516488185181917,0.6788343236674195,0.829577798138314,0.38518250254090386,0.38911324702647876,1.188831193498627,0.8344522673000244,0.365733338084947,0.43243153556173863,inf,inf,0.3851824758854918,0.3891132490868471,0.3881734865079697,0.40262965252219857,0.39090884331638354,0.39090884331638354,0.5287928890161193,0.47396443401458155,0.6602258052278254,0.5356967475403825,4.804522925000001e+18,0.419431750454723,0.21875620903456272,0.1319242996219914,0.2298877408887229,0.2873627939093744,-0.8777594817931456
Compas Dataset,,"['race', 'sex']",FYP VAE,"{'c': 'FYP', 'my model config': ""VAEMaskConfig(epochs=1800, latent_dim=17, mask_values=None vae_layers=(100, 75, 50), lr=0.006, \nlosses_used=['Pos Y vec loss', 'Reconstruction loss', 'KL divergence loss'])Pos Y vec loss: {'weight': 1200000}, Reconstruction loss: {'weight': 15}, KL divergence loss: {'weight': 0.05}, Latent sens ADV loss: {'weight': 0.1, 'lr': 0.05, 'optimizer': 'Adam', 'layers': (75, 30, 10), 'input_dim': 15}, Flipped ADV loss: {'weight': 0.01, 'lr': 0.05, 'optimizer': 'Adam', 'layers': (75, 30, 10), 'input_dim': 10, 'sens_col_ids': [8, 7]}, Sensitive KL loss: {'weight': 9000, 'sens_col_ids': [8, 7]}""}",4210.5,0.9878149319742237,0.9864068016185391,1.0052827761602738,0.9942259556554028,1.020502495209058,1.087030445784704,0.8941229505355344,0.9230626514013613,1.0600611767461496,0.9833903291413273,0.9753505402898193,0.9967796197022388,0.9913031759917723,0.2167694931182925,0.16497816768582205,0.443987156869009,-0.022853012096375247,0.2627195618196539,0.2940339154263211,0.09287297991008069,-0.21672771303306412,0.5162695227336191,0.43654906021621676,1.3050381862975569,0.6640911529662128,0.46690717963937556,0.38766094685969255,1.1801599714642292,0.8457204541076025,0.45232805952664434,0.4226528848889596,inf,inf,0.46690716907591595,0.3876609489801178,0.473010804729461,0.39736402444381413,0.39903804276052046,0.39903804276052046,0.5208155174250565,0.47416215590134214,0.6310274741028893,0.5193134797502962,4.804522925000001e+18,0.42081263658872914,0.21908404530769943,0.13054341346531845,0.229559904638253,0.28921042671934005,-0.9001741695638609
Compas Dataset,,"['race', 'sex']",FYP VAE,"{'c': 'FYP', 'my model config': ""VAEMaskConfig(epochs=1800, latent_dim=17, mask_values=None vae_layers=(100, 75, 50), lr=0.006, \nlosses_used=['Reconstruction loss', 'KL divergence loss'])Reconstruction loss: {'weight': 15}, KL divergence loss: {'weight': 0.05}, Latent sens ADV loss: {'weight': 0.1, 'lr': 0.05, 'optimizer': 'Adam', 'layers': (75, 30, 10), 'input_dim': 15}, Flipped ADV loss: {'weight': 0.01, 'lr': 0.05, 'optimizer': 'Adam', 'layers': (75, 30, 10), 'input_dim': 10, 'sens_col_ids': [8, 7]}, Sensitive KL loss: {'weight': 9000, 'sens_col_ids': [8, 7]}, Pos Y vec loss: {'weight': 1200000}""}",4211.5,0.9849960399016152,0.9833834296527694,1.00486917444752,0.9923994799355447,1.023151348130153,1.0925391716173927,0.8946341435822294,0.9213362445455705,1.0633090369216243,0.9800828370502218,0.9731565494138005,0.9949043039612769,0.9882796804089298,0.27964170527256477,0.12444494451470536,0.12409761988671296,-0.17157273714863122,0.2542603798938257,0.2723076801526156,1.1293288949126106,0.480385754062093,0.5434225981044699,0.3840686283535052,0.8152085673480407,0.6880276531700266,0.43554609940937056,0.38497980557472733,1.1891113679441716,0.8431314163523543,0.4152509161205774,0.41931213000110823,inf,inf,0.4355460980649484,0.3849798092753624,0.4405297020489461,0.3940454889377906,0.39591191905342515,0.39591191905342515,0.5240664580742228,0.47563736248422384,0.6395385991002613,0.5129559731218253,4.804522925000001e+18,0.42076296442710964,0.2208374726693189,0.13059308562911492,0.2278064772744565,0.28555847813142354,-0.8886395731770398
Compas Dataset,,"['race', 'sex']",FYP VAE,"{'c': 'FYP', 'my model config': ""VAEMaskConfig(epochs=1800, latent_dim=17, mask_values=None vae_layers=(100, 75, 50), lr=0.006, \nlosses_used=['Sensitive KL loss', 'Latent sens ADV loss', 'Reconstruction loss', 'KL divergence loss'])Sensitive KL loss: {'weight': 9000, 'sens_col_ids': [8, 7]}, Latent sens ADV loss: {'weight': 0.1, 'lr': 0.05, 'optimizer': 'Adam', 'layers': (75, 30, 10), 'input_dim': 15}, Reconstruction loss: {'weight': 15}, KL divergence loss: {'weight': 0.05}, Flipped ADV loss: {'weight': 0.01, 'lr': 0.05, 'optimizer': 'Adam', 'layers': (75, 30, 10), 'input_dim': 10, 'sens_col_ids': [8, 7]}, Pos Y vec loss: {'weight': 1200000}""}",4201.5,0.9872057113248685,0.9867100767087151,1.0027030823530143,0.9931784021841413,1.0176045260697713,1.0839717080846079,0.885507320063762,0.9206625094559618,1.0590095483327506,0.9828098813818414,0.9731747797442375,0.996034623802986,0.9910395895130849,0.2073487007885086,0.12779795685690717,0.6892345967322043,-0.26859561014772293,0.3246948821868082,0.26932154031706035,-0.336963692372844,0.23107485151693252,0.40811433878438186,0.3881164282747291,1.1767445576975737,0.777530454975907,0.42153883774007217,0.37395040987971623,1.1806191365864678,0.838519315787416,0.40489536366533346,0.4142155960147654,inf,inf,0.42153883348065185,0.37395041143221747,0.42549959511102886,0.38620100686142717,0.37776394353499243,0.37776394353499243,0.5031713781831254,0.4501463103789902,0.6082394184686096,0.4885974816345817,4.804522925000001e+18,0.4195708324871087,0.21831909397003416,0.13178521755132477,0.23032485599153232,0.28829943716574297,-0.8443940055272451
Compas Dataset,,"['race', 'sex']",FYP VAE,"{'c': 'FYP', 'my model config': ""VAEMaskConfig(epochs=1800, latent_dim=17, mask_values=None vae_layers=(100, 75, 50), lr=0.006, \nlosses_used=['Sensitive KL loss', 'Pos Y vec loss', 'Reconstruction loss', 'KL divergence loss'])Sensitive KL loss: {'weight': 9000, 'sens_col_ids': [8, 7]}, Pos Y vec loss: {'weight': 1200000}, Reconstruction loss: {'weight': 15}, KL divergence loss: {'weight': 0.05}, Latent sens ADV loss: {'weight': 0.1, 'lr': 0.05, 'optimizer': 'Adam', 'layers': (75, 30, 10), 'input_dim': 15}, Flipped ADV loss: {'weight': 0.01, 'lr': 0.05, 'optimizer': 'Adam', 'layers': (75, 30, 10), 'input_dim': 10, 'sens_col_ids': [8, 7]}""}",4205.5,0.9852959140993022,0.985185822853517,1.000868957477651,0.991484269901909,1.017214234297552,1.089607954495153,0.872899066690587,0.9107689828847222,1.0622366991395709,0.9799810965508104,0.9721083180835592,0.9961011943342659,0.9890626530807124,0.14186478423512194,0.03484684743056804,0.3420455830108808,-0.2972035726648731,0.1919149233941118,0.1522327387120984,0.7463486156586829,0.555696418486557,0.5345465845022278,0.4167673322085482,1.0092333552927741,0.8681925801245939,0.42812701222212773,0.33303278739924896,1.1993240007342678,0.8240964830932486,0.41480939355158625,0.3764708237433478,inf,inf,0.4281269986901585,0.33303278114766044,0.43570036690470476,0.34684367514095765,0.3408636016294575,0.3408636016294575,0.46878785229149417,0.41200835432797567,0.637310053786823,0.46234062170079926,4.804522925000001e+18,0.41905920922049894,0.21896483206878678,0.13229684085160046,0.22967911785911385,0.28626361803911865,-0.7464539478037953
Compas Dataset,,"['race', 'sex']",FYP VAE,"{'c': 'FYP', 'my model config': ""VAEMaskConfig(epochs=1800, latent_dim=17, mask_values=None vae_layers=(100, 75, 50), lr=0.006, \nlosses_used=['Sensitive KL loss', 'Reconstruction loss', 'KL divergence loss'])Sensitive KL loss: {'weight': 9000, 'sens_col_ids': [8, 7]}, Reconstruction loss: {'weight': 15}, KL divergence loss: {'weight': 0.05}, Latent sens ADV loss: {'weight': 0.1, 'lr': 0.05, 'optimizer': 'Adam', 'layers': (75, 30, 10), 'input_dim': 15}, Flipped ADV loss: {'weight': 0.01, 'lr': 0.05, 'optimizer': 'Adam', 'layers': (75, 30, 10), 'input_dim': 10, 'sens_col_ids': [8, 7]}, Pos Y vec loss: {'weight': 1200000}""}",4209.5,0.9867046854646535,0.9868520935368297,1.0004373310359362,0.9922029202744148,1.015163203083367,1.0857390195106358,0.8706990846501589,0.9113913079354644,1.0602778922595364,0.9824838054575774,0.9728637410679545,0.9952956928629011,0.9905702295438983,0.1640756331511263,0.005409313485890475,0.37688231073514644,-0.2630648905400846,0.29297076158814805,0.1650411338703505,-0.7889557057760329,0.2509030668906736,0.4111749600285374,0.3849569472247538,1.0859763758102818,0.7480187760514756,0.39031386717434413,0.3051401173440204,1.1941922851303515,0.8235298669777671,0.3732367477534004,0.34554437389160464,inf,inf,0.3903138656662694,0.3051401065749489,0.3985045643613254,0.31823869905312807,0.3281076504858253,0.3281076504858253,0.46761970109344975,0.4099793249195917,0.5871950626792365,0.4629482364095939,4.804522925000001e+18,0.41880588118378037,0.21781740510193393,0.13255016889721272,0.230826544817073,0.28794449000033606,-0.7155715103054251
Compas Dataset,,"['race', 'sex']",FairBalance Bias Mitigation,{},4213.5,0.9813009746149584,1.004942562354458,0.9330423544849464,0.9686973590836989,0.9305853672256674,0.9594243253305773,0.8578208842968715,0.8890360213687922,0.9539728204091376,0.9862194058444264,0.9663427023700795,0.9726526287751923,0.9852329006447141,0.6059284913680837,0.4613128042809137,0.328281966565048,0.3844243386977037,0.657796759876391,0.5342460806323193,2.6575641286395215,0.33951013377806966,0.7491277335468942,0.5806928788921263,1.1978961754351716,0.7905310361994009,0.7294685536929809,0.6003545191739902,1.0871883372487765,0.8992286855985253,0.772655725252941,0.6616183326571814,5.75408771844025,1.7553000453037078,0.7294685465631184,0.6003545215971448,0.7851863391029064,0.6451435656285768,0.6555266434252041,0.6555266434252041,0.7923675230243347,0.6199702607496558,0.845308762509886,0.7244536343107435,4.804522925000001e+18,0.39047287898136096,0.19320484800792476,0.16088317106970215,0.2554391019410121,0.2841981272113645,-1.5600891139680257
Compas Dataset,,"['race', 'sex']",FairMask Bias Mitigation,{},4214.5,0.9934016553166034,0.9961894453065603,0.9918810365003369,0.9935918471584072,0.996532927838064,0.995197180925435,0.9378139631079367,0.9994843830080027,1.015207657834619,0.9954260913438797,0.9883684406986469,0.9902608864198803,0.9948350311937262,0.9871793670165228,0.5936882729201287,0.9919120444908492,0.6192638470843465,1.061949529080378,0.653993801433106,2.0162970266988305,0.8398257610168163,1.2890368771845824,0.6493226166394199,1.4525898214041029,0.7440159843330874,1.0921899804818607,0.6966221191084913,0.9959621356557402,0.9251975949710994,1.1048753570654162,0.7323845103860518,0.0,0.0,1.0921899730735094,0.6966221232768673,1.0945141918432482,0.7119633097574182,0.8992033341331368,0.8992033341331368,0.8713289238865684,0.8069888756700359,0.8603800844430785,0.8541498492288138,4.804522925000001e+18,0.41539340353368936,0.20986489174131062,0.1359626465464535,0.23877905817854653,0.2975833732193612,-2.1978930187337378
Compas Dataset,,"['race', 'sex']",No Bias Mitigation,{},4215.5,1.0,1.0,1.0,1.0,1.0,1.0,1.0,1.0,1.0,1.0,1.0,1.0,1.0,1.0,1.0,1.0,1.0,1.0,1.0,1.0,1.0,1.0,1.0,1.0,1.0,1.0,1.0,1.0,1.0,1.0,1.0,1.0,1.0,1.0,1.0,1.0,1.0,1.0,1.0,1.0,1.0,1.0,1.0,4.804522925000001e+18,0.4190194715064291,0.20917444862928522,0.13233657858738992,0.23946950127689576,0.30622512191245405,-2.4699999999999998
Compas Dataset,,"['race', 'sex']",Reweighing Bias Mitigation,{},4212.5,0.9843799113333856,0.9867403427959586,0.9890246284678802,0.987498629978976,1.0031276028241494,1.0415348786925067,0.9262265705804599,0.9479005632206435,1.0279285674584304,0.986499702234106,0.9818286650687317,0.980871814989082,0.9851940544841221,0.6232065853423311,0.497011982680794,0.2870141328511622,0.4337878952479981,0.6424825839945874,0.6138505318830965,1.4628349413489765,0.802174041400645,0.7535733690066647,0.6145691567409819,1.2573997381569126,0.8128299641773836,0.7005032203854521,0.6573617920934434,1.1043770191596387,0.9044525003585018,0.6900478621552276,0.6840196870653811,5.511045732123151,1.7584812354170922,0.7005032120881811,0.6573617934874004,0.70696996734117,0.6689861830936296,0.6596483947429381,0.6596483947429381,0.7349988459559822,0.6835202236649703,0.8115678951920176,0.711977656992922,4.804522925000001e+18,0.4144297635768524,0.21508543612671904,0.1369262865220985,0.23355851377433007,0.28464884308365657,-1.5715444371910874
